DATE,T2M,T2M_MAX,T2M_MIN,RH2M,PRECTOTCORR,WS2M,ALLSKY_SFC_SW_DWN
20000101,22.41,28.81,17.17,78.66,0.07,2.59,16.91
20000102,22.45,29.49,16.51,76.61,0.05,2.35,19.53
20000103,23.03,28.94,17.93,77.27,0.0,2.2,9.98
20000104,22.54,27.43,18.77,77.18,0.0,2.11,19.81
20000105,23.42,28.1,19.71,83.22,0.01,2.43,16.89
20000106,23.47,26.86,21.15,86.59,3.14,2.55,13.16
20000107,23.4,28.07,20.39,81.57,1.86,3.23,10.78
20000108,23.68,29.46,19.92,79.68,0.14,3.6,11.6
20000109,23.36,28.21,20.22,84.19,2.39,3.31,10.98
20000110,23.97,28.47,21.24,86.77,2.68,2.8,15.07
20000111,24.62,30.23,20.92,83.3,0.5,2.85,8.74
20000112,25.11,30.82,20.82,79.98,2.01,2.11,16.76
20000113,24.9,31.54,20.22,78.17,0.25,2.05,20.33
20000114,24.85,31.73,19.5,74.84,0.0,1.5,19.82
20000115,25.48,31.31,21.42,74.91,0.0,1.29,12.24
20000116,24.04,27.53,21.27,77.86,0.0,1.89,18.24
20000117,24.14,30.43,19.33,77.42,0.0,2.63,19.62
20000118,24.16,31.59,19.23,74.82,0.0,3.0,22.06
20000119,23.86,31.79,17.91,74.36,0.0,2.5,21.69
20000120,24.04,32.5,17.6,70.77,0.0,1.64,21.3
20000121,23.62,32.25,17.3,63.5,0.0,1.46,22.29
20000122,22.49,31.18,15.39,70.17,0.0,1.65,21.83
20000123,22.59,31.85,14.74,66.32,0.0,1.38,22.28
20000124,23.79,32.36,16.97,63.95,0.0,1.7,21.59
20000125,24.29,32.31,18.68,69.61,0.0,2.21,21.35
20000126,23.81,31.43,18.27,70.05,0.0,2.72,20.03
20000127,23.61,31.81,16.53,68.95,0.0,2.65,18.3
20000128,24.86,32.48,18.34,70.21,0.0,2.96,18.94
20000129,25.69,32.84,20.38,70.76,0.0,2.68,18.35
20000130,25.21,33.28,19.71,67.18,0.0,2.5,21.13
20000131,24.4,32.61,18.96,67.72,0.0,2.49,21.1
20000201,23.25,32.31,15.91,64.7,0.0,1.97,22.83
20000202,24.54,32.79,16.68,70.95,0.0,1.95,17.07
20000203,25.62,31.98,21.05,78.51,5.81,2.96,17.02
20000204,25.85,31.64,22.2,80.91,7.0,2.52,14.2
20000205,26.46,33.44,22.06,75.95,0.71,1.95,19.66
20000206,25.82,31.78,21.91,79.79,10.69,1.71,19.75
20000207,26.12,31.93,22.59,77.9,1.06,1.39,19.33
20000208,26.42,31.93,22.35,74.36,0.47,1.77,20.1
20000209,26.52,32.96,22.49,72.15,0.07,1.47,18.8
20000210,27.03,33.72,22.04,69.76,0.0,1.73,21.17
20000211,26.73,33.23,21.91,70.26,1.22,1.53,21.32
20000212,26.77,33.5,21.8,67.71,0.21,1.79,21.39
20000213,26.29,33.72,20.7,63.45,0.58,1.7,23.91
20000214,25.41,33.19,19.34,68.84,0.86,2.02,22.6
20000215,26.17,33.61,20.22,67.99,0.0,2.82,17.81
20000216,26.69,34.12,21.4,65.16,0.0,2.83,22.51
20000217,26.05,34.83,20.01,63.72,0.0,2.02,23.22
20000218,26.66,35.73,19.44,60.69,0.0,1.34,24.75
20000219,27.63,36.14,20.3,57.38,0.0,1.29,23.17
20000220,27.71,34.43,22.32,63.81,0.0,1.5,22.26
20000221,27.81,34.32,22.53,63.56,0.02,1.53,21.08
20000222,27.36,33.49,22.5,65.54,0.0,1.68,17.84
20000223,27.16,33.13,23.16,71.7,1.54,1.56,22.26
20000224,25.6,29.52,23.06,83.06,11.31,1.78,14.78
20000225,25.84,30.47,22.7,80.48,5.1,1.3,18.19
20000226,26.13,30.89,22.69,79.51,7.73,1.75,22.3
20000227,26.91,33.11,22.84,74.66,4.32,2.19,20.92
20000228,26.72,32.33,22.92,75.87,5.04,3.46,11.27
20000229,26.87,34.81,21.67,65.83,0.05,3.38,24.35
20000301,26.48,35.18,19.02,62.19,0.0,2.6,24.83
20000302,26.4,35.41,18.42,61.95,0.0,1.97,25.28
20000303,27.07,36.24,20.12,57.45,0.0,1.76,25.44
20000304,26.79,35.55,20.13,57.48,0.0,1.43,24.1
20000305,25.76,34.95,17.82,57.13,0.0,1.68,24.73
20000306,26.52,35.88,18.57,53.49,0.0,1.56,20.89
20000307,27.28,35.17,20.98,57.85,0.02,1.44,24.7
20000308,28.88,36.41,23.04,59.16,0.0,1.31,24.62
20000309,29.43,36.4,23.73,60.81,0.0,1.41,21.57
20000310,30.09,37.93,23.78,56.09,0.0,1.62,22.26
20000311,29.6,37.2,23.39,58.45,0.0,1.56,22.38
20000312,29.64,37.18,22.99,57.11,0.0,1.49,21.46
20000313,30.38,38.35,24.0,53.52,0.0,1.74,24.51
20000314,30.08,37.33,23.76,56.94,0.0,1.72,23.06
20000315,30.72,37.54,25.01,52.07,0.0,1.59,23.46
20000316,30.64,37.92,24.5,51.53,0.0,1.68,24.07
20000317,30.22,37.04,24.95,52.37,0.0,1.82,24.59
20000318,29.94,37.68,24.6,52.16,0.0,1.93,25.34
20000319,29.66,38.11,22.99,49.54,0.0,1.86,25.4
20000320,29.56,38.11,22.95,45.47,0.0,1.98,24.44
20000321,29.48,38.3,21.96,49.53,0.0,2.13,25.11
20000322,28.97,37.72,21.65,54.93,0.0,2.44,23.37
20000323,29.3,36.52,23.18,59.83,0.0,2.49,23.2
20000324,27.52,32.11,24.62,67.25,4.94,2.12,16.5
20000325,28.73,36.6,22.71,57.38,0.44,1.91,25.68
20000326,29.47,37.42,22.54,56.87,0.0,2.06,25.18
20000327,29.8,37.77,22.93,54.15,0.0,2.51,19.84
20000328,29.39,36.69,23.09,53.46,0.0,2.58,23.85
20000329,29.96,38.37,23.07,55.52,2.97,2.68,24.94
20000330,29.42,37.04,22.97,52.94,0.0,2.2,25.6
20000331,30.5,39.94,22.4,46.04,0.46,1.84,25.39
20000401,30.05,36.63,23.09,49.94,1.32,1.49,14.87
20000402,30.65,37.65,24.63,55.27,0.42,1.31,21.56
20000403,30.54,35.56,25.74,56.32,0.11,1.24,22.82
20000404,30.22,35.4,25.92,56.06,0.09,2.03,22.78
20000405,29.69,35.69,25.57,53.24,0.03,1.78,20.65
20000406,28.91,34.92,24.25,62.15,4.15,1.66,18.98
20000407,27.83,32.46,24.07,71.45,5.67,1.4,20.64
20000408,28.61,34.61,24.09,66.31,0.61,1.66,24.87
20000409,30.39,39.29,23.29,53.88,0.0,1.66,23.47
20000410,31.31,40.67,23.64,47.85,0.0,2.11,25.17
20000411,31.03,39.15,24.08,48.28,0.01,2.13,25.31
20000412,30.69,38.26,24.51,53.46,0.02,1.66,25.11
20000413,32.14,40.21,24.29,47.67,0.0,2.16,25.09
20000414,33.3,40.98,25.78,45.29,0.38,1.35,24.83
20000415,34.1,41.59,27.31,41.89,0.23,1.83,25.05
20000416,33.4,41.74,26.41,42.66,0.33,1.95,23.81
20000417,32.27,40.29,25.48,48.7,0.03,2.25,22.74
20000418,31.58,38.58,25.56,52.23,0.04,2.27,23.07
20000419,29.14,34.71,25.09,65.82,6.14,2.14,20.9
20000420,30.14,37.24,24.26,62.37,1.32,1.82,19.51
20000421,30.86,37.6,25.42,57.29,1.18,1.81,20.95
20000422,31.5,38.02,25.95,53.87,0.05,2.14,22.47
20000423,32.37,40.13,25.56,47.85,0.42,1.82,23.37
20000424,30.42,35.65,26.39,57.75,7.88,2.09,21.68
20000425,30.6,37.05,25.33,57.46,0.01,2.29,24.9
20000426,32.66,41.03,24.94,47.95,0.02,2.16,25.6
20000427,33.17,41.59,26.23,47.31,0.0,2.01,25.38
20000428,33.64,42.64,25.47,44.3,0.0,1.81,24.89
20000429,34.29,41.85,27.25,43.55,0.0,1.39,24.93
20000430,33.73,40.36,28.16,47.4,0.63,1.33,24.58
20000501,33.16,39.64,27.81,48.86,0.22,1.65,23.42
20000502,32.31,37.85,28.1,49.64,0.0,1.66,23.02
20000503,29.92,35.73,25.81,56.22,5.65,1.98,24.12
20000504,30.73,37.15,24.55,56.37,0.02,1.48,24.19
20000505,32.03,38.97,25.88,51.69,0.02,1.68,23.38
20000506,31.63,38.17,25.92,51.49,0.32,2.09,22.18
20000507,30.97,37.11,26.92,53.09,1.47,1.51,23.19
20000508,31.61,38.63,24.85,48.04,0.14,1.59,22.23
20000509,31.75,37.21,27.21,50.59,0.0,1.87,20.4
20000510,31.39,36.2,26.86,54.02,2.18,1.12,20.91
20000511,30.14,36.06,26.38,62.99,6.53,1.09,22.8
20000512,30.32,37.28,25.48,62.85,0.21,1.71,24.95
20000513,30.78,37.63,25.36,55.04,0.0,2.72,24.42
20000514,32.06,39.6,25.14,46.64,0.0,1.85,24.86
20000515,31.52,37.34,26.52,48.25,0.04,2.1,24.59
20000516,32.84,40.46,25.83,45.39,0.29,2.0,24.14
20000517,31.69,38.89,26.34,48.96,1.09,3.01,23.83
20000518,32.13,40.45,25.95,45.12,0.02,3.28,23.7
20000519,31.48,38.96,25.97,49.21,0.05,3.84,24.29
20000520,31.82,39.47,24.81,47.53,0.01,2.7,22.37
20000521,33.15,41.34,25.23,42.21,0.0,2.25,23.93
20000522,32.87,39.5,26.39,44.31,0.1,1.71,23.8
20000523,32.77,39.11,26.95,47.14,0.06,1.63,21.74
20000524,31.15,38.04,25.82,56.8,9.68,1.37,21.94
20000525,29.53,34.96,25.71,68.56,6.9,1.63,20.0
20000526,28.73,33.95,25.76,69.87,1.87,2.08,21.96
20000527,27.8,31.09,25.26,72.81,0.48,1.89,19.76
20000528,28.71,34.18,24.65,65.94,0.0,1.16,24.46
20000529,28.39,33.59,24.6,65.0,0.0,1.32,24.17
20000530,26.22,28.55,23.89,73.91,52.38,1.81,21.75
20000531,28.12,34.0,22.87,67.55,4.22,2.13,16.18
20000601,27.55,32.58,23.53,67.94,1.06,1.73,19.95
20000602,27.88,33.32,23.77,66.2,0.22,2.47,20.51
20000603,28.46,34.43,23.8,63.71,0.51,2.98,21.78
20000604,28.63,34.11,24.81,64.74,1.32,3.39,20.25
20000605,28.76,34.45,24.98,65.19,6.63,4.39,15.33
20000606,28.0,32.15,25.09,67.63,7.54,5.16,14.88
20000607,28.05,32.81,24.62,69.6,13.03,4.53,17.76
20000608,28.4,34.25,24.36,67.04,1.78,3.18,19.01
20000609,27.82,32.68,23.99,73.23,3.04,1.94,20.45
20000610,27.7,32.33,24.48,72.56,1.22,2.44,20.46
20000611,26.48,31.13,22.76,70.38,4.72,2.76,22.6
20000612,27.08,32.88,22.32,63.11,0.08,3.44,19.99
20000613,27.49,33.24,22.97,62.06,0.41,3.45,20.4
20000614,27.61,33.93,22.77,61.75,0.72,2.8,20.78
20000615,28.4,34.79,23.06,60.44,0.02,2.39,21.35
20000616,28.8,35.52,23.91,61.73,0.02,2.37,21.44
20000617,28.61,35.23,23.36,61.67,0.02,3.46,23.0
20000618,28.28,35.15,22.83,63.16,0.71,3.47,23.99
20000619,28.82,36.66,23.33,61.42,0.14,3.7,22.89
20000620,28.55,35.87,23.01,64.5,3.82,2.84,23.63
20000621,28.28,33.67,24.03,69.47,3.83,2.4,19.18
20000622,28.04,32.67,24.37,69.02,0.32,1.36,19.18
20000623,27.9,33.07,23.74,67.72,0.29,1.87,21.44
20000624,26.89,30.34,24.16,69.62,0.58,2.05,23.81
20000625,27.76,32.7,23.88,63.03,0.01,2.06,21.78
20000626,27.9,34.04,22.79,60.66,1.56,2.47,22.16
20000627,26.6,32.38,23.17,69.92,2.65,2.15,17.88
20000628,26.25,31.84,21.95,63.82,0.36,3.01,15.57
20000629,27.63,34.33,22.14,60.74,0.17,3.33,15.1
20000630,26.61,31.5,22.82,60.04,0.98,4.13,18.46
20000701,27.22,33.53,22.89,59.33,2.02,3.55,21.0
20000702,27.37,33.5,23.09,60.91,0.5,3.63,18.54
20000703,27.17,32.84,23.03,60.74,0.78,3.62,17.9
20000704,27.14,33.26,22.0,56.25,0.71,4.05,15.17
20000705,28.71,35.09,24.19,59.32,0.47,4.32,18.73
20000706,28.16,33.87,24.08,58.76,0.49,4.32,19.02
20000707,28.45,34.84,24.29,58.54,0.88,4.97,20.58
20000708,27.59,33.44,23.88,56.56,0.1,4.45,20.96
20000709,28.01,34.58,23.13,54.12,0.01,4.17,23.59
20000710,27.61,32.93,23.47,57.43,0.01,3.59,23.3
20000711,27.43,33.8,23.44,62.15,1.63,3.88,19.61
20000712,27.46,32.2,24.33,61.13,0.28,4.01,20.06
20000713,27.6,33.53,23.27,58.49,0.0,3.57,19.25
20000714,28.52,34.85,24.05,53.91,0.09,4.06,24.3
20000715,29.5,37.38,22.75,54.61,0.0,3.45,25.1
20000716,29.51,37.56,23.33,55.33,0.0,3.34,22.87
20000717,29.66,37.88,23.65,54.48,0.15,3.96,21.9
20000718,28.89,35.39,24.19,50.8,0.56,4.79,22.69
20000719,28.84,37.01,22.71,51.57,0.17,3.51,23.91
20000720,30.11,39.02,21.89,49.58,0.11,2.7,22.6
20000721,30.08,36.55,24.01,52.09,0.04,1.66,22.27
20000722,30.11,36.45,24.7,57.55,4.92,1.51,20.5
20000723,28.57,33.33,24.94,67.5,4.2,1.45,22.31
20000724,28.76,33.68,24.41,65.93,0.33,1.38,23.93
20000725,29.26,34.22,24.53,61.23,0.08,0.84,21.14
20000726,30.65,37.81,24.35,51.78,0.04,1.69,24.87
20000727,28.84,35.5,23.78,58.07,5.74,2.4,22.86
20000728,29.36,37.06,22.91,56.89,0.09,2.54,23.84
20000729,28.0,31.83,23.97,69.97,79.63,1.68,21.76
20000730,27.8,32.41,23.72,72.29,11.99,1.49,23.09
20000731,26.28,29.42,23.79,77.87,2.69,1.15,20.41
20000801,26.86,32.02,23.09,71.73,1.69,1.32,21.44
20000802,27.33,32.33,23.4,72.62,6.09,1.63,19.94
20000803,27.08,31.72,23.78,76.68,2.58,1.4,16.49
20000804,26.98,31.75,23.5,75.34,1.73,1.89,19.4
20000805,25.89,29.44,23.07,80.31,0.56,2.94,19.5
20000806,26.3,30.71,22.98,78.68,10.08,2.63,21.44
20000807,26.03,30.91,22.7,76.86,0.41,3.02,21.63
20000808,26.46,31.49,23.03,70.57,4.39,3.74,18.07
20000809,26.56,32.16,22.55,66.76,2.94,3.6,14.8
20000810,26.52,32.09,22.45,66.36,1.42,3.6,17.8
20000811,27.46,34.05,22.49,64.73,0.41,2.76,22.0
20000812,28.53,35.86,22.1,63.26,0.0,1.58,23.47
20000813,28.32,33.55,23.85,66.12,0.24,1.17,21.86
20000814,27.26,31.65,23.93,73.4,4.37,1.14,21.43
20000815,25.83,29.12,23.43,77.93,0.39,2.05,14.15
20000816,27.6,33.72,22.3,69.23,0.0,1.64,24.41
20000817,27.23,32.92,22.85,71.65,2.75,1.82,17.33
20000818,26.41,31.16,22.69,74.21,1.05,1.99,17.42
20000819,25.75,31.38,21.95,69.57,8.63,2.6,18.13
20000820,26.21,31.82,21.93,67.61,2.67,3.58,20.47
20000821,27.12,33.28,22.93,67.11,3.93,3.58,19.51
20000822,27.26,32.81,23.83,67.51,12.08,4.43,15.84
20000823,26.85,31.23,23.9,68.85,12.56,4.7,16.32
20000824,26.82,31.67,23.69,69.73,8.88,4.3,19.51
20000825,26.53,31.46,23.49,73.65,15.99,4.1,19.54
20000826,26.74,31.65,23.58,73.12,4.88,3.46,19.65
20000827,26.89,32.07,22.97,71.83,2.01,2.97,16.99
20000828,26.98,32.8,22.57,70.1,0.63,3.06,20.79
20000829,26.56,32.57,22.52,69.07,0.07,2.55,22.18
20000830,26.22,33.54,20.62,66.49,0.07,2.55,22.57
20000831,26.96,33.86,21.03,68.05,0.05,2.08,15.3
20000901,27.04,33.49,22.47,70.51,0.0,2.16,20.51
20000902,27.81,35.38,21.75,66.39,0.0,2.14,22.31
20000903,28.13,35.44,22.2,66.07,0.16,2.47,23.69
20000904,28.5,35.42,22.74,65.7,0.19,2.04,21.91
20000905,28.44,34.39,22.9,68.18,0.56,1.47,20.85
20000906,28.59,34.81,23.69,68.15,0.26,1.48,21.95
20000907,28.04,33.69,23.59,69.91,2.06,1.68,21.72
20000908,28.11,34.31,23.02,67.73,0.4,1.41,20.97
20000909,28.3,34.52,22.48,65.11,0.01,1.57,23.97
20000910,27.92,34.6,23.24,66.2,0.01,1.94,24.32
20000911,27.66,33.84,22.91,64.77,0.0,2.12,23.17
20000912,25.9,29.82,23.6,77.83,33.09,1.79,21.0
20000913,26.44,30.9,22.95,78.07,1.64,1.73,19.9
20000914,26.68,30.06,23.64,75.98,0.03,1.08,22.16
20000915,27.8,33.77,23.01,72.48,3.85,1.69,23.02
20000916,28.27,34.7,23.17,71.68,4.32,1.84,22.33
20000917,28.37,33.7,23.5,71.56,0.72,1.09,23.53
20000918,27.61,31.77,24.33,75.26,27.36,1.14,20.1
20000919,25.58,28.2,23.58,86.12,6.42,1.39,15.47
20000920,26.6,31.29,22.95,79.56,12.93,1.39,13.22
20000921,25.95,30.36,22.96,82.66,8.4,1.46,17.98
20000922,25.39,28.62,22.46,83.14,2.89,1.2,16.87
20000923,25.58,29.05,23.17,88.12,7.07,1.79,18.26
20000924,25.66,28.81,23.02,85.87,18.77,1.53,11.65
20000925,24.73,27.46,22.88,89.91,16.87,1.41,16.26
20000926,25.16,28.53,22.64,88.58,5.38,1.82,12.65
20000927,25.43,29.15,22.35,88.32,4.19,2.68,19.17
20000928,25.93,30.38,22.09,83.39,0.07,1.83,24.25
20000929,26.73,32.2,22.59,79.57,3.54,1.52,24.01
20000930,25.06,28.17,22.9,87.88,1.8,1.62,12.61
20001001,25.1,29.36,22.24,87.09,44.08,2.36,15.53
20001002,25.25,29.25,22.18,87.62,5.78,1.77,21.17
20001003,24.72,28.09,22.36,87.64,2.49,1.96,20.76
20001004,25.89,31.12,21.61,81.99,2.53,1.61,23.04
20001005,25.4,30.22,21.7,81.68,3.17,0.9,17.76
20001006,25.3,29.29,22.74,84.4,1.68,1.2,10.21
20001007,25.71,30.05,22.12,80.79,4.78,0.88,18.77
20001008,25.8,29.59,22.65,84.72,14.47,1.37,21.34
20001009,26.8,32.07,21.87,78.61,1.18,1.48,16.77
20001010,26.53,31.92,22.12,79.24,0.06,1.38,20.77
20001011,26.64,32.65,22.07,77.82,0.02,1.61,23.49
20001012,26.49,32.6,21.24,76.59,5.18,1.5,23.64
20001013,25.62,30.18,22.01,79.3,1.96,1.48,17.86
20001014,25.24,29.38,21.88,82.28,0.69,1.84,22.59
20001015,26.34,31.22,22.67,79.03,2.69,1.28,23.45
20001016,26.79,31.72,22.56,77.05,10.62,1.46,21.8
20001017,27.06,32.85,22.2,75.89,1.51,1.87,21.8
20001018,26.66,31.57,22.9,77.14,0.58,2.03,22.11
20001019,26.15,30.7,22.31,78.43,0.0,1.39,22.76
20001020,26.79,32.43,21.73,75.13,0.55,1.06,23.49
20001021,25.96,30.35,22.3,80.67,2.77,0.93,19.95
20001022,24.87,27.43,22.5,84.33,18.98,1.08,19.94
20001023,25.15,29.96,21.37,85.14,19.07,1.32,21.25
20001024,24.53,27.19,22.73,91.21,1.54,1.19,22.15
20001025,24.41,29.75,19.8,68.71,1.75,1.59,23.63
20001026,24.05,30.42,16.94,60.39,0.06,1.49,23.43
20001027,24.82,31.07,18.73,67.26,0.0,1.05,23.4
20001028,26.1,31.56,20.56,73.88,0.0,0.76,22.27
20001029,26.34,31.5,21.61,76.06,0.0,0.97,21.29
20001030,26.57,31.74,21.97,75.44,0.0,0.88,21.43
20001031,25.48,30.36,22.16,80.05,0.03,1.06,20.73
20001101,24.69,28.66,22.11,80.99,0.03,1.31,19.79
20001102,25.26,30.66,20.59,78.61,0.02,1.33,18.99
20001103,25.91,31.57,21.3,80.63,1.05,1.55,19.68
20001104,26.13,31.7,21.38,81.51,0.54,1.98,20.03
20001105,26.15,31.76,22.5,76.89,0.07,2.28,17.36
20001106,25.5,31.2,21.32,80.57,5.91,1.88,19.52
20001107,25.31,31.16,21.16,79.68,0.34,2.11,19.81
20001108,24.18,28.86,19.99,82.02,0.04,2.0,19.68
20001109,24.84,30.75,20.08,78.79,0.0,2.21,20.02
20001110,25.13,31.46,20.16,77.14,0.58,2.47,19.78
20001111,25.3,31.72,21.04,77.9,0.73,2.67,20.1
20001112,24.74,30.56,20.41,81.5,0.28,2.94,17.96
20001113,25.23,31.21,20.84,76.0,0.05,2.79,14.78
20001114,24.14,31.24,19.02,68.86,0.0,2.67,20.11
20001115,24.24,31.29,18.25,74.68,0.49,2.73,17.88
20001116,24.57,31.5,19.27,74.08,0.18,3.19,14.61
20001117,24.22,31.51,19.55,74.68,3.43,2.94,13.56
20001118,24.01,29.68,19.4,80.98,3.07,2.76,3.48
20001119,24.0,27.05,22.23,88.69,7.0,2.47,8.69
20001120,23.34,25.91,21.67,90.05,46.37,2.57,3.48
20001121,23.75,26.29,21.34,93.04,51.23,2.58,7.99
20001122,24.65,27.73,22.83,91.32,15.32,2.56,18.45
20001123,24.72,26.89,23.26,93.83,9.9,1.96,12.1
20001124,24.52,28.11,21.86,89.13,3.4,2.34,14.5
20001125,23.23,28.14,19.38,80.9,0.01,2.12,20.15
20001126,21.7,27.33,16.95,81.28,0.0,1.74,21.11
20001127,21.57,26.16,16.9,81.7,0.35,1.83,20.36
20001128,23.44,28.35,18.44,74.12,0.32,1.49,18.02
20001129,24.19,28.89,20.42,81.38,14.87,2.02,14.71
20001130,24.16,28.24,21.03,84.74,20.95,2.0,18.16
20001201,24.17,29.91,19.15,77.91,0.75,0.98,19.53
20001202,24.23,28.59,20.43,86.48,1.8,1.57,16.8
20001203,24.46,29.1,20.96,86.57,0.21,1.8,18.67
20001204,24.89,29.35,20.58,87.88,1.1,1.83,18.92
20001205,24.67,29.21,21.5,89.87,10.72,2.69,16.31
20001206,22.25,27.03,18.08,84.22,0.03,2.48,20.03
20001207,20.5,25.09,16.74,86.73,0.0,2.33,19.87
20001208,21.62,27.2,17.19,83.2,0.0,2.57,19.44
20001209,21.24,26.95,16.53,83.41,0.0,2.49,20.09
20001210,21.16,27.0,15.93,83.72,0.0,2.48,19.78
20001211,21.01,27.23,15.94,83.2,0.0,2.24,20.25
20001212,20.7,26.99,15.47,82.7,0.0,2.15,20.0
20001213,20.13,27.01,14.39,80.82,0.0,2.12,21.17
20001214,20.24,27.33,14.23,82.01,0.0,2.13,19.32
20001215,20.73,27.36,15.02,81.82,0.0,2.33,19.95
20001216,21.01,27.26,14.75,81.67,0.0,2.71,18.95
20001217,21.76,27.95,17.38,81.51,0.0,2.57,21.21
20001218,21.39,26.73,17.05,78.69,0.01,2.14,10.2
20001219,21.61,26.25,17.94,80.38,0.01,1.88,20.5
20001220,21.59,27.96,16.88,79.02,0.0,2.31,20.07
20001221,21.74,28.68,16.02,79.2,0.0,2.46,19.07
20001222,22.53,28.87,17.36,79.91,0.0,2.6,16.28
20001223,23.36,29.6,17.95,81.69,0.0,2.38,13.59
20001224,23.29,30.14,18.12,76.15,0.0,2.58,18.92
20001225,22.7,30.53,17.24,68.01,0.0,2.53,20.43
20001226,22.89,29.45,17.71,74.93,0.98,3.56,8.76
20001227,22.37,24.65,20.11,90.34,24.73,5.31,3.54
20001228,23.71,26.83,21.85,92.03,31.14,5.02,10.84
20001229,24.52,28.71,21.41,88.13,2.77,1.76,13.15
20001230,24.48,29.22,20.84,86.51,1.23,1.58,15.91
20001231,24.7,29.66,21.25,86.39,1.26,2.17,15.53
20010101,24.25,29.35,20.57,85.37,1.59,1.65,17.26
20010102,24.01,29.27,20.38,83.73,0.17,1.54,17.44
20010103,23.71,29.12,19.85,82.57,0.17,1.85,18.57
20010104,22.94,28.9,18.82,80.66,0.0,2.12,21.33
20010105,23.16,29.38,18.23,81.08,0.0,2.47,21.29
20010106,23.39,29.31,19.08,79.62,0.0,2.58,19.64
20010107,22.58,29.19,17.3,78.63,0.0,2.34,20.72
20010108,22.9,29.0,18.4,79.52,0.02,2.31,19.39
20010109,23.12,27.89,19.34,81.13,0.01,1.91,15.38
20010110,23.61,28.8,19.72,79.1,0.03,2.28,17.55
20010111,24.44,30.33,20.05,76.64,0.0,2.48,20.25
20010112,24.64,30.81,19.96,78.72,0.0,2.47,14.28
20010113,24.47,30.98,19.96,75.73,0.0,2.03,18.19
20010114,23.09,30.91,17.54,73.3,0.0,1.97,21.38
20010115,23.03,30.57,16.91,75.43,0.02,2.14,21.49
20010116,23.28,30.07,18.6,75.55,0.07,2.28,19.66
20010117,22.95,29.93,16.98,73.79,0.03,2.61,17.35
20010118,23.78,29.87,19.21,75.21,0.01,2.91,10.92
20010119,24.49,31.12,20.19,72.74,0.0,3.2,15.95
20010120,23.53,30.99,18.36,70.56,0.0,2.89,19.02
20010121,22.94,31.76,16.19,65.7,0.0,2.29,17.53
20010122,23.9,31.29,17.55,72.83,0.0,1.98,18.73
20010123,24.86,30.59,20.85,79.29,1.6,1.95,13.33
20010124,25.48,30.68,21.54,78.16,0.41,2.03,15.43
20010125,25.94,32.62,21.37,74.27,0.25,2.14,16.63
20010126,25.38,32.47,20.43,71.9,2.46,2.18,18.02
20010127,23.99,31.86,19.09,67.65,0.84,2.02,17.36
20010128,23.37,30.19,18.42,67.8,0.0,2.37,17.33
20010129,22.56,26.32,19.64,75.65,0.4,1.69,12.98
20010130,24.55,31.37,19.42,73.39,0.58,2.58,15.11
20010131,24.82,29.97,21.08,81.23,1.88,2.29,12.79
20010201,25.62,31.43,21.69,78.91,1.48,2.43,16.44
20010202,25.33,31.15,21.26,79.59,3.35,1.9,14.01
20010203,25.52,30.38,21.86,80.96,4.32,1.35,18.06
20010204,26.67,33.73,22.43,74.58,0.96,1.43,19.94
20010205,26.19,34.07,20.76,68.31,0.23,1.41,20.83
20010206,24.97,33.94,18.45,64.27,0.07,1.86,22.36
20010207,24.71,34.45,16.82,56.82,0.01,2.15,23.62
20010208,24.46,33.86,16.7,64.87,0.0,1.94,23.08
20010209,24.36,34.2,16.2,60.51,0.0,1.54,24.17
20010210,24.76,34.75,17.24,52.19,0.0,1.27,23.13
20010211,25.22,35.91,17.33,54.78,0.0,1.39,23.95
20010212,24.84,34.24,18.14,61.07,0.0,1.63,23.12
20010213,24.49,33.27,18.36,67.56,0.0,1.78,22.72
20010214,24.25,33.25,17.29,65.03,0.0,1.82,23.14
20010215,24.94,33.89,18.38,65.76,0.0,1.61,23.62
20010216,26.08,34.74,19.41,63.72,0.0,1.83,23.4
20010217,27.02,34.45,21.54,70.46,2.02,1.98,19.26
20010218,27.2,34.44,21.94,71.08,0.59,1.97,20.27
20010219,27.88,35.73,22.22,66.63,0.0,1.7,21.35
20010220,27.98,35.9,21.74,64.89,1.35,1.53,22.96
20010221,27.99,36.32,21.65,63.88,0.01,1.6,21.53
20010222,27.64,36.93,20.39,56.89,0.0,1.67,23.7
20010223,27.69,36.36,20.78,53.01,0.0,1.79,24.09
20010224,27.78,36.66,21.41,54.67,0.0,1.44,24.55
20010225,27.98,37.76,20.78,52.1,0.0,1.55,24.61
20010226,28.34,38.29,20.36,55.25,0.0,1.8,23.21
20010227,28.33,37.41,21.16,59.12,0.07,1.82,22.18
20010228,27.7,36.67,21.84,62.6,0.01,1.89,23.83
20010301,27.33,36.09,21.14,61.71,0.0,2.19,23.57
20010302,26.99,35.93,20.52,60.85,0.0,2.02,23.04
20010303,27.41,35.71,20.39,63.35,0.0,2.25,20.74
20010304,28.08,36.04,20.87,57.88,0.0,2.03,21.42
20010305,28.76,37.23,21.48,57.74,0.0,1.82,21.37
20010306,29.07,37.5,22.14,55.53,0.0,1.87,21.94
20010307,29.07,37.61,22.07,51.96,0.0,1.94,24.22
20010308,29.14,37.33,22.61,51.52,0.0,1.96,22.84
20010309,29.42,37.39,22.64,49.84,0.03,2.14,22.86
20010310,30.07,37.7,23.58,47.72,0.04,1.9,22.35
20010311,29.95,37.65,23.47,46.74,0.0,1.76,23.81
20010312,30.1,37.76,23.08,45.52,0.0,2.05,24.17
20010313,30.81,38.72,24.6,43.66,0.0,1.84,24.71
20010314,30.13,38.52,23.82,43.65,0.0,2.05,24.87
20010315,29.88,38.1,23.15,45.01,0.0,1.98,23.8
20010316,29.83,38.45,22.76,45.15,0.0,1.86,24.28
20010317,29.96,38.43,23.27,44.26,0.0,2.16,24.53
20010318,29.5,38.28,22.33,46.35,0.0,2.12,24.52
20010319,29.61,38.42,22.04,54.19,0.0,1.98,24.54
20010320,30.42,38.97,23.79,47.89,0.0,1.94,23.59
20010321,31.64,40.64,23.35,42.38,0.02,1.7,23.79
20010322,32.16,39.72,25.02,42.92,0.0,2.0,22.05
20010323,31.96,39.33,25.59,47.1,0.0,1.9,23.67
20010324,31.85,38.91,26.27,51.75,0.0,1.96,22.15
20010325,32.11,38.86,25.82,50.04,0.0,1.82,21.18
20010326,33.44,40.94,27.53,41.78,0.0,1.68,20.99
20010327,33.74,42.43,26.29,38.52,0.0,2.16,22.02
20010328,33.58,42.24,25.84,40.9,0.0,2.1,22.36
20010329,32.7,40.4,26.56,47.67,0.7,2.72,23.31
20010330,33.07,40.86,26.11,46.34,0.23,2.1,23.63
20010331,32.59,40.82,26.79,44.98,0.02,2.68,23.74
20010401,31.28,39.42,24.72,51.34,0.0,2.48,24.52
20010402,30.93,39.22,24.46,45.37,0.0,2.26,22.91
20010403,31.04,39.09,24.33,48.37,0.01,2.31,22.41
20010404,30.94,38.21,24.54,52.4,0.55,2.32,20.03
20010405,29.43,34.61,25.72,61.53,1.79,1.87,19.88
20010406,29.88,35.4,25.11,61.6,2.99,1.84,22.25
20010407,28.68,33.19,25.78,64.12,4.05,1.21,8.72
20010408,29.26,34.5,25.17,59.04,2.8,1.98,18.18
20010409,29.88,36.41,24.53,59.48,0.1,1.91,24.46
20010410,27.92,31.86,24.79,71.59,6.51,1.53,19.47
20010411,25.4,28.3,23.94,88.3,25.21,2.28,20.48
20010412,25.99,30.16,23.37,83.18,13.01,2.37,21.08
20010413,26.0,29.08,23.64,86.16,22.28,2.53,13.1
20010414,25.97,29.78,23.18,82.81,4.63,2.12,23.24
20010415,27.94,33.94,22.9,71.69,0.19,0.95,20.68
20010416,27.83,32.64,24.22,73.99,6.24,1.45,23.0
20010417,28.33,34.14,23.82,73.22,12.01,0.95,22.56
20010418,27.23,31.76,23.96,80.3,8.15,1.62,23.71
20010419,26.88,31.14,23.36,78.19,1.14,1.44,22.46
20010420,26.65,30.8,23.28,79.7,2.43,1.14,22.5
20010421,29.09,36.16,23.25,67.22,0.1,1.7,23.97
20010422,29.86,37.23,23.69,64.9,0.0,1.97,25.48
20010423,29.09,34.46,24.69,68.25,0.55,1.46,22.89
20010424,29.38,36.55,23.85,62.37,0.0,1.76,22.91
20010425,28.1,34.95,22.76,63.23,0.0,1.32,23.62
20010426,29.25,36.9,22.41,60.22,0.03,1.38,22.06
20010427,28.41,33.51,24.86,72.73,4.82,1.47,20.43
20010428,28.59,33.75,24.91,73.07,0.34,1.34,23.2
20010429,28.29,33.29,24.58,76.11,11.55,1.66,20.65
20010430,27.6,31.9,24.74,76.37,1.58,1.28,15.69
20010501,27.32,31.25,24.31,76.38,12.52,1.53,20.53
20010502,28.26,34.73,23.08,76.59,1.66,2.61,25.39
20010503,29.37,36.47,23.5,70.62,0.02,2.56,25.56
20010504,30.84,38.06,24.88,65.25,0.02,1.83,26.13
20010505,30.91,36.3,26.2,64.97,0.05,1.18,25.04
20010506,30.74,36.83,25.65,68.62,11.17,1.14,23.46
20010507,29.57,34.25,26.09,71.54,6.26,1.4,15.39
20010508,29.96,36.67,24.05,64.43,1.55,1.87,24.32
20010509,29.34,34.01,25.15,69.86,0.06,1.88,23.96
20010510,30.71,37.06,24.55,63.39,0.0,1.7,24.13
20010511,31.41,38.27,25.5,62.74,0.0,1.53,23.93
20010512,29.92,34.7,26.73,72.98,11.5,1.66,22.77
20010513,29.48,35.58,25.25,64.28,0.02,2.19,24.23
20010514,30.57,38.05,24.41,56.18,0.0,1.86,24.21
20010515,30.45,36.96,24.83,63.21,0.0,1.25,24.19
20010516,30.53,37.18,25.14,63.9,0.0,1.77,24.91
20010517,29.83,35.58,24.84,66.57,0.0,1.11,20.75
20010518,29.3,33.11,26.0,66.67,0.0,1.19,22.67
20010519,29.39,35.55,24.77,68.46,16.19,1.5,23.61
20010520,28.97,35.53,24.02,64.4,0.54,1.96,24.62
20010521,29.14,36.59,23.43,63.62,0.4,2.28,24.91
20010522,28.85,34.85,24.3,64.98,0.07,2.38,25.11
20010523,28.11,34.0,24.05,70.66,5.34,2.65,24.8
20010524,28.38,35.47,23.38,61.37,0.1,2.79,25.21
20010525,28.71,35.27,23.58,67.49,1.36,2.49,25.61
20010526,28.41,35.47,23.85,67.91,2.2,2.97,18.88
20010527,28.4,34.78,24.01,66.64,0.17,2.13,23.52
20010528,27.51,33.03,23.62,72.19,9.15,2.2,17.85
20010529,27.31,32.75,23.29,69.82,1.8,2.55,20.57
20010530,27.24,32.9,22.42,66.64,5.07,2.47,22.3
20010531,27.38,32.95,22.81,67.0,0.1,2.05,21.73
20010601,28.22,33.11,24.13,67.43,0.01,1.98,23.06
20010602,26.64,31.18,23.7,73.18,10.97,2.0,20.36
20010603,26.76,31.49,23.59,74.72,3.73,1.83,7.64
20010604,25.74,29.74,22.94,73.4,4.49,2.77,4.71
20010605,26.91,33.58,22.38,73.5,4.28,1.82,13.96
20010606,27.65,33.43,23.64,73.48,1.89,2.38,18.6
20010607,27.91,33.54,24.07,71.16,3.3,2.45,22.84
20010608,26.46,31.11,23.39,71.66,6.56,2.85,21.35
20010609,27.8,34.18,22.5,70.23,1.14,2.78,21.36
20010610,27.71,32.85,23.69,75.22,7.55,2.55,21.98
20010611,26.27,30.09,23.83,82.53,8.2,2.38,15.67
20010612,26.6,30.97,23.07,80.15,7.2,2.47,17.4
20010613,26.96,33.26,23.26,72.99,2.2,2.54,18.39
20010614,26.99,33.3,22.15,70.55,1.84,2.95,20.25
20010615,26.94,31.94,23.51,73.19,0.46,2.32,21.0
20010616,27.18,32.94,22.42,72.79,0.08,2.07,23.25
20010617,28.02,35.41,22.59,69.69,2.43,2.59,22.45
20010618,27.72,34.42,22.47,71.15,4.6,2.4,23.35
20010619,27.54,33.9,22.74,71.67,2.99,2.42,23.51
20010620,27.57,33.04,23.5,71.91,1.78,2.41,23.71
20010621,27.46,33.29,22.77,71.93,2.14,2.68,22.44
20010622,27.44,33.82,23.06,72.48,6.52,3.26,20.81
20010623,27.34,32.45,24.35,72.79,0.3,2.89,22.17
20010624,27.58,33.11,23.62,69.95,0.35,3.01,22.97
20010625,28.07,34.8,23.26,68.66,5.21,3.09,21.74
20010626,27.77,34.05,23.82,65.62,0.07,3.97,22.49
20010627,28.31,34.61,23.68,63.95,0.96,3.55,22.91
20010628,27.59,33.7,23.38,62.48,1.65,4.09,22.31
20010629,27.4,32.37,23.42,70.56,4.6,2.94,19.91
20010630,27.01,32.29,23.13,65.23,0.33,3.3,20.09
20010701,27.61,34.54,21.68,65.51,0.72,2.72,21.6
20010702,27.94,34.21,23.11,67.55,1.55,2.6,22.6
20010703,27.81,34.27,24.15,67.2,9.01,4.12,22.09
20010704,27.26,32.79,23.23,63.98,1.39,4.22,21.8
20010705,27.35,32.75,23.95,61.72,2.57,4.86,21.86
20010706,26.97,31.09,23.64,71.99,6.82,3.85,17.21
20010707,27.16,31.63,24.24,64.91,2.09,5.37,17.89
20010708,26.39,30.15,23.85,70.9,24.27,4.8,14.92
20010709,26.31,30.39,23.42,71.45,10.79,4.25,16.53
20010710,27.08,32.35,23.3,73.01,3.75,3.2,18.35
20010711,27.44,33.64,22.72,70.27,0.23,2.87,17.19
20010712,27.51,32.94,23.63,69.99,0.44,2.07,22.23
20010713,27.45,34.19,21.74,67.51,0.12,1.65,23.57
20010714,27.69,34.51,22.8,63.73,0.12,2.31,19.08
20010715,27.91,35.46,21.8,65.07,0.38,2.37,15.64
20010716,27.23,33.29,22.75,68.5,0.39,2.5,17.2
20010717,27.11,33.72,22.64,65.07,0.0,2.93,18.65
20010718,27.75,34.67,22.52,63.68,0.08,3.27,21.62
20010719,27.34,33.24,23.01,62.25,0.01,3.63,22.67
20010720,28.12,34.9,22.65,62.39,0.02,2.6,21.59
20010721,28.88,36.39,22.79,60.38,0.0,2.42,23.94
20010722,28.95,36.38,22.98,59.57,0.01,2.48,23.57
20010723,28.42,35.48,23.0,62.54,0.01,2.4,23.47
20010724,28.73,35.22,23.44,62.29,0.51,2.33,22.64
20010725,26.04,29.28,24.12,78.85,34.76,1.33,20.14
20010726,25.41,28.59,23.16,82.23,51.77,2.18,21.24
20010727,26.36,30.6,22.85,77.2,0.91,1.87,23.11
20010728,26.68,30.84,23.1,76.7,1.87,1.98,22.41
20010729,25.75,29.06,23.3,75.65,0.02,2.93,21.94
20010730,26.37,30.87,22.54,74.42,0.01,1.75,18.3
20010731,26.6,31.28,23.28,78.63,37.27,1.66,16.92
20010801,25.24,28.98,22.72,82.8,9.7,1.91,13.07
20010802,26.2,31.43,22.02,76.19,0.87,2.92,18.4
20010803,26.54,31.52,22.95,75.47,1.48,2.38,17.97
20010804,25.74,30.19,22.27,78.59,0.49,2.3,19.52
20010805,26.41,32.03,22.0,73.53,0.01,2.07,22.56
20010806,26.36,31.82,21.93,73.9,0.0,1.95,21.52
20010807,27.36,34.09,22.18,71.48,0.13,2.0,23.43
20010808,27.36,33.63,22.41,71.66,0.15,2.11,21.31
20010809,28.11,34.38,22.44,69.09,0.0,1.43,22.93
20010810,28.28,33.42,23.11,70.96,0.0,1.61,24.27
20010811,28.2,33.58,23.58,71.97,0.58,1.68,22.21
20010812,27.99,34.5,22.58,69.84,0.25,1.73,22.91
20010813,27.57,33.84,22.41,73.42,10.01,2.43,24.08
20010814,27.4,32.94,23.3,73.32,0.18,2.25,21.9
20010815,28.08,35.86,21.93,68.88,0.71,2.27,21.14
20010816,27.03,32.51,22.78,75.52,0.37,2.19,24.56
20010817,27.45,34.32,22.9,72.09,1.45,2.51,22.86
20010818,27.63,34.74,21.87,69.93,1.1,2.82,22.77
20010819,27.34,33.42,23.2,70.34,2.46,3.41,21.8
20010820,27.88,34.38,23.38,68.27,0.56,3.43,21.83
20010821,27.92,35.35,22.58,68.02,2.61,2.62,22.97
20010822,28.01,34.05,23.13,68.8,1.37,2.92,22.31
20010823,27.83,34.69,23.17,67.44,0.13,2.83,22.25
20010824,28.37,35.31,22.98,66.83,0.38,2.51,22.03
20010825,28.27,34.03,24.38,70.24,12.84,2.6,20.23
20010826,27.87,33.06,23.32,73.33,5.72,2.06,20.46
20010827,27.78,32.79,23.81,72.03,0.14,1.74,18.25
20010828,27.96,34.91,22.86,66.8,0.0,3.17,19.48
20010829,27.43,33.33,22.99,66.9,0.01,2.82,21.34
20010830,27.66,34.89,22.41,67.28,2.13,2.79,21.68
20010831,27.72,35.04,22.55,65.86,0.45,2.91,23.43
20010901,28.37,35.77,22.11,63.55,0.0,2.32,22.54
20010902,28.34,34.79,22.9,63.03,0.0,1.96,22.46
20010903,28.12,33.79,23.08,65.85,0.0,1.6,22.06
20010904,29.01,37.21,22.64,60.01,0.0,1.88,22.55
20010905,28.41,36.43,22.24,62.91,0.0,2.03,24.43
20010906,28.52,36.47,22.37,61.01,0.0,2.24,25.18
20010907,28.7,35.66,22.61,59.68,0.0,1.94,23.88
20010908,29.22,36.33,23.2,62.26,0.12,1.55,23.69
20010909,29.7,36.76,23.85,62.35,0.0,1.2,23.11
20010910,28.31,33.09,23.95,70.44,19.68,1.25,23.23
20010911,27.96,32.88,23.67,72.11,17.2,1.25,21.69
20010912,27.38,31.98,23.96,74.04,1.06,1.17,22.15
20010913,27.03,30.53,23.92,79.47,11.07,0.73,23.03
20010914,26.94,31.03,24.04,78.95,5.43,1.15,23.79
20010915,27.18,31.2,23.4,76.02,1.42,1.22,23.23
20010916,26.82,30.58,23.44,77.77,7.11,1.08,21.26
20010917,26.19,30.42,23.14,82.49,1.86,1.28,20.73
20010918,25.83,28.94,23.79,84.6,10.38,1.3,19.29
20010919,25.9,29.57,23.15,84.09,21.89,1.27,21.31
20010920,25.71,29.0,22.79,83.83,2.39,1.59,22.9
20010921,25.85,29.63,22.55,84.09,7.69,2.02,20.64
20010922,25.38,28.79,23.1,86.91,13.68,1.98,22.43
20010923,25.19,28.9,22.39,86.83,17.73,2.25,19.18
20010924,25.95,29.81,22.37,84.02,27.77,1.58,20.94
20010925,24.75,26.91,22.69,89.89,12.1,1.64,16.76
20010926,25.56,30.15,22.06,82.09,2.01,1.6,17.36
20010927,25.4,30.48,22.39,82.32,1.7,1.86,17.11
20010928,25.59,30.92,21.5,81.47,2.68,2.04,20.76
20010929,25.05,29.61,22.0,81.31,8.57,2.94,21.3
20010930,25.94,30.31,22.62,78.78,0.72,3.42,16.9
20011001,26.1,30.57,22.96,80.29,0.18,1.98,20.89
20011002,26.59,32.27,22.42,75.69,0.0,1.64,22.94
20011003,26.58,32.17,21.9,71.1,0.31,1.18,20.43
20011004,25.23,28.99,22.25,82.58,1.3,0.93,13.06
20011005,25.18,29.74,21.99,81.38,9.98,1.96,6.21
20011006,25.88,31.42,21.61,77.22,0.92,2.02,17.55
20011007,26.39,33.04,21.25,74.7,2.13,2.07,23.5
20011008,26.46,32.39,20.83,77.89,2.76,1.02,19.9
20011009,26.04,29.58,23.07,80.31,0.87,1.07,21.37
20011010,26.78,31.66,22.53,77.11,0.81,1.16,20.1
20011011,27.15,32.36,22.72,77.75,1.0,1.25,20.3
20011012,26.78,31.48,23.22,79.74,10.25,1.37,19.59
20011013,25.65,29.31,23.37,86.35,9.98,1.4,18.32
20011014,25.26,28.17,23.19,87.74,16.18,2.02,15.86
20011015,24.9,28.27,21.87,87.29,8.56,1.64,14.89
20011016,26.91,32.11,22.38,78.89,0.35,1.74,19.99
20011017,26.15,30.23,23.45,84.49,13.58,1.72,19.82
20011018,26.02,31.48,21.49,83.08,2.1,1.8,19.97
20011019,26.08,29.06,23.6,85.57,2.71,0.77,19.73
20011020,26.2,30.66,22.78,82.58,3.69,1.5,17.31
20011021,26.03,30.27,22.61,84.07,6.6,1.68,10.9
20011022,25.64,29.94,22.29,83.15,7.83,2.2,12.91
20011023,24.04,26.75,22.23,86.01,4.9,1.78,18.81
20011024,24.7,27.72,22.03,83.72,1.77,1.13,17.53
20011025,25.71,28.86,22.99,86.65,20.8,0.89,17.36
20011026,25.4,28.23,23.76,91.28,13.94,1.84,17.85
20011027,24.79,27.13,23.03,93.0,5.16,1.61,14.05
20011028,24.92,28.81,22.0,86.69,3.64,1.33,19.48
20011029,25.5,29.46,22.43,85.29,0.81,1.12,15.36
20011030,25.59,30.13,22.84,84.34,0.28,1.27,21.4
20011031,25.38,29.36,22.3,80.99,0.18,1.09,13.27
20011101,25.98,30.25,22.66,74.95,0.01,0.83,20.92
20011102,25.89,30.14,21.18,77.74,4.44,1.1,20.14
20011103,24.91,28.75,22.79,88.13,1.15,1.47,19.62
20011104,25.19,29.23,21.54,81.8,0.48,1.12,20.14
20011105,24.83,28.8,22.25,88.43,6.99,0.83,16.15
20011106,24.22,26.4,22.73,92.59,10.62,1.11,12.06
20011107,24.43,27.08,22.14,88.34,15.11,1.14,16.99
20011108,25.47,29.42,22.12,84.81,3.77,1.86,18.16
20011109,25.73,29.62,22.56,83.97,5.48,1.71,20.42
20011110,25.36,28.48,22.83,86.67,0.6,1.0,17.07
20011111,25.96,29.64,22.47,81.57,16.66,1.0,19.17
20011112,25.48,30.12,22.0,81.08,0.07,1.33,16.87
20011113,25.04,29.24,21.44,85.07,0.02,1.08,15.05
20011114,25.23,29.06,21.64,86.99,12.32,1.21,15.84
20011115,24.85,27.39,22.93,90.56,11.49,0.73,10.38
20011116,23.6,25.31,22.04,93.81,14.73,1.4,12.7
20011117,24.07,27.08,21.73,88.26,5.71,1.14,18.46
20011118,24.11,26.64,21.99,92.5,7.76,1.86,14.84
20011119,24.73,28.85,21.84,89.84,5.3,2.38,19.53
20011120,23.85,28.29,20.18,87.8,1.37,2.6,19.93
20011121,23.94,27.51,20.3,89.93,12.44,2.56,15.36
20011122,24.33,27.21,22.37,93.01,15.67,2.45,15.92
20011123,23.94,27.7,21.28,88.9,1.46,2.39,17.31
20011124,23.62,28.19,20.3,87.79,0.01,2.34,20.03
20011125,23.0,27.4,19.04,86.69,0.4,2.03,19.54
20011126,22.97,28.02,18.17,85.67,0.41,1.77,19.74
20011127,23.34,28.19,18.89,86.19,0.1,1.75,19.0
20011128,23.49,28.11,19.19,86.63,0.69,1.72,21.14
20011129,23.25,28.34,18.9,84.55,0.04,1.83,20.08
20011130,23.09,28.55,18.31,83.87,0.35,2.06,20.76
20011201,22.89,26.7,19.05,89.43,1.73,1.67,16.49
20011202,24.33,28.66,21.34,86.82,0.74,2.45,16.69
20011203,24.03,28.9,20.65,86.52,3.48,2.69,16.95
20011204,23.14,27.48,19.88,86.65,0.17,2.59,13.59
20011205,23.3,27.28,20.2,84.76,0.32,2.25,16.53
20011206,22.79,28.05,18.27,80.66,0.0,2.19,20.78
20011207,21.18,27.51,16.05,81.09,1.2,1.92,19.45
20011208,20.9,27.57,15.52,78.89,0.0,1.9,21.53
20011209,21.14,27.99,14.99,79.08,0.0,1.89,21.18
20011210,21.45,28.11,15.95,77.11,0.0,1.79,21.67
20011211,21.83,28.22,15.42,78.2,0.0,2.15,20.26
20011212,21.41,27.32,16.31,79.2,0.0,2.29,20.41
20011213,21.18,27.59,16.13,79.12,0.0,2.45,20.77
20011214,21.94,28.53,15.95,78.12,0.0,2.25,18.95
20011215,22.47,28.87,16.58,76.62,0.03,2.08,17.54
20011216,22.34,28.9,16.23,76.52,0.02,2.03,21.04
20011217,23.51,28.58,18.62,85.01,2.23,2.66,12.11
20011218,24.79,29.87,21.93,85.88,6.47,2.83,12.36
20011219,24.48,29.39,21.09,82.69,2.35,3.23,18.38
20011220,23.38,27.73,19.81,86.08,4.87,3.46,10.45
20011221,23.41,26.09,21.38,92.27,5.68,2.32,10.93
20011222,24.06,27.51,21.8,89.28,7.74,2.68,10.12
20011223,23.34,25.99,21.65,91.47,1.45,2.71,11.06
20011224,23.04,26.01,21.27,90.05,1.03,2.31,13.48
20011225,23.57,28.61,20.22,85.3,0.61,2.26,13.72
20011226,24.3,29.58,20.49,83.63,0.18,2.49,18.08
20011227,24.42,29.67,20.79,82.56,0.04,2.93,16.86
20011228,23.54,27.48,20.91,84.44,0.02,3.18,13.51
20011229,23.71,28.34,20.21,83.06,0.39,3.25,11.26
20011230,23.45,27.47,20.75,83.39,0.03,2.88,16.96
20011231,23.66,28.3,20.92,83.93,0.0,2.76,16.52
20020101,23.25,27.45,20.36,83.18,0.0,2.79,16.61
20020102,23.96,29.97,20.07,76.89,0.0,3.31,17.41
20020103,23.18,29.81,18.53,75.91,0.07,3.03,19.1
20020104,23.98,30.57,18.95,78.15,0.51,2.83,16.78
20020105,24.76,30.37,21.03,80.61,0.27,2.42,16.09
20020106,24.94,31.09,20.92,77.43,0.01,1.92,19.0
20020107,25.22,31.59,20.39,78.0,0.01,1.98,17.28
20020108,24.95,30.77,20.5,79.17,0.87,1.88,18.53
20020109,25.39,31.15,21.52,80.03,0.99,2.65,14.46
20020110,25.31,31.56,21.03,75.71,0.03,3.14,17.29
20020111,24.37,31.34,19.36,71.68,0.0,3.59,18.74
20020112,22.89,31.11,16.78,70.57,0.0,2.38,21.31
20020113,21.67,30.25,15.19,70.11,0.0,2.37,22.05
20020114,21.62,30.03,14.75,71.48,0.0,2.14,19.03
20020115,21.63,30.01,14.59,71.96,0.0,1.84,22.23
20020116,21.98,30.44,15.54,71.87,0.0,2.02,19.58
20020117,22.23,30.37,15.38,72.89,0.0,1.77,20.73
20020118,23.26,30.93,17.14,73.31,0.0,1.57,20.9
20020119,24.54,31.96,18.36,73.67,0.0,1.34,18.79
20020120,25.9,32.97,20.44,76.09,0.4,1.66,17.85
20020121,26.57,33.24,21.54,76.67,0.05,1.7,16.24
20020122,26.67,32.84,22.08,74.05,0.08,1.77,18.26
20020123,26.3,34.3,20.89,68.29,0.01,1.55,21.29
20020124,26.64,34.32,21.48,70.42,0.0,1.53,18.83
20020125,27.08,34.93,20.14,67.52,0.0,1.67,20.26
20020126,26.48,33.48,21.38,68.67,0.0,1.24,17.03
20020127,25.07,30.54,20.74,72.19,0.0,1.3,18.85
20020128,25.65,33.73,19.9,68.69,0.0,1.38,15.13
20020129,25.76,33.62,20.73,66.73,0.0,1.42,20.7
20020130,25.69,33.29,19.55,68.43,0.14,2.2,19.9
20020131,25.31,31.7,20.86,75.15,2.52,3.53,10.3
20020201,23.29,26.21,21.62,90.47,53.76,4.67,2.29
20020202,23.9,27.28,21.39,90.94,21.0,3.52,11.5
20020203,24.81,30.02,21.86,84.88,2.81,3.0,6.87
20020204,25.26,30.63,21.42,81.46,0.18,3.07,15.25
20020205,24.99,31.1,21.03,81.08,1.51,2.91,17.05
20020206,25.23,31.02,21.03,81.01,1.04,2.24,17.63
20020207,25.37,31.8,20.83,77.15,0.02,1.66,19.36
20020208,24.56,31.37,19.91,75.9,0.0,1.67,21.28
20020209,23.62,31.09,18.0,73.45,0.0,1.83,23.83
20020210,23.95,31.71,17.43,73.92,0.38,1.75,23.58
20020211,25.06,32.09,20.11,77.75,0.43,2.18,14.36
20020212,25.24,32.4,19.76,73.64,0.0,2.2,21.7
20020213,25.35,32.4,20.53,73.05,0.0,2.87,21.29
20020214,25.27,32.8,20.05,72.35,0.0,2.75,22.44
20020215,25.68,33.28,20.56,69.57,0.0,2.78,22.69
20020216,25.22,33.42,19.0,70.37,0.0,2.23,22.19
20020217,25.33,33.43,19.68,68.94,0.0,1.98,22.13
20020218,25.18,33.2,19.18,69.06,0.0,2.03,22.69
20020219,25.81,33.71,19.07,68.98,0.0,1.91,22.87
20020220,25.86,33.73,20.06,68.03,0.0,1.95,22.76
20020221,25.19,34.25,17.41,65.09,0.0,2.11,24.07
20020222,25.34,33.91,19.52,66.18,0.0,2.23,23.71
20020223,24.49,33.3,17.43,66.03,0.0,2.49,24.48
20020224,24.14,33.55,17.06,65.44,0.0,2.26,24.76
20020225,24.35,34.12,16.14,62.59,0.0,1.87,25.56
20020226,26.11,34.97,18.21,67.23,0.0,2.15,24.24
20020227,27.33,35.26,20.66,67.04,0.0,2.28,23.92
20020228,27.25,35.73,20.99,63.85,0.0,2.02,24.14
20020301,26.7,35.88,18.93,57.95,0.0,2.17,23.71
20020302,26.25,35.47,18.72,59.6,0.0,1.99,23.78
20020303,26.36,35.94,17.79,55.94,0.0,1.81,25.52
20020304,26.06,35.24,19.03,57.45,0.0,1.71,25.77
20020305,26.42,36.19,19.04,57.59,0.0,1.77,25.07
20020306,26.79,36.33,18.61,60.7,0.0,1.64,24.52
20020307,27.87,36.75,21.18,62.48,0.0,1.31,22.51
20020308,27.9,36.45,21.51,64.13,0.03,1.92,21.21
20020309,27.33,36.06,21.25,61.72,0.0,2.2,23.86
20020310,27.46,36.32,19.89,59.32,0.0,2.18,23.51
20020311,27.91,37.52,19.67,53.31,0.0,2.34,25.64
20020312,27.93,37.47,20.02,53.67,0.0,2.12,25.76
20020313,27.93,36.82,21.09,62.14,0.0,2.06,24.76
20020314,28.5,36.51,22.21,64.27,0.6,2.13,18.08
20020315,29.34,37.03,23.4,61.82,0.48,1.89,21.84
20020316,28.2,34.61,24.17,70.12,5.8,1.73,22.6
20020317,28.57,37.08,23.06,59.54,0.24,2.24,23.88
20020318,27.51,36.05,21.58,61.12,0.0,2.5,25.73
20020319,28.16,37.31,21.43,60.8,0.0,2.61,24.61
20020320,28.57,37.15,21.91,59.69,0.0,2.24,24.76
20020321,29.43,37.85,21.95,59.65,0.0,1.98,24.34
20020322,30.88,38.69,24.37,51.96,0.0,1.58,23.26
20020323,32.14,40.15,24.9,45.85,0.0,1.48,23.6
20020324,32.02,39.8,25.54,44.25,0.0,1.92,22.55
20020325,31.09,39.94,24.15,50.17,0.0,2.36,24.5
20020326,30.4,39.28,23.25,57.09,0.03,2.4,24.45
20020327,30.88,38.43,23.85,57.28,0.53,2.34,24.12
20020328,31.54,39.07,25.49,53.62,0.25,2.43,24.96
20020329,31.69,39.19,25.42,56.12,0.21,2.03,25.12
20020330,29.19,33.64,25.73,66.16,1.12,1.96,22.19
20020331,30.39,38.36,24.56,59.62,0.24,2.13,24.5
20020401,30.97,39.52,23.78,54.69,0.05,2.36,23.13
20020402,32.22,39.56,25.5,48.91,0.15,1.38,23.8
20020403,30.94,34.99,27.47,52.42,0.01,1.63,22.72
20020404,32.76,40.22,26.06,45.7,0.06,2.06,23.85
20020405,31.84,39.81,26.07,49.17,0.33,2.62,23.15
20020406,30.9,39.15,24.71,51.6,0.34,2.09,23.11
20020407,30.55,38.71,24.09,54.4,1.25,2.22,23.1
20020408,31.13,39.32,24.45,54.59,0.93,2.12,21.73
20020409,31.68,39.78,25.08,53.23,0.0,2.26,23.73
20020410,31.35,39.05,25.56,55.41,0.21,2.67,23.11
20020411,31.51,39.72,25.03,54.87,1.49,2.46,22.77
20020412,30.2,37.12,25.18,64.63,4.8,2.4,19.33
20020413,29.33,35.39,24.85,66.73,3.07,1.83,20.92
20020414,29.47,35.3,25.15,63.42,0.2,1.87,22.43
20020415,30.59,38.54,23.37,56.71,0.0,2.17,22.83
20020416,30.64,38.93,24.06,55.25,2.05,2.01,21.87
20020417,30.54,38.75,24.21,57.48,0.17,1.89,22.91
20020418,30.56,39.27,23.37,55.82,0.71,2.29,23.0
20020419,29.47,36.16,24.56,65.64,4.46,2.45,21.21
20020420,29.63,35.55,24.97,65.8,0.21,2.16,20.7
20020421,29.55,36.22,24.93,64.78,2.49,2.31,19.69
20020422,29.05,34.7,24.26,64.72,0.19,1.91,21.77
20020423,30.89,39.19,23.95,57.89,0.38,2.4,21.79
20020424,31.06,39.37,24.03,57.05,0.2,2.2,22.11
20020425,30.79,38.16,25.14,54.87,0.7,2.19,21.43
20020426,30.29,37.51,24.57,61.39,0.29,2.46,21.9
20020427,30.71,38.33,24.61,60.79,0.86,2.54,22.34
20020428,30.94,37.63,25.15,58.6,0.17,2.34,20.34
20020429,31.9,40.5,24.83,54.23,0.0,2.34,22.41
20020430,32.13,41.02,25.19,53.14,0.04,2.29,23.87
20020501,32.09,40.65,24.76,53.16,0.26,2.37,20.69
20020502,29.89,35.31,26.23,65.13,2.56,2.4,17.32
20020503,28.07,31.28,25.85,76.96,6.22,2.23,16.65
20020504,26.31,28.46,24.77,89.19,15.7,1.31,6.3
20020505,28.25,34.27,23.99,74.32,2.27,3.05,20.01
20020506,29.25,36.03,24.01,69.23,1.98,2.84,24.73
20020507,29.71,36.61,24.13,65.94,0.43,2.56,24.56
20020508,32.09,40.48,24.39,56.14,0.02,1.81,25.29
20020509,32.01,38.72,26.82,55.88,0.06,2.06,22.87
20020510,28.62,31.63,25.6,68.21,39.52,2.2,19.61
20020511,30.59,37.77,25.21,61.78,1.43,3.41,22.35
20020512,31.65,40.21,24.97,55.6,0.9,2.6,24.63
20020513,28.87,33.48,25.51,69.2,8.61,2.82,23.55
20020514,30.2,37.8,25.01,59.78,0.76,2.65,23.84
20020515,31.4,37.45,25.3,57.92,0.32,1.82,24.52
20020516,31.77,38.61,26.43,58.93,0.85,1.97,21.59
20020517,29.04,34.19,25.25,68.58,6.26,2.69,23.51
20020518,27.95,32.47,24.95,78.38,14.86,2.62,23.67
20020519,28.62,34.41,24.32,70.07,0.33,3.34,18.58
20020520,28.19,32.53,25.08,73.26,0.63,2.66,23.57
20020521,28.15,33.52,24.0,72.99,4.23,1.88,24.44
20020522,27.74,31.77,24.38,76.03,0.2,1.75,23.74
20020523,28.43,33.05,24.51,74.04,0.0,1.96,24.77
20020524,29.73,35.97,24.35,66.28,0.0,1.89,24.22
20020525,29.91,36.44,25.11,64.41,0.13,2.13,23.52
20020526,30.72,37.51,25.14,60.37,0.02,1.76,22.22
20020527,29.66,35.37,25.57,65.56,1.31,1.48,24.3
20020528,29.23,34.87,24.99,70.47,12.27,2.03,24.76
20020529,27.82,32.56,24.3,76.09,11.77,1.96,23.8
20020530,29.49,35.78,23.73,68.33,0.37,1.44,19.13
20020531,28.78,32.85,25.52,70.87,0.01,1.58,21.05
20020601,27.3,30.81,24.05,76.91,11.83,2.27,21.24
20020602,27.19,32.67,22.83,77.91,9.19,2.81,24.07
20020603,27.75,33.05,23.44,74.15,0.33,2.37,24.97
20020604,28.78,35.37,23.14,69.66,0.3,2.27,24.47
20020605,29.52,35.82,24.2,66.66,0.29,1.89,22.62
20020606,28.65,33.55,25.07,70.0,0.67,1.97,22.65
20020607,29.12,34.29,24.64,68.16,0.95,1.2,23.83
20020608,28.75,34.33,25.13,71.41,4.07,1.69,23.09
20020609,28.51,33.46,25.16,75.16,36.62,2.0,23.25
20020610,27.19,31.44,24.1,80.49,22.48,1.67,20.83
20020611,26.93,30.83,23.85,81.09,20.99,1.78,20.66
20020612,27.24,30.92,24.08,80.1,15.14,1.7,15.95
20020613,26.87,30.86,23.99,80.95,8.24,2.12,21.79
20020614,27.28,31.95,23.82,75.24,2.86,2.66,22.49
20020615,27.57,32.48,24.63,69.23,0.58,3.79,15.85
20020616,26.76,31.02,23.63,72.18,0.01,2.68,22.52
20020617,27.33,33.03,22.96,70.92,0.02,1.89,20.7
20020618,27.13,32.53,22.44,73.35,1.07,2.13,19.84
20020619,27.56,33.14,23.93,67.5,0.02,3.3,15.98
20020620,27.49,32.95,23.36,70.79,0.05,2.68,18.46
20020621,27.55,32.88,23.61,73.03,0.01,2.31,22.44
20020622,27.77,33.3,23.39,73.64,0.01,2.19,19.34
20020623,27.98,33.85,23.06,72.16,1.26,2.66,21.22
20020624,27.81,33.46,24.26,69.5,0.27,3.51,18.46
20020625,28.49,35.21,23.65,67.55,0.01,2.82,23.0
20020626,28.93,36.38,23.18,67.53,0.0,2.73,23.89
20020627,29.01,35.94,23.05,67.94,0.0,1.69,22.93
20020628,30.08,36.98,23.85,63.59,0.06,1.72,23.36
20020629,29.79,36.2,24.8,66.24,0.02,1.87,21.11
20020630,29.58,36.53,24.72,64.5,0.09,1.97,22.18
20020701,29.31,36.94,22.88,63.08,0.74,2.47,22.44
20020702,29.1,35.93,23.85,63.99,0.69,3.16,22.39
20020703,29.03,35.85,23.76,65.55,0.95,2.55,22.6
20020704,29.4,36.71,23.38,65.1,0.57,2.13,22.15
20020705,29.71,37.57,23.39,62.42,0.34,2.64,22.02
20020706,28.84,34.83,24.11,66.39,0.5,2.42,23.59
20020707,29.53,36.89,23.94,62.34,0.03,2.33,23.25
20020708,29.32,36.48,23.73,60.22,0.06,2.17,22.94
20020709,28.77,36.57,22.84,59.64,0.01,3.0,20.93
20020710,28.75,36.52,22.87,61.27,0.87,3.35,24.36
20020711,29.1,36.88,22.61,63.67,3.84,3.75,22.7
20020712,29.27,35.29,24.8,63.59,0.96,4.02,18.18
20020713,29.49,36.31,24.03,61.09,0.05,3.58,19.24
20020714,29.58,36.88,24.15,58.77,0.02,4.24,20.83
20020715,29.76,37.37,24.0,58.2,0.25,4.08,22.06
20020716,28.81,35.08,24.02,59.5,0.1,4.34,20.31
20020717,29.0,35.83,24.15,57.82,0.02,3.95,15.8
20020718,28.63,34.37,23.97,60.38,0.13,2.91,20.88
20020719,28.99,35.53,23.83,62.28,0.62,2.07,21.82
20020720,29.05,36.14,23.57,61.96,0.07,2.22,22.06
20020721,28.54,34.17,24.65,63.18,0.16,2.18,19.77
20020722,28.32,35.07,23.09,62.3,0.0,1.64,19.72
20020723,28.41,34.18,23.86,64.9,0.07,1.51,21.9
20020724,28.23,33.57,23.86,65.86,0.01,1.86,20.26
20020725,27.54,33.8,22.7,63.73,0.31,2.75,18.58
20020726,28.73,36.94,22.26,54.16,0.01,2.56,23.28
20020727,29.78,37.75,23.09,56.03,0.51,3.09,23.25
20020728,29.84,36.76,23.91,59.68,0.42,2.34,18.15
20020729,29.79,35.92,24.64,59.41,0.9,3.28,20.1
20020730,29.45,35.33,25.24,60.35,1.64,3.83,18.39
20020731,27.94,33.17,23.87,68.38,4.7,2.68,20.65
20020801,28.27,34.74,24.36,61.92,3.61,3.12,21.95
20020802,28.07,33.86,23.41,57.37,0.19,3.57,22.01
20020803,27.26,33.26,23.21,54.49,0.02,4.2,19.44
20020804,27.62,34.18,23.36,56.23,4.0,4.35,21.28
20020805,27.77,33.71,22.84,62.19,1.35,3.17,20.62
20020806,28.27,35.36,23.2,60.66,0.42,3.33,20.67
20020807,26.98,33.51,22.4,64.3,1.38,3.0,18.56
20020808,26.39,32.09,22.39,65.4,0.41,3.0,15.73
20020809,27.47,34.63,22.69,59.03,1.75,4.05,13.44
20020810,27.04,32.93,22.51,60.12,0.97,3.34,20.02
20020811,27.47,33.68,22.58,56.85,0.7,3.5,19.74
20020812,27.33,33.77,23.19,55.66,0.0,4.23,20.92
20020813,28.79,36.65,22.68,54.35,0.51,3.49,19.63
20020814,29.95,37.67,24.3,56.3,0.28,3.64,23.13
20020815,27.91,33.59,24.45,63.25,5.74,3.74,22.42
20020816,26.88,31.73,23.68,70.5,9.82,3.47,16.76
20020817,26.26,31.19,23.08,71.45,11.68,3.55,15.47
20020818,28.09,35.33,22.32,64.27,0.52,3.5,24.61
20020819,28.79,36.65,22.59,60.98,0.09,3.15,25.09
20020820,29.79,37.87,23.2,58.76,0.01,3.33,24.17
20020821,27.87,33.72,23.57,64.01,0.01,2.74,23.68
20020822,28.36,35.01,22.55,62.46,0.01,2.97,21.51
20020823,29.49,37.08,23.4,58.06,0.07,3.05,21.17
20020824,29.87,37.92,23.15,56.97,0.26,2.4,22.23
20020825,29.21,35.71,23.61,57.58,0.07,1.66,22.37
20020826,29.17,34.82,24.62,61.46,4.69,1.39,21.51
20020827,28.28,32.32,24.88,69.76,1.4,1.14,18.85
20020828,28.45,33.5,24.18,68.07,0.97,1.31,21.43
20020829,27.53,31.97,24.13,70.28,0.02,1.18,17.38
20020830,29.24,35.74,23.89,62.07,0.0,1.29,24.12
20020831,30.15,38.36,23.27,54.95,0.0,1.89,24.34
20020901,30.09,37.29,23.14,54.22,0.0,2.06,23.79
20020902,29.74,36.45,23.85,55.94,0.34,1.72,24.38
20020903,30.21,38.14,22.93,54.55,0.52,2.44,24.69
20020904,30.13,36.97,24.31,58.77,2.6,1.51,24.66
20020905,29.51,35.54,24.86,59.59,1.16,1.94,23.11
20020906,28.66,36.78,23.32,61.07,2.41,3.07,22.89
20020907,28.7,36.9,22.21,61.71,1.09,2.98,21.71
20020908,29.17,36.81,22.78,59.55,1.17,3.41,21.1
20020909,28.81,36.5,23.49,61.66,3.74,3.57,16.12
20020910,28.93,36.17,23.28,59.85,0.58,2.93,23.52
20020911,29.61,38.28,22.16,53.68,0.32,2.95,25.28
20020912,30.1,38.76,21.99,53.8,0.13,2.5,22.67
20020913,31.04,38.69,23.43,50.31,0.11,1.37,23.88
20020914,30.77,37.13,25.59,52.34,0.43,1.53,21.41
20020915,28.61,32.76,25.36,64.51,7.53,1.22,23.4
20020916,29.8,37.46,23.85,58.73,0.24,2.05,24.27
20020917,29.24,35.58,23.91,58.76,0.74,1.34,24.13
20020918,30.22,37.0,23.68,55.14,0.0,1.3,22.62
20020919,29.9,35.4,25.12,55.83,1.68,0.88,19.64
20020920,29.36,34.86,24.36,60.26,0.27,1.29,17.74
20020921,30.8,38.47,24.82,53.53,0.18,1.87,23.84
20020922,31.13,38.84,24.48,46.6,0.0,1.52,22.33
20020923,30.86,39.59,22.54,42.08,0.0,1.49,25.41
20020924,30.88,38.99,22.74,45.44,0.0,1.78,24.89
20020925,31.52,39.79,23.17,46.7,0.0,1.3,23.71
20020926,30.61,37.26,25.44,55.03,8.44,1.19,22.01
20020927,30.02,35.54,25.32,62.08,0.02,1.3,21.83
20020928,29.35,34.54,25.54,65.03,5.27,0.85,23.42
20020929,28.72,34.21,24.4,65.28,0.39,1.54,22.99
20020930,29.76,37.45,23.36,58.88,0.29,1.92,22.46
20021001,28.78,35.06,24.3,65.0,2.46,1.83,16.94
20021002,28.39,34.02,24.17,68.23,0.5,2.03,21.31
20021003,29.7,36.89,23.42,61.18,0.77,1.82,20.45
20021004,30.28,37.27,24.43,60.43,1.1,1.6,17.83
20021005,27.67,31.71,24.71,74.89,11.17,1.35,18.85
20021006,27.34,31.8,24.34,77.8,10.21,1.14,19.29
20021007,26.06,29.16,24.03,83.96,6.77,1.59,14.52
20021008,26.18,30.6,23.65,84.01,16.72,2.12,14.98
20021009,26.14,30.7,22.74,81.93,7.59,1.32,13.22
20021010,26.71,31.79,23.09,79.37,4.29,1.67,21.18
20021011,27.26,32.59,23.13,76.41,4.2,1.74,21.32
20021012,26.38,29.73,23.61,83.27,7.0,1.36,17.9
20021013,26.57,31.17,23.01,80.42,6.47,1.76,20.89
20021014,25.64,29.22,23.28,86.54,19.12,3.03,14.64
20021015,25.56,29.24,22.91,88.04,6.36,2.7,20.79
20021016,25.77,30.48,22.1,85.68,21.4,2.64,20.43
20021017,26.05,30.74,22.5,81.32,1.81,1.8,20.89
20021018,26.44,30.94,22.46,80.08,12.35,1.02,22.87
20021019,25.75,28.86,23.04,83.44,13.24,1.15,18.21
20021020,27.18,33.52,22.5,72.21,3.03,1.79,13.91
20021021,25.77,29.28,22.75,69.49,0.65,1.55,14.02
20021022,26.99,32.85,21.17,67.16,2.71,0.92,20.3
20021023,27.09,33.02,22.72,73.25,1.74,1.08,20.29
20021024,26.9,32.14,23.19,75.85,1.35,0.93,18.31
20021025,26.04,29.4,23.6,83.75,3.53,1.05,15.45
20021026,25.42,27.74,23.78,89.47,7.08,0.72,18.7
20021027,26.02,31.14,22.26,83.7,27.73,1.25,18.67
20021028,25.05,27.6,23.17,86.64,10.61,0.85,16.67
20021029,24.79,27.78,22.98,90.05,17.27,1.31,20.65
20021030,24.84,28.47,21.88,88.51,34.7,1.56,18.08
20021031,24.44,28.31,21.87,88.26,5.04,2.48,9.24
20021101,25.13,30.07,21.58,84.6,1.82,1.42,20.19
20021102,24.43,27.03,22.7,91.24,6.44,2.0,17.7
20021103,24.72,27.78,22.63,88.82,0.93,2.21,18.3
20021104,24.51,27.79,22.4,89.09,1.56,2.27,14.65
20021105,24.74,28.36,21.98,89.16,1.17,2.19,14.24
20021106,24.73,28.54,22.39,88.85,8.17,1.54,14.93
20021107,25.07,29.02,22.11,86.96,2.73,1.35,16.1
20021108,25.21,29.61,21.9,86.21,1.23,2.48,12.08
20021109,24.8,27.83,22.27,88.91,3.27,1.87,17.09
20021110,25.26,28.87,22.2,85.5,4.26,1.37,13.18
20021111,25.17,28.85,23.14,85.92,1.11,1.2,16.79
20021112,26.67,30.97,22.63,79.57,0.13,0.87,18.45
20021113,26.2,30.43,23.06,83.32,11.68,1.1,17.04
20021114,25.76,29.48,23.12,81.59,8.23,1.08,19.25
20021115,24.94,28.95,22.48,84.82,0.04,2.31,16.77
20021116,24.35,27.62,21.82,85.85,0.04,2.25,16.07
20021117,24.21,27.6,22.16,86.38,0.06,2.53,15.6
20021118,23.36,25.1,21.2,91.41,4.1,2.97,8.34
20021119,23.95,26.57,22.4,92.07,2.5,2.28,5.5
20021120,23.88,27.07,21.61,92.15,1.83,1.98,10.41
20021121,24.27,27.47,21.8,89.84,1.2,1.86,15.69
20021122,23.41,27.45,20.93,84.58,2.23,1.74,15.76
20021123,22.99,29.08,18.99,77.62,0.04,1.73,12.3
20021124,24.66,30.31,19.05,72.06,0.07,1.0,19.82
20021125,26.5,32.54,21.56,75.87,0.03,0.6,19.77
20021126,26.42,32.18,21.43,77.15,0.0,0.89,20.19
20021127,25.46,30.64,21.83,76.36,1.46,1.12,19.61
20021128,23.69,30.33,18.49,74.06,0.0,1.43,21.5
20021129,23.48,30.24,18.19,77.12,0.0,1.51,20.58
20021130,22.78,29.99,16.68,74.45,0.0,1.45,20.68
20021201,22.78,30.03,16.81,76.28,0.0,1.56,20.77
20021202,23.76,30.53,18.3,78.0,0.19,1.62,17.29
20021203,24.79,30.5,20.63,82.37,0.22,1.82,13.15
20021204,24.86,30.76,20.92,78.63,0.01,1.83,18.47
20021205,24.62,31.31,19.57,77.44,0.01,2.26,18.45
20021206,23.7,27.55,20.74,89.52,9.51,2.31,12.0
20021207,24.01,26.72,22.42,91.1,5.58,2.52,8.83
20021208,24.25,27.83,21.6,88.42,1.05,2.55,14.39
20021209,24.16,29.03,20.68,83.3,0.8,3.05,16.46
20021210,23.91,28.19,20.83,85.6,0.62,3.05,8.1
20021211,23.73,28.47,20.89,82.01,0.3,2.62,17.97
20021212,23.81,29.63,20.13,78.49,0.03,2.85,16.12
20021213,23.35,30.05,19.18,73.09,0.08,3.27,13.56
20021214,23.02,29.18,18.67,78.47,0.67,2.89,15.91
20021215,23.97,30.46,18.16,79.36,0.15,3.14,12.87
20021216,24.63,30.41,20.65,79.44,1.79,3.29,15.89
20021217,23.3,29.42,19.18,75.02,0.32,2.86,12.63
20021218,23.28,31.14,18.49,74.99,0.03,2.55,12.72
20021219,22.6,28.87,18.63,77.2,0.0,2.24,15.86
20021220,22.87,30.84,18.24,73.56,0.0,2.22,19.54
20021221,22.47,30.54,17.29,71.28,0.0,2.34,18.51
20021222,22.28,29.05,17.99,79.64,0.0,2.13,16.21
20021223,23.17,30.54,17.99,75.43,0.0,2.64,18.59
20021224,23.35,31.11,18.12,71.45,0.0,2.53,19.99
20021225,22.68,31.21,16.53,70.83,0.0,2.01,19.75
20021226,22.72,31.16,15.57,70.37,0.0,1.84,21.49
20021227,23.33,30.69,16.89,72.4,0.0,1.68,19.99
20021228,23.97,30.9,18.47,70.96,0.01,1.63,19.77
20021229,23.98,30.84,18.63,70.88,0.0,1.68,19.23
20021230,23.81,30.77,18.95,70.71,0.0,1.27,18.42
20021231,23.99,31.34,18.1,69.51,0.0,0.92,18.36
20030101,24.37,31.61,19.22,70.54,0.0,1.0,19.36
20030102,24.5,31.6,18.86,68.69,0.0,1.94,19.53
20030103,24.18,31.17,19.17,69.81,0.0,2.36,19.95
20030104,24.72,32.55,18.12,72.63,0.13,2.5,11.26
20030105,25.24,32.59,20.08,69.91,0.01,3.16,13.36
20030106,24.77,31.32,20.33,69.29,1.41,3.34,16.16
20030107,24.85,32.04,20.13,67.96,0.06,2.81,14.0
20030108,25.22,32.25,19.85,67.74,0.27,2.35,14.65
20030109,24.97,31.44,20.7,74.83,1.76,2.5,10.98
20030110,25.24,31.87,20.77,73.3,1.88,2.84,11.6
20030111,25.22,32.62,20.16,68.11,0.0,2.49,14.58
20030112,24.26,31.91,18.92,67.33,0.0,2.78,19.07
20030113,24.2,31.16,18.62,68.21,0.0,2.34,19.04
20030114,24.01,30.37,18.87,68.09,0.0,2.76,20.87
20030115,23.78,30.5,17.51,70.99,0.0,2.65,19.1
20030116,24.56,32.06,19.58,66.53,0.0,2.87,17.87
20030117,24.27,32.35,18.27,63.55,0.0,2.82,19.9
20030118,25.03,33.26,18.09,67.19,0.01,3.08,20.79
20030119,26.0,33.32,20.25,72.61,0.68,2.87,13.36
20030120,26.76,33.77,21.63,71.19,0.06,3.09,18.1
20030121,26.31,33.91,21.25,67.51,0.0,2.6,20.45
20030122,25.59,33.98,20.15,62.94,0.0,2.44,22.4
20030123,25.16,34.0,18.18,63.63,0.0,1.9,22.02
20030124,26.2,34.82,19.78,64.27,0.0,1.69,21.54
20030125,25.28,33.9,19.55,63.55,0.0,1.87,21.89
20030126,25.1,33.35,19.09,67.4,0.0,2.26,20.46
20030127,25.07,33.68,18.76,65.86,0.0,2.39,20.15
20030128,24.77,33.48,18.61,64.75,0.0,2.43,21.25
20030129,24.24,33.15,17.48,62.81,0.0,2.35,22.79
20030130,24.74,33.61,18.12,63.55,0.0,2.15,22.26
20030131,25.55,34.35,17.68,63.59,0.0,2.01,22.06
20030201,26.74,34.13,21.31,71.97,3.71,1.99,19.07
20030202,26.19,31.9,22.31,74.05,1.63,2.52,16.35
20030203,26.87,34.51,21.42,62.51,0.0,2.34,16.72
20030204,27.48,35.36,21.66,63.2,0.0,2.27,20.77
20030205,27.68,35.33,21.84,63.36,0.64,2.65,21.04
20030206,27.69,35.27,22.52,64.64,0.74,3.06,18.36
20030207,26.38,33.76,21.77,70.29,7.71,2.67,16.23
20030208,26.72,34.03,21.65,66.98,1.67,1.95,19.17
20030209,27.36,35.57,21.24,62.32,0.0,2.24,22.72
20030210,27.68,35.67,21.95,64.82,0.0,2.59,20.91
20030211,27.81,35.89,21.8,62.41,0.0,2.9,21.14
20030212,27.64,34.59,22.46,66.8,1.14,2.92,14.78
20030213,28.16,35.62,22.61,65.11,0.19,2.17,16.16
20030214,28.81,37.13,22.35,63.91,0.01,2.3,19.6
20030215,28.77,36.57,23.23,65.29,4.75,2.16,20.12
20030216,28.38,36.29,23.06,64.31,0.16,2.26,20.81
20030217,27.77,35.93,22.6,64.15,0.28,2.08,22.51
20030218,27.53,36.39,21.35,60.55,0.0,1.83,24.99
20030219,27.71,36.56,21.18,56.66,0.0,1.58,24.2
20030220,27.64,36.99,20.26,53.32,0.0,1.7,25.34
20030221,27.69,37.29,19.43,52.92,0.0,2.15,25.64
20030222,28.14,37.2,21.09,54.63,0.0,1.84,24.91
20030223,27.78,36.57,20.96,58.16,0.02,2.35,21.38
20030224,28.44,37.2,21.43,58.65,0.0,2.24,22.62
20030225,28.93,36.7,22.36,52.33,0.41,1.75,23.24
20030226,28.52,36.46,22.58,55.05,5.09,1.73,23.65
20030227,27.55,35.37,21.62,61.24,3.39,1.93,23.48
20030228,27.63,36.12,20.41,57.57,0.0,2.44,24.37
20030301,27.83,36.51,20.6,55.1,0.0,1.84,23.89
20030302,27.8,36.85,20.4,53.71,0.0,1.98,24.33
20030303,27.82,36.94,19.96,54.31,0.0,1.76,25.48
20030304,28.52,37.46,21.38,53.47,0.0,1.69,23.87
20030305,28.88,37.55,21.49,51.7,0.0,1.9,23.3
20030306,29.68,38.24,21.91,55.93,0.02,2.5,24.19
20030307,29.36,36.91,23.61,57.34,0.11,2.42,21.04
20030308,29.02,37.79,22.05,56.74,0.0,2.24,23.4
20030309,29.05,37.98,22.59,57.53,0.0,2.68,22.92
20030310,28.69,37.51,22.48,55.02,0.0,2.18,23.1
20030311,28.63,37.87,21.16,50.61,0.0,2.02,22.41
20030312,29.42,38.05,22.28,55.15,0.07,2.24,23.44
20030313,30.16,38.19,24.2,60.37,1.95,2.52,21.28
20030314,30.41,37.95,24.2,57.81,0.32,2.4,22.73
20030315,30.21,37.3,24.17,57.81,0.99,2.1,22.14
20030316,28.45,33.96,24.54,63.95,0.64,1.79,22.5
20030317,29.52,36.73,23.98,62.61,4.02,2.16,23.96
20030318,28.17,34.21,24.47,73.72,9.89,1.85,19.17
20030319,27.23,31.85,24.1,78.28,13.1,1.28,17.51
20030320,26.52,30.08,24.03,81.42,2.75,0.98,17.62
20030321,27.88,33.87,23.51,70.66,0.09,1.91,23.9
20030322,28.53,36.52,23.01,61.93,0.0,2.82,25.24
20030323,26.36,33.39,21.31,65.62,0.0,2.21,25.99
20030324,26.66,36.88,17.88,57.5,0.0,2.4,25.93
20030325,27.43,36.84,19.08,56.47,0.0,1.87,26.37
20030326,27.53,36.21,19.83,60.33,0.0,1.76,23.91
20030327,28.91,37.53,22.07,58.23,0.0,1.65,22.44
20030328,29.68,37.99,21.76,54.3,0.0,1.79,23.05
20030329,30.11,37.99,23.51,55.9,2.36,2.24,24.01
20030330,30.25,38.28,23.83,56.71,0.65,2.23,23.22
20030331,31.08,39.35,24.02,52.49,0.85,1.84,24.23
20030401,31.72,39.73,25.26,54.13,1.5,2.09,23.38
20030402,32.25,39.87,25.45,49.65,0.5,2.17,23.81
20030403,32.36,39.47,26.06,49.63,0.26,1.87,21.81
20030404,31.78,38.57,25.99,49.97,0.19,1.33,22.81
20030405,31.88,38.16,26.31,48.97,0.25,1.48,22.25
20030406,29.86,35.23,25.92,58.89,0.74,1.8,22.8
20030407,30.18,37.66,23.73,48.62,0.0,2.32,25.14
20030408,30.6,38.19,23.61,49.61,0.0,2.05,22.56
20030409,31.75,39.54,24.77,51.32,0.06,2.16,23.36
20030410,31.56,38.69,25.87,54.04,1.58,2.57,22.52
20030411,30.26,34.99,25.48,60.35,0.81,1.92,20.5
20030412,31.46,38.66,25.01,54.69,0.26,1.79,23.88
20030413,31.5,40.23,24.84,45.55,0.19,2.07,25.7
20030414,31.1,39.48,23.76,50.72,0.64,2.31,25.21
20030415,30.14,36.05,26.29,64.39,2.69,2.3,21.64
20030416,30.35,37.46,25.15,63.63,0.55,2.13,22.01
20030417,30.85,39.0,24.53,57.48,1.26,2.12,24.45
20030418,31.56,40.02,24.37,53.72,0.29,1.88,25.52
20030419,32.12,40.46,24.79,51.63,0.01,2.05,24.55
20030420,31.49,38.4,26.11,56.36,1.66,2.01,22.31
20030421,30.22,35.5,25.84,59.33,1.16,1.69,18.51
20030422,30.25,36.6,24.47,57.85,0.12,1.81,21.53
20030423,31.35,39.36,24.57,54.27,0.01,2.05,22.89
20030424,32.03,40.36,24.71,48.67,0.0,2.18,24.85
20030425,31.32,38.78,25.57,50.32,0.59,2.23,26.08
20030426,31.59,39.65,24.33,48.95,0.11,2.2,23.66
20030427,29.97,34.78,26.34,61.02,0.78,2.22,22.66
20030428,29.09,34.63,25.29,66.44,5.03,2.05,17.3
20030429,28.35,34.31,24.38,71.26,9.9,1.98,21.15
20030430,26.86,31.42,24.24,80.64,4.83,1.98,12.58
20030501,26.75,31.05,23.88,81.87,11.89,1.5,20.01
20030502,27.54,31.74,24.47,77.68,0.19,1.64,16.99
20030503,29.71,35.42,25.21,69.07,0.0,1.85,24.32
20030504,30.69,35.93,26.66,65.09,1.15,1.63,25.53
20030505,30.01,35.47,25.9,69.11,18.43,1.66,23.37
20030506,29.47,35.3,24.98,70.67,6.89,2.45,21.77
20030507,29.94,35.47,25.24,62.35,0.03,1.74,19.63
20030508,30.52,36.22,25.73,62.86,0.0,1.44,24.5
20030509,30.55,36.56,25.65,63.62,0.0,1.67,20.99
20030510,29.48,35.61,24.62,61.87,0.0,1.78,14.87
20030511,28.71,33.52,24.76,66.15,0.02,1.13,14.15
20030512,30.13,36.62,24.22,60.13,0.86,2.14,17.99
20030513,28.72,33.73,25.61,74.17,32.28,1.99,11.93
20030514,29.29,36.06,25.06,68.06,0.16,3.39,18.96
20030515,30.74,38.36,25.13,58.52,0.01,3.54,19.87
20030516,28.85,34.41,25.92,69.32,1.2,2.55,13.27
20030517,28.14,33.08,25.19,68.6,0.53,2.59,20.14
20030518,30.83,39.54,24.54,58.18,0.06,2.46,22.95
20030519,31.59,40.36,24.05,54.9,0.0,2.24,24.15
20030520,32.44,40.83,24.91,54.04,0.0,1.96,23.75
20030521,32.55,40.79,25.56,54.87,0.0,1.92,24.08
20030522,31.65,39.3,25.2,54.87,0.0,1.59,24.21
20030523,30.17,35.73,25.56,62.21,5.33,1.63,24.75
20030524,30.51,37.2,25.45,63.44,0.64,1.85,23.84
20030525,29.6,34.07,26.36,68.59,11.8,1.55,23.66
20030526,29.33,33.48,25.3,75.52,29.82,1.45,24.11
20030527,29.47,34.28,25.97,72.91,6.76,1.65,23.6
20030528,30.01,36.18,25.55,68.02,0.3,2.22,22.7
20030529,29.03,33.39,25.98,66.41,0.33,3.02,20.52
20030530,29.65,37.28,24.9,62.06,0.14,2.12,18.67
20030531,31.22,39.0,25.5,58.56,0.0,2.07,23.27
20030601,30.47,36.58,25.83,62.24,0.34,1.94,23.67
20030602,30.99,37.67,25.3,58.28,0.01,1.75,23.49
20030603,30.85,36.89,25.41,63.99,0.03,1.56,23.14
20030604,31.16,37.78,25.69,62.22,0.01,1.79,21.69
20030605,30.67,37.47,25.87,62.16,0.12,2.7,21.36
20030606,30.5,36.96,25.28,63.87,0.02,2.17,24.12
20030607,29.35,33.9,25.85,69.98,3.12,1.56,23.2
20030608,30.29,36.24,25.3,62.72,0.55,1.51,20.45
20030609,30.86,37.5,24.8,57.34,0.02,1.88,24.07
20030610,31.3,37.88,25.1,59.23,0.0,1.45,23.85
20030611,29.81,33.89,26.27,65.94,0.03,1.65,23.53
20030612,29.6,34.28,25.93,66.63,0.18,2.19,22.39
20030613,29.41,35.58,24.61,64.34,0.79,2.54,22.22
20030614,27.76,33.28,23.97,71.61,6.83,2.37,19.81
20030615,27.66,33.82,23.36,69.16,1.33,3.05,21.56
20030616,27.68,33.03,23.37,72.93,6.4,2.5,21.34
20030617,27.86,32.58,24.71,73.5,3.35,3.0,21.52
20030618,27.58,32.12,23.97,73.9,5.09,2.87,22.08
20030619,27.16,32.59,23.83,75.5,5.66,3.1,19.03
20030620,26.94,31.85,23.12,72.96,8.05,2.87,20.03
20030621,26.34,29.93,23.68,75.37,5.55,2.84,19.23
20030622,26.17,30.73,22.97,77.19,11.76,2.66,18.87
20030623,26.52,32.1,22.18,71.79,4.12,2.89,19.74
20030624,27.96,34.54,22.6,67.67,0.39,2.11,20.52
20030625,28.02,33.67,23.51,68.11,0.1,1.9,21.48
20030626,27.86,33.54,23.54,68.15,0.0,1.54,22.31
20030627,28.34,34.55,23.77,66.1,0.45,2.11,23.93
20030628,27.91,34.1,23.47,65.32,5.94,2.4,20.92
20030629,26.74,32.62,22.19,71.4,1.85,1.56,21.88
20030630,27.0,32.68,22.76,66.03,0.03,2.17,22.11
20030701,27.71,34.07,22.52,66.63,2.65,1.93,20.53
20030702,26.52,31.31,23.42,77.61,31.22,1.89,21.35
20030703,26.88,32.88,22.21,73.26,1.89,2.19,15.96
20030704,26.54,31.57,22.73,75.76,2.6,1.87,18.09
20030705,26.6,31.75,23.11,76.63,2.84,2.04,16.95
20030706,26.29,30.7,22.94,77.1,2.53,2.4,18.91
20030707,26.9,32.7,22.09,68.86,0.1,1.88,24.02
20030708,28.11,34.46,22.87,67.87,0.5,2.09,21.43
20030709,25.86,29.24,23.53,75.87,3.78,2.22,17.83
20030710,26.8,32.28,22.92,73.74,0.15,1.65,18.72
20030711,27.15,32.67,22.65,71.84,1.12,2.29,20.14
20030712,27.76,33.62,23.08,69.63,0.1,2.2,21.54
20030713,28.58,35.67,23.19,66.71,2.98,3.0,23.14
20030714,27.13,31.54,23.56,75.85,0.53,1.65,22.37
20030715,26.61,31.12,23.71,78.99,10.58,2.03,16.53
20030716,27.24,32.36,23.4,73.86,2.14,2.16,15.55
20030717,27.53,32.8,23.5,73.72,0.69,1.69,21.56
20030718,28.68,34.19,23.71,71.83,0.66,1.66,20.96
20030719,28.41,33.01,24.88,71.38,0.04,1.85,23.4
20030720,29.11,34.06,24.54,68.61,0.12,1.16,22.43
20030721,28.28,32.59,25.13,73.21,0.0,1.18,18.13
20030722,28.2,33.23,24.02,72.37,1.04,1.41,21.64
20030723,27.67,31.98,24.42,71.15,0.73,2.38,20.38
20030724,27.25,32.34,23.48,69.46,0.48,2.9,19.33
20030725,27.16,32.02,23.44,68.68,0.62,2.81,20.02
20030726,27.11,32.81,23.1,68.94,0.36,2.72,17.57
20030727,27.16,32.8,23.59,69.61,0.57,2.66,19.16
20030728,27.38,33.07,23.36,71.14,1.05,1.96,24.0
20030729,28.86,35.55,22.88,66.09,0.47,1.33,22.66
20030730,28.3,33.21,24.13,68.21,0.42,1.55,15.08
20030731,26.77,30.36,24.29,78.01,32.89,1.63,14.56
20030801,25.79,29.77,23.51,81.38,2.78,1.74,18.03
20030802,26.71,32.43,22.6,73.05,0.11,2.73,19.78
20030803,27.59,33.82,22.57,72.5,4.09,1.86,21.66
20030804,27.03,33.5,22.86,71.25,8.65,2.73,21.98
20030805,27.84,34.1,22.72,70.04,0.84,2.49,21.21
20030806,27.63,32.77,23.66,71.38,0.73,2.28,19.87
20030807,28.14,34.65,23.5,68.11,0.27,2.93,22.42
20030808,28.74,35.49,23.52,66.49,1.22,2.49,21.69
20030809,29.11,35.22,23.52,68.5,1.89,1.74,22.73
20030810,28.43,33.45,24.53,70.21,0.12,1.52,22.53
20030811,28.16,31.79,24.9,75.75,21.46,1.36,22.04
20030812,27.73,31.06,24.39,77.24,17.51,1.41,22.78
20030813,27.31,31.35,23.95,77.87,3.55,1.56,20.66
20030814,26.22,30.1,23.26,78.38,13.28,1.96,17.38
20030815,26.08,31.1,22.59,78.85,10.9,1.98,22.43
20030816,26.55,31.0,22.99,77.73,4.5,1.92,23.97
20030817,26.02,30.23,23.02,76.49,3.61,2.01,19.27
20030818,26.28,32.38,22.17,72.69,0.05,2.27,17.23
20030819,26.81,32.7,22.35,71.16,0.11,2.67,21.21
20030820,27.05,33.9,21.5,69.98,1.06,2.74,23.98
20030821,26.88,33.32,22.96,71.66,5.18,3.11,16.37
20030822,26.15,30.43,22.96,73.58,6.21,3.47,14.12
20030823,26.79,32.31,22.56,72.67,3.19,2.97,19.21
20030824,27.61,33.25,23.28,74.52,0.69,2.16,22.72
20030825,27.55,32.75,23.6,75.17,0.03,1.62,20.82
20030826,27.1,32.15,22.95,73.35,0.01,1.63,17.31
20030827,27.09,32.35,23.16,73.18,0.01,1.66,20.75
20030828,27.67,35.0,21.89,65.63,0.01,2.0,25.16
20030829,27.43,33.38,22.51,70.55,0.77,1.63,24.27
20030830,27.61,33.87,22.37,71.41,1.37,2.06,23.49
20030831,27.15,32.19,23.01,70.9,4.28,1.93,23.06
20030901,26.95,32.64,22.39,72.18,0.28,2.28,21.73
20030902,27.07,33.16,22.55,69.18,0.45,2.13,21.07
20030903,27.09,32.77,22.36,71.23,20.71,2.09,23.61
20030904,27.5,33.03,22.69,73.14,0.52,1.3,22.91
20030905,27.18,32.56,22.63,72.92,0.0,1.77,22.78
20030906,27.02,32.71,22.03,72.21,1.21,1.97,22.13
20030907,27.64,33.81,22.4,71.21,0.01,1.85,23.82
20030908,28.27,35.36,22.48,68.78,0.0,2.03,24.29
20030909,28.34,35.38,22.81,68.17,0.01,2.22,23.98
20030910,28.05,35.08,22.75,66.58,0.06,2.49,23.19
20030911,28.09,35.7,21.68,64.21,0.0,2.53,24.51
20030912,28.48,36.37,22.26,62.43,0.0,2.15,24.6
20030913,28.45,36.59,22.15,61.93,0.12,2.42,23.76
20030914,27.91,35.95,21.79,63.64,0.83,2.41,24.06
20030915,28.39,36.05,21.72,63.59,0.07,1.97,22.52
20030916,28.8,36.14,22.8,63.96,0.33,1.66,22.09
20030917,28.27,34.12,23.54,68.15,0.06,1.24,21.63
20030918,27.67,32.87,23.85,73.86,17.97,1.15,22.91
20030919,28.18,34.1,22.8,68.56,13.76,1.28,22.42
20030920,28.39,34.29,23.51,69.35,0.08,1.48,22.23
20030921,28.18,33.32,24.1,69.46,0.0,1.16,20.64
20030922,28.34,34.38,23.24,66.39,0.0,1.5,23.42
20030923,28.77,35.87,22.07,64.11,0.0,1.41,23.05
20030924,29.27,36.45,23.17,63.83,0.0,1.32,23.49
20030925,28.49,34.08,23.46,68.59,15.53,1.43,23.64
20030926,27.96,32.96,23.99,75.88,22.38,1.1,21.21
20030927,27.82,32.11,24.12,76.22,0.96,0.94,20.4
20030928,28.38,34.1,24.41,70.55,0.25,1.44,20.54
20030929,28.36,33.98,23.57,73.23,0.08,1.07,22.37
20030930,27.8,31.42,24.6,74.4,0.49,1.35,18.58
20031001,27.01,31.08,23.99,79.71,19.51,1.35,18.33
20031002,26.35,29.77,23.66,84.14,19.93,0.94,14.99
20031003,26.12,29.25,23.75,85.12,13.2,1.04,12.89
20031004,25.83,29.11,23.83,88.71,9.19,2.23,15.85
20031005,26.15,30.52,23.01,85.24,14.66,2.28,19.53
20031006,26.24,30.8,23.3,84.76,19.83,2.84,16.23
20031007,25.8,29.41,23.49,88.0,10.32,2.93,19.12
20031008,26.22,30.74,23.33,85.03,1.29,2.34,22.01
20031009,26.63,33.48,21.04,76.69,0.03,1.9,24.22
20031010,26.38,33.37,19.46,71.82,0.23,1.55,24.81
20031011,26.85,32.6,21.8,77.04,1.54,1.22,22.52
20031012,26.05,29.07,23.72,84.86,18.14,0.9,19.98
20031013,26.1,29.33,23.79,83.77,9.08,0.7,18.22
20031014,25.52,28.74,22.63,85.21,2.36,1.06,19.12
20031015,26.04,30.04,22.83,83.64,0.93,0.99,14.36
20031016,26.1,30.28,23.27,83.61,9.0,1.07,20.69
20031017,26.47,31.11,22.56,83.69,3.58,1.52,21.81
20031018,26.25,29.17,23.27,85.75,46.27,1.54,19.15
20031019,25.75,28.84,23.03,87.77,17.68,1.15,15.55
20031020,24.67,26.66,22.53,89.43,7.65,1.62,16.9
20031021,25.53,29.47,21.95,83.44,9.79,1.73,20.52
20031022,25.65,29.49,22.59,87.89,6.84,1.7,21.66
20031023,25.89,29.69,22.48,88.72,22.48,1.8,21.9
20031024,24.93,27.95,22.79,86.72,5.22,1.93,19.19
20031025,26.26,31.5,21.48,77.78,0.52,1.3,22.65
20031026,26.16,29.99,22.41,81.46,0.11,1.16,20.67
20031027,25.5,28.87,22.37,82.48,1.31,1.08,12.58
20031028,25.32,29.49,22.12,82.04,0.27,1.15,17.18
20031029,25.57,30.11,21.72,81.86,0.19,1.25,19.66
20031030,25.13,29.37,21.95,88.21,3.0,1.92,18.75
20031031,24.98,28.53,21.89,88.71,6.35,1.86,14.52
20031101,24.93,28.5,22.4,89.16,4.72,1.93,16.03
20031102,24.79,28.54,21.8,89.08,6.03,1.54,19.24
20031103,24.59,27.71,22.07,90.39,2.81,1.79,16.13
20031104,24.96,29.43,21.33,85.82,1.23,1.82,20.32
20031105,24.43,28.26,21.56,90.47,8.43,2.11,14.22
20031106,23.89,26.2,22.05,91.88,13.24,2.46,11.39
20031107,23.93,26.54,21.94,93.87,12.41,1.97,9.72
20031108,24.15,27.11,22.2,91.97,12.4,1.51,7.92
20031109,24.59,28.12,22.5,91.07,11.62,2.06,16.87
20031110,24.73,29.56,21.29,88.27,2.87,2.56,20.41
20031111,23.65,28.69,18.89,84.74,0.01,2.58,15.13
20031112,24.5,29.21,20.47,87.37,1.01,2.62,19.55
20031113,24.45,29.34,20.2,88.16,10.92,2.44,17.12
20031114,24.76,28.2,22.58,92.15,9.95,2.14,16.12
20031115,24.37,26.44,22.47,93.96,5.16,2.47,8.42
20031116,24.3,27.68,21.88,89.43,3.51,1.98,14.91
20031117,24.72,29.22,21.84,87.32,0.18,1.99,17.34
20031118,23.87,28.67,20.1,85.91,0.04,1.85,19.36
20031119,23.11,28.1,19.04,85.65,0.94,2.06,21.59
20031120,23.18,26.98,20.3,86.98,0.75,2.21,12.08
20031121,20.89,22.62,19.78,89.46,2.42,3.18,10.63
20031122,23.17,26.0,21.37,92.7,6.48,3.37,13.37
20031123,23.45,27.31,19.4,86.33,0.27,2.94,15.07
20031124,22.86,27.92,18.76,83.79,0.34,2.61,19.04
20031125,23.28,28.01,19.61,84.94,0.16,2.65,18.73
20031126,23.15,27.83,19.82,87.77,3.25,2.5,10.88
20031127,21.74,25.97,17.6,84.65,0.31,2.16,17.48
20031128,22.85,26.3,19.95,92.27,9.19,2.38,9.9
20031129,24.05,26.24,22.57,94.42,39.61,2.68,8.87
20031130,24.05,26.74,22.25,93.45,4.04,2.14,19.02
20031201,23.84,27.47,20.77,89.11,0.46,2.77,19.62
20031202,22.82,27.78,19.01,87.35,0.07,2.52,11.43
20031203,21.38,27.2,16.88,83.56,0.04,2.33,20.88
20031204,21.62,27.6,16.12,83.55,0.02,2.37,19.77
20031205,22.87,27.82,19.13,86.09,0.06,2.56,8.87
20031206,22.26,27.47,17.58,83.49,0.56,2.66,21.22
20031207,21.94,27.32,17.97,83.91,0.03,2.52,20.67
20031208,21.23,27.26,16.11,84.0,0.0,2.06,20.57
20031209,20.9,26.81,15.3,79.95,0.0,2.1,20.37
20031210,21.12,26.98,15.18,81.38,0.0,2.02,21.15
20031211,21.95,27.26,16.76,83.59,0.0,2.0,14.34
20031212,22.7,28.11,17.45,85.67,0.01,2.1,14.88
20031213,22.79,28.14,18.33,84.7,0.0,2.54,17.81
20031214,22.21,28.23,16.65,80.55,0.0,2.11,17.41
20031215,24.4,30.55,19.72,73.93,0.01,1.49,17.5
20031216,24.94,30.87,20.42,77.33,0.0,1.04,18.6
20031217,25.04,30.36,20.81,79.54,0.0,1.15,18.45
20031218,24.45,29.49,20.53,83.21,0.0,1.32,15.44
20031219,23.5,28.27,19.94,86.03,9.35,1.73,15.51
20031220,22.58,28.44,18.28,82.4,0.12,2.34,20.04
20031221,21.69,28.22,17.1,77.56,0.0,2.26,21.25
20031222,21.54,28.48,15.16,79.06,0.0,2.29,21.18
20031223,22.84,29.59,16.7,81.26,0.0,1.85,19.56
20031224,24.43,30.0,20.32,81.78,0.02,1.48,18.54
20031225,25.08,30.3,20.89,82.68,0.0,1.54,17.43
20031226,24.73,30.28,20.88,83.51,0.19,2.01,16.35
20031227,24.72,29.89,21.43,82.79,0.06,2.16,17.11
20031228,24.72,30.08,20.91,81.88,0.03,2.4,16.35
20031229,24.44,30.03,20.75,79.75,0.0,3.24,15.97
20031230,23.68,29.76,19.74,78.15,0.0,3.16,16.59
20031231,23.87,30.43,18.48,76.35,0.08,2.49,18.45
20040101,23.99,29.84,20.12,81.3,1.02,2.78,17.18
20040102,23.96,30.07,19.33,78.65,0.02,2.39,19.12
20040103,23.29,29.78,18.47,75.92,0.58,2.29,18.96
20040104,22.64,29.47,17.12,79.0,0.05,2.25,19.64
20040105,23.96,29.96,18.89,77.02,0.0,1.96,18.69
20040106,24.33,30.38,20.15,76.46,0.22,2.33,16.34
20040107,24.26,30.53,19.36,74.87,0.02,2.3,17.42
20040108,23.99,31.24,18.53,72.15,0.0,2.89,18.14
20040109,23.28,30.7,17.66,71.3,0.04,3.23,19.17
20040110,23.7,31.09,18.14,73.82,0.03,3.22,16.8
20040111,22.87,31.2,16.96,69.81,0.0,2.63,21.76
20040112,22.77,31.38,16.01,71.26,0.0,2.16,21.89
20040113,23.34,31.8,16.76,71.32,0.0,2.25,21.96
20040114,23.08,31.78,16.61,70.83,0.0,2.06,22.27
20040115,23.04,31.74,15.84,70.9,0.0,1.87,22.27
20040116,23.01,31.48,16.21,68.59,0.0,1.97,22.62
20040117,22.83,31.66,15.27,67.89,0.0,1.94,23.03
20040118,23.38,31.86,16.64,71.87,0.0,1.75,22.27
20040119,24.06,32.35,18.67,69.51,0.0,1.9,22.26
20040120,23.94,31.82,17.95,72.07,0.0,2.1,22.26
20040121,24.56,32.57,19.0,71.13,0.0,2.15,21.19
20040122,24.03,31.13,18.96,73.69,0.0,1.67,20.91
20040123,24.97,31.9,20.26,74.82,0.0,1.86,18.55
20040124,26.2,33.66,20.64,73.53,0.0,2.0,19.37
20040125,26.43,33.6,21.16,71.22,0.0,1.78,19.83
20040126,27.06,34.16,21.95,69.35,0.4,1.1,19.59
20040127,26.95,33.72,21.76,70.92,0.44,1.71,19.92
20040128,26.57,33.13,21.88,70.27,0.08,2.07,20.17
20040129,26.63,34.15,21.23,65.99,0.0,2.01,20.24
20040130,26.47,33.15,21.03,67.77,0.0,1.77,20.49
20040131,26.21,33.73,20.49,68.6,1.73,1.68,20.9
20040201,26.0,33.48,20.6,68.02,0.38,1.47,20.64
20040202,25.95,33.49,20.79,66.56,0.0,1.67,21.94
20040203,26.28,34.6,19.75,62.76,0.0,2.1,21.25
20040204,26.75,34.63,21.3,63.18,0.0,2.11,20.98
20040205,26.57,34.87,20.44,63.93,0.0,2.11,22.39
20040206,27.05,35.04,21.14,64.83,0.0,1.65,20.65
20040207,27.62,35.58,21.0,60.86,0.0,1.6,21.37
20040208,27.0,33.12,21.99,65.31,0.3,2.16,17.76
20040209,26.97,34.1,21.3,60.7,0.0,2.16,18.43
20040210,26.21,34.25,20.0,57.93,0.0,2.31,19.59
20040211,25.88,34.34,19.09,62.16,0.0,2.3,22.4
20040212,27.0,34.9,20.85,64.38,0.0,2.85,18.94
20040213,26.93,34.78,21.41,58.19,0.04,3.3,18.54
20040214,25.75,35.01,18.72,55.45,0.01,3.09,23.75
20040215,25.46,34.6,17.89,53.47,0.0,2.62,23.67
20040216,25.43,35.08,18.15,55.16,0.0,2.64,24.51
20040217,24.82,34.11,16.72,58.39,0.0,2.58,23.89
20040218,25.55,34.74,18.32,57.76,0.0,2.02,22.27
20040219,26.65,36.17,18.94,53.44,0.0,1.6,23.81
20040220,26.73,36.09,19.53,52.18,0.21,2.26,23.57
20040221,25.85,35.65,17.68,53.9,0.0,2.63,25.1
20040222,26.01,35.28,18.64,60.92,0.0,2.49,24.72
20040223,27.0,36.56,19.66,58.22,0.0,2.18,22.79
20040224,26.64,36.71,18.48,54.63,0.0,2.48,25.41
20040225,26.34,36.41,17.84,52.23,0.0,2.35,24.61
20040226,26.47,36.75,17.81,50.84,0.0,2.05,25.6
20040227,26.82,37.37,17.56,48.77,0.0,1.71,25.72
20040228,27.69,37.88,19.15,45.59,0.0,1.89,25.05
20040229,26.9,37.25,18.78,46.65,0.0,2.21,25.92
20040301,26.74,36.93,17.4,48.32,0.0,2.14,26.14
20040302,27.68,37.48,19.91,46.6,0.0,2.64,25.36
20040303,27.56,34.89,20.46,51.9,0.0,1.89,24.28
20040304,28.13,37.24,20.37,53.05,0.0,1.91,25.1
20040305,27.52,37.72,19.34,54.03,0.0,1.76,24.75
20040306,27.9,38.32,19.46,52.35,0.0,1.9,25.0
20040307,28.16,38.73,19.37,46.92,0.0,2.1,26.38
20040308,28.05,37.16,19.83,55.54,0.0,2.1,23.53
20040309,29.02,36.64,23.15,60.0,0.04,3.59,16.98
20040310,28.16,34.59,23.39,59.5,0.0,2.86,22.68
20040311,29.07,37.78,22.32,57.11,0.0,2.45,22.24
20040312,29.47,37.66,23.13,55.06,0.0,2.51,22.43
20040313,29.67,37.54,23.38,57.11,0.73,2.51,21.44
20040314,29.76,37.87,22.91,52.87,0.02,2.52,25.05
20040315,29.29,36.64,22.62,50.02,1.04,2.08,20.31
20040316,30.15,39.49,22.4,49.23,0.59,2.3,24.61
20040317,30.39,39.26,22.81,52.25,0.0,1.74,22.85
20040318,30.48,38.93,23.65,47.42,0.0,1.98,24.95
20040319,30.75,40.33,23.22,43.93,0.0,2.23,24.44
20040320,30.91,40.23,22.89,40.23,0.0,1.9,24.52
20040321,31.7,41.29,23.48,42.0,0.0,2.05,24.77
20040322,30.81,39.56,23.52,51.83,0.0,2.22,24.22
20040323,31.64,40.5,23.62,45.35,0.03,2.0,24.38
20040324,32.42,40.87,24.34,44.45,0.15,2.48,22.72
20040325,33.45,41.37,25.85,43.02,0.06,1.9,22.03
20040326,32.82,40.71,26.07,43.51,0.0,2.52,22.72
20040327,31.35,39.21,25.26,55.28,3.02,2.54,21.16
20040328,30.61,37.63,25.15,60.97,2.09,2.29,21.14
20040329,30.76,37.14,25.2,59.18,0.25,2.42,23.59
20040330,31.14,38.0,25.22,56.83,0.14,2.67,23.94
20040331,31.2,38.54,24.9,56.5,1.47,2.34,23.12
20040401,29.86,35.3,25.44,61.28,0.41,1.87,22.6
20040402,29.88,35.44,25.04,61.33,0.01,1.75,21.59
20040403,31.09,38.31,25.26,55.53,0.01,2.19,21.16
20040404,29.13,33.08,25.89,63.77,0.05,1.78,20.22
20040405,29.25,34.77,25.48,62.34,2.77,1.4,19.05
20040406,29.02,34.38,25.51,59.37,2.03,1.6,14.34
20040407,28.97,34.68,24.27,61.5,0.29,1.78,23.53
20040408,29.33,34.19,24.66,62.25,1.86,1.17,20.42
20040409,29.71,36.05,25.34,61.95,0.89,1.73,22.57
20040410,29.35,34.92,24.75,62.89,0.09,1.49,22.85
20040411,30.57,38.22,23.83,58.17,0.08,2.03,22.14
20040412,31.13,38.34,25.43,55.57,0.03,2.5,19.38
20040413,30.08,35.33,25.87,64.19,3.55,2.33,21.55
20040414,32.19,40.73,25.56,55.12,0.18,2.28,23.21
20040415,33.02,41.51,25.84,49.83,0.0,2.5,23.73
20040416,32.73,39.75,26.7,50.57,0.0,2.03,23.93
20040417,33.86,42.1,26.96,43.5,0.0,2.3,25.48
20040418,33.53,42.39,26.03,39.2,0.0,2.39,25.95
20040419,33.56,42.39,26.16,41.43,0.17,2.66,25.79
20040420,32.23,40.15,25.55,52.48,0.1,2.51,24.89
20040421,32.79,41.0,25.95,49.34,0.08,2.56,23.7
20040422,31.45,39.17,25.99,58.27,6.94,2.51,20.43
20040423,31.31,39.26,24.69,59.33,1.56,2.26,23.61
20040424,30.69,37.39,26.15,60.75,0.67,2.47,19.34
20040425,29.73,35.25,25.52,64.12,0.14,2.07,23.77
20040426,30.12,36.44,24.84,62.59,2.05,2.2,23.57
20040427,29.53,34.87,25.2,63.84,1.69,1.13,23.21
20040428,31.16,37.86,25.28,54.37,0.21,2.17,23.71
20040429,31.69,38.93,25.41,53.5,2.12,1.78,24.06
20040430,31.78,38.27,26.25,54.3,1.11,2.01,22.24
20040501,30.72,37.27,26.38,62.21,3.27,2.19,16.46
20040502,28.83,34.08,25.01,70.43,17.47,1.76,10.97
20040503,25.09,27.1,23.73,83.92,84.6,3.42,6.79
20040504,26.46,30.31,23.91,90.16,47.26,4.01,15.13
20040505,26.48,29.8,24.05,88.5,35.04,2.63,12.16
20040506,26.75,31.37,23.58,84.31,11.14,2.7,17.62
20040507,26.45,30.86,23.07,83.08,4.9,2.32,18.18
20040508,27.58,33.15,22.7,79.0,1.09,1.39,21.91
20040509,27.0,31.18,24.05,79.61,11.15,1.25,21.91
20040510,28.0,33.57,23.66,76.08,1.11,1.44,21.5
20040511,27.28,30.75,24.49,79.55,0.32,1.41,22.35
20040512,28.63,34.73,23.14,72.05,0.0,1.3,24.79
20040513,28.09,33.36,22.58,70.85,0.39,1.4,25.0
20040514,28.06,32.07,25.43,79.84,0.13,1.37,22.94
20040515,27.84,32.71,24.06,75.92,5.23,1.77,21.38
20040516,26.5,32.06,22.97,83.32,5.31,2.07,22.13
20040517,27.22,32.2,23.31,79.47,13.41,2.53,20.45
20040518,26.81,30.92,23.67,80.91,0.93,2.84,17.81
20040519,26.95,31.09,23.75,78.61,3.83,2.7,20.42
20040520,26.41,31.28,22.81,82.29,9.28,2.58,21.03
20040521,27.84,33.94,23.23,74.73,1.33,2.57,23.79
20040522,27.49,32.96,23.5,76.05,3.51,2.6,22.94
20040523,27.11,31.85,23.66,77.66,1.19,2.37,21.34
20040524,27.39,33.08,22.66,75.26,1.12,1.86,22.34
20040525,27.2,32.19,23.53,78.42,6.48,1.79,20.66
20040526,26.45,29.77,23.65,82.48,18.02,1.42,17.66
20040527,26.97,31.52,23.1,77.73,5.86,1.64,11.71
20040528,26.63,31.52,23.24,73.83,0.14,1.47,14.69
20040529,27.66,32.69,22.84,75.52,1.1,1.42,21.43
20040530,27.03,31.7,23.67,76.51,0.03,1.6,20.94
20040531,27.6,31.87,23.69,76.08,3.41,0.81,20.68
20040601,27.05,30.97,23.85,80.33,2.41,0.84,21.39
20040602,27.33,31.27,23.99,78.37,3.01,1.64,23.73
20040603,26.61,30.39,23.62,81.54,12.47,1.98,23.21
20040604,26.66,31.93,22.98,78.5,2.56,2.35,24.9
20040605,26.07,30.47,23.51,78.2,6.82,2.74,22.67
20040606,26.95,32.51,23.66,74.68,3.28,2.75,22.71
20040607,26.67,32.25,22.32,76.05,2.51,2.21,19.6
20040608,26.59,31.87,22.95,75.68,1.42,3.07,18.75
20040609,25.73,30.24,22.51,76.21,7.38,3.01,19.44
20040610,25.77,30.17,22.52,77.99,1.84,2.87,19.33
20040611,26.05,30.96,22.36,76.95,1.88,3.11,20.0
20040612,26.88,31.8,22.99,75.87,3.95,3.25,17.63
20040613,26.94,31.74,23.22,75.35,4.21,3.93,16.27
20040614,26.57,30.89,23.68,75.89,1.25,3.72,20.45
20040615,26.91,31.74,23.34,73.31,3.24,3.22,21.03
20040616,26.6,32.1,23.06,74.86,2.56,3.37,19.66
20040617,26.47,31.61,22.28,77.07,3.81,2.78,20.39
20040618,26.85,32.1,23.19,75.8,2.45,3.22,21.83
20040619,26.8,33.19,21.84,73.54,0.02,2.34,21.93
20040620,27.4,34.28,22.28,71.35,0.0,2.46,21.43
20040621,26.47,32.16,21.87,74.84,0.0,1.42,22.21
20040622,27.22,33.07,22.01,71.33,0.0,1.37,19.63
20040623,27.74,35.15,21.14,69.51,0.01,2.03,24.67
20040624,27.54,34.89,21.85,67.17,0.0,2.61,23.57
20040625,28.18,35.44,21.95,66.1,0.11,2.35,24.19
20040626,28.34,35.5,22.55,65.98,0.1,2.41,23.01
20040627,28.11,34.33,22.81,68.92,1.37,2.48,21.96
20040628,27.72,33.85,23.14,72.32,5.72,2.59,21.31
20040629,27.1,31.81,23.52,76.32,3.23,2.25,21.53
20040630,27.5,33.77,22.81,72.25,0.7,2.39,23.39
20040701,27.53,33.81,22.86,70.13,0.45,3.0,19.76
20040702,27.22,33.46,22.39,70.69,1.72,2.76,21.24
20040703,26.81,32.59,22.64,72.42,0.28,2.71,20.67
20040704,27.49,32.55,23.11,70.63,0.18,2.39,20.46
20040705,26.94,32.69,23.0,69.94,0.64,2.51,21.79
20040706,27.47,33.56,23.02,68.56,5.51,1.37,22.03
20040707,26.65,30.89,22.73,74.97,6.39,1.35,20.34
20040708,26.09,29.07,23.67,82.45,43.21,0.84,19.82
20040709,25.34,27.69,23.58,87.88,7.65,1.26,19.25
20040710,25.56,29.01,22.54,82.28,41.58,0.71,20.22
20040711,25.69,29.43,22.85,83.16,3.54,1.33,14.6
20040712,25.3,29.8,21.96,78.95,0.73,1.42,17.48
20040713,26.07,32.57,21.05,72.75,1.1,2.74,15.44
20040714,26.11,32.42,21.62,72.25,0.34,3.27,14.18
20040715,26.44,31.28,23.31,72.41,1.82,3.64,18.38
20040716,26.88,32.48,22.82,74.95,1.62,2.27,21.79
20040717,27.4,32.83,22.42,74.71,2.11,1.47,21.5
20040718,26.93,31.35,22.87,79.99,41.52,1.85,23.79
20040719,26.05,29.69,23.34,80.12,0.6,1.85,23.31
20040720,26.48,32.06,22.12,76.2,0.17,2.03,24.07
20040721,26.18,30.48,22.67,79.32,0.96,2.2,20.8
20040722,25.4,29.59,22.15,77.58,2.17,2.18,18.83
20040723,24.9,29.59,21.25,72.89,0.07,2.91,18.26
20040724,25.71,31.9,20.18,72.34,0.01,2.61,20.8
20040725,26.74,32.95,21.99,72.9,0.04,2.65,22.02
20040726,26.9,32.46,22.75,74.51,3.23,2.77,21.21
20040727,26.28,30.69,22.99,76.04,0.6,2.56,17.12
20040728,26.6,32.16,22.46,74.74,0.41,1.93,19.95
20040729,26.68,32.59,22.29,74.55,0.05,2.08,19.23
20040730,26.6,31.41,22.02,73.82,0.0,1.68,23.68
20040731,26.62,31.42,22.32,75.42,0.0,1.39,21.39
20040801,26.42,32.01,22.64,74.07,0.0,2.2,17.4
20040802,26.63,33.13,21.54,72.03,0.0,2.54,21.63
20040803,26.37,31.16,22.79,74.41,3.5,3.52,18.21
20040804,25.83,31.17,22.84,73.31,11.2,4.08,13.61
20040805,25.83,31.36,21.59,75.16,6.71,3.11,19.76
20040806,26.06,30.96,22.27,78.7,8.38,2.42,23.27
20040807,26.03,30.67,22.06,77.89,0.24,2.12,22.15
20040808,26.36,30.83,22.98,76.52,0.22,2.11,21.94
20040809,27.78,34.53,21.71,70.09,0.0,1.71,23.78
20040810,27.94,35.15,22.0,68.43,0.0,1.94,24.29
20040811,27.64,35.14,21.7,67.42,0.01,2.34,22.63
20040812,26.67,33.45,21.38,71.37,0.95,2.49,23.28
20040813,26.88,33.67,22.31,73.62,7.31,2.91,19.96
20040814,26.07,31.91,22.25,72.11,2.79,2.76,16.63
20040815,26.11,32.33,21.98,72.7,2.46,2.65,22.75
20040816,26.88,33.01,22.47,68.93,0.52,3.31,17.45
20040817,26.62,31.91,21.87,67.55,0.19,2.76,24.41
20040818,27.22,32.4,23.02,71.08,0.16,2.33,23.3
20040819,27.22,32.67,23.32,71.19,0.52,2.6,21.36
20040820,27.04,33.11,22.73,69.72,0.01,2.78,20.6
20040821,26.86,32.98,22.05,66.32,0.0,3.01,23.53
20040822,28.2,35.97,22.4,64.68,0.0,2.74,24.58
20040823,28.77,36.02,22.8,65.59,0.0,2.49,22.79
20040824,28.46,35.24,22.59,65.57,0.0,2.32,23.16
20040825,28.62,35.42,22.76,63.57,0.1,2.25,23.44
20040826,28.6,34.86,23.33,64.53,0.4,2.44,22.64
20040827,27.93,34.56,23.08,65.4,0.0,3.08,23.65
20040828,28.68,36.05,22.9,60.87,0.44,2.88,22.49
20040829,28.87,36.11,22.94,61.82,1.39,2.74,20.1
20040830,28.65,35.64,23.14,62.94,0.16,2.52,21.22
20040831,28.82,35.88,22.33,60.57,0.23,2.33,20.48
20040901,28.89,35.46,23.37,59.54,0.0,2.46,22.08
20040902,28.17,33.11,23.66,68.14,0.97,1.09,20.94
20040903,27.71,31.7,24.05,70.59,0.07,0.99,20.75
20040904,27.81,32.21,23.76,68.57,1.04,1.05,22.31
20040905,27.1,32.7,23.1,70.12,7.82,1.98,12.54
20040906,26.07,32.22,22.01,74.23,15.39,2.11,15.97
20040907,25.88,31.42,21.93,78.85,5.21,2.6,20.57
20040908,26.3,32.36,21.75,77.97,7.09,2.61,20.93
20040909,26.48,32.67,22.5,76.97,1.77,2.23,20.26
20040910,25.49,30.88,22.42,78.19,2.55,2.41,15.6
20040911,26.47,31.87,22.44,77.42,9.36,2.43,18.71
20040912,26.43,31.4,22.56,73.84,0.61,1.68,18.17
20040913,25.95,29.52,23.01,79.59,10.3,1.01,21.02
20040914,26.57,30.73,23.27,81.23,19.04,1.47,20.07
20040915,26.57,30.73,23.44,79.11,29.34,1.92,21.55
20040916,26.86,31.49,23.16,78.18,3.68,1.36,19.92
20040917,26.95,30.89,23.65,80.35,42.23,1.11,21.08
20040918,27.25,31.77,23.65,78.94,0.09,1.7,23.12
20040919,26.68,30.49,23.61,82.68,34.74,1.49,22.1
20040920,26.11,28.9,23.82,84.13,22.58,1.16,15.93
20040921,26.22,30.61,22.72,80.15,0.4,1.28,19.81
20040922,26.7,31.84,22.42,77.94,0.24,1.25,19.95
20040923,25.85,29.47,23.31,85.48,1.25,1.23,16.79
20040924,25.24,27.62,23.41,89.95,23.56,1.43,18.39
20040925,25.03,27.44,23.54,90.47,8.02,1.58,18.61
20040926,24.86,27.14,23.5,91.78,27.33,1.79,18.63
20040927,24.46,26.97,22.38,88.22,18.62,0.77,7.4
20040928,24.31,27.18,21.77,85.91,8.19,1.08,12.85
20040929,25.41,29.4,22.33,83.39,1.51,0.96,21.02
20040930,26.02,30.04,21.65,78.28,1.79,0.7,12.79
20041001,24.74,26.86,22.89,89.05,3.81,1.12,8.52
20041002,24.86,28.6,21.9,87.13,13.9,1.97,15.45
20041003,24.6,28.2,22.04,87.7,17.25,1.87,17.89
20041004,25.42,30.11,22.23,84.4,4.61,2.02,22.25
20041005,26.11,31.31,22.62,80.91,1.69,1.93,23.04
20041006,26.14,32.21,21.12,77.81,0.11,1.32,23.79
20041007,26.17,32.39,19.6,70.13,0.01,1.19,24.0
20041008,25.44,30.97,19.62,67.58,0.0,0.88,24.78
20041009,26.45,31.97,21.61,77.24,0.0,0.9,23.86
20041010,26.92,31.84,22.95,80.18,0.01,1.11,23.15
20041011,25.64,28.59,23.48,88.51,9.82,0.84,22.1
20041012,26.57,31.13,22.32,77.34,2.81,0.88,22.06
20041013,25.77,28.37,23.38,84.84,1.34,0.81,21.71
20041014,26.34,30.48,23.14,84.08,2.74,1.18,17.91
20041015,25.77,29.51,23.17,86.67,0.56,1.24,20.62
20041016,25.39,28.28,23.48,89.14,4.66,1.09,20.94
20041017,25.49,28.87,22.73,87.95,13.83,1.05,17.38
20041018,25.48,28.99,23.03,87.7,9.48,1.49,16.17
20041019,24.27,27.31,22.17,89.09,15.92,2.11,15.04
20041020,25.32,29.62,21.74,87.77,7.13,1.85,17.02
20041021,25.38,29.24,22.87,88.61,4.03,2.12,15.1
20041022,25.3,29.66,22.21,88.35,14.9,2.3,20.22
20041023,25.32,29.49,22.31,89.63,20.93,2.14,16.4
20041024,25.36,29.43,22.49,86.9,2.75,2.27,21.54
20041025,25.18,29.7,22.07,88.06,9.68,2.55,18.38
20041026,25.06,29.01,22.41,89.04,13.39,2.44,11.8
20041027,24.62,27.78,22.2,90.57,15.24,2.47,8.56
20041028,24.25,26.25,22.75,93.75,13.4,2.33,17.87
20041029,24.08,26.34,22.25,93.24,15.47,2.66,14.4
20041030,24.38,26.74,23.24,93.76,21.18,1.96,14.96
20041031,23.78,25.6,22.16,94.67,9.67,2.11,15.08
20041101,24.48,28.36,21.45,88.14,3.19,1.72,13.17
20041102,24.42,28.44,21.07,89.32,1.69,1.94,20.91
20041103,24.39,28.62,21.48,88.22,2.25,2.41,17.15
20041104,23.04,26.2,20.62,90.28,1.04,2.31,12.49
20041105,22.36,25.21,19.7,90.06,13.55,2.44,8.71
20041106,22.88,24.99,20.91,92.3,11.14,2.4,12.34
20041107,24.11,26.42,21.95,94.25,19.28,1.85,17.7
20041108,24.09,26.56,22.3,93.89,20.74,1.9,13.56
20041109,24.67,28.17,21.82,90.79,3.78,1.79,19.39
20041110,24.56,27.43,22.96,92.43,2.91,1.64,17.42
20041111,24.53,27.12,22.57,93.13,2.16,1.97,15.42
20041112,23.82,26.03,22.35,94.09,16.21,1.84,12.31
20041113,24.13,26.87,22.14,93.42,3.54,2.02,16.27
20041114,24.43,28.04,21.66,91.85,12.83,2.28,11.67
20041115,24.06,26.47,22.43,94.37,11.5,2.17,9.22
20041116,24.21,28.66,20.97,89.33,0.27,2.02,19.5
20041117,23.97,28.36,20.6,89.28,0.0,2.04,19.95
20041118,23.07,27.57,19.26,87.29,0.0,2.03,20.07
20041119,22.21,27.58,16.81,86.41,0.06,1.99,18.92
20041120,23.37,27.57,19.88,88.76,3.28,2.43,8.11
20041121,23.36,27.31,20.33,88.1,1.05,2.41,20.03
20041122,23.41,26.84,20.48,89.53,0.95,2.8,12.66
20041123,23.75,28.03,20.39,88.16,0.71,2.52,18.28
20041124,23.71,26.78,21.5,92.43,4.59,2.66,16.36
20041125,23.23,26.95,21.04,91.26,7.44,2.68,13.55
20041126,23.77,28.26,20.7,90.1,11.97,2.72,19.9
20041127,24.12,28.22,21.39,89.7,3.21,2.95,17.98
20041128,23.48,28.08,20.38,87.64,0.01,3.0,19.77
20041129,22.01,27.11,18.4,85.92,0.0,2.6,21.18
20041130,21.43,27.06,16.57,84.7,0.0,2.36,20.84
20041201,22.14,27.36,17.54,86.25,0.16,2.16,17.41
20041202,23.49,28.13,19.25,87.26,1.14,2.79,16.51
20041203,23.59,27.42,20.9,90.28,4.21,3.01,10.17
20041204,22.81,27.02,19.4,84.87,0.06,2.61,9.71
20041205,22.3,27.3,18.89,83.96,0.09,2.41,16.15
20041206,20.64,25.5,16.04,84.64,0.0,2.23,19.53
20041207,21.23,26.47,16.03,86.83,0.0,2.37,20.51
20041208,22.97,28.07,18.47,89.44,1.5,2.55,13.6
20041209,23.85,28.92,20.64,88.88,0.2,2.71,15.18
20041210,22.04,27.06,18.55,85.57,0.0,2.45,21.17
20041211,22.02,27.56,17.6,87.21,0.08,2.76,16.79
20041212,22.67,27.5,18.53,87.77,1.28,3.15,14.99
20041213,23.02,26.69,20.11,89.92,2.05,2.91,8.01
20041214,23.39,27.22,21.09,91.0,1.75,3.35,9.65
20041215,23.13,27.47,18.78,85.58,0.01,3.02,18.85
20041216,21.59,26.86,17.6,85.92,0.0,2.58,20.58
20041217,20.96,26.68,15.96,85.92,0.0,2.38,20.98
20041218,20.57,26.45,15.54,84.92,0.0,2.02,21.3
20041219,20.89,26.87,15.35,82.91,0.0,1.59,20.35
20041220,21.44,27.46,15.89,83.07,0.0,1.36,19.74
20041221,20.62,26.65,15.05,80.47,0.0,1.36,20.08
20041222,20.87,27.17,15.12,80.38,0.23,1.58,21.18
20041223,21.86,27.48,16.88,85.22,0.14,1.81,19.38
20041224,22.94,27.8,18.46,86.66,0.18,2.32,11.89
20041225,22.8,27.77,18.6,83.45,0.02,2.84,19.06
20041226,21.77,27.55,16.88,84.06,0.22,2.42,18.46
20041227,22.77,28.35,18.21,86.72,0.39,2.56,10.11
20041228,22.92,27.84,18.77,83.4,0.01,2.96,14.63
20041229,22.04,28.22,17.04,83.66,0.0,2.57,17.27
20041230,21.89,27.14,16.41,86.23,5.66,1.94,14.81
20041231,23.23,27.95,19.6,87.45,0.91,2.18,7.8
20050101,23.41,28.26,20.26,82.6,0.05,1.61,15.0
20050102,23.06,28.61,19.41,83.36,0.09,1.86,18.53
20050103,23.45,29.15,18.07,83.9,0.08,1.77,19.84
20050104,23.0,28.85,18.9,79.99,0.0,2.09,21.46
20050105,22.7,28.71,18.09,81.6,0.0,2.3,19.45
20050106,21.8,28.29,16.56,79.47,0.0,2.27,20.74
20050107,22.57,29.08,17.04,80.18,0.0,2.76,18.52
20050108,23.04,29.32,17.71,79.58,0.0,2.41,15.73
20050109,21.93,27.6,17.62,81.2,0.0,2.34,15.13
20050110,22.01,29.55,16.21,74.65,0.0,1.74,15.05
20050111,22.18,30.57,14.92,69.24,0.0,1.62,18.18
20050112,22.23,30.43,14.81,68.16,0.0,1.69,21.19
20050113,22.38,29.77,16.79,74.09,0.0,2.07,20.42
20050114,22.37,29.23,16.38,75.68,0.0,2.36,20.33
20050115,22.14,29.63,16.24,74.34,0.0,2.06,20.66
20050116,22.69,30.32,15.67,76.7,0.0,1.77,20.69
20050117,23.81,31.2,17.43,76.23,0.01,1.52,19.98
20050118,24.76,31.96,18.48,77.25,0.36,1.62,19.4
20050119,25.41,31.91,20.32,77.06,0.05,1.68,19.28
20050120,25.35,32.41,20.45,75.02,0.35,2.69,13.29
20050121,24.75,30.09,21.46,79.27,1.79,3.28,11.63
20050122,24.99,31.04,21.1,80.34,1.91,2.71,10.82
20050123,25.48,32.32,20.27,75.0,0.13,2.24,19.72
20050124,24.99,31.32,20.88,79.52,0.04,1.73,19.49
20050125,25.43,32.67,20.09,73.56,0.0,2.0,21.13
20050126,25.49,32.66,19.92,72.1,0.0,1.96,21.81
20050127,25.19,31.91,20.65,73.97,0.7,1.62,19.4
20050128,24.47,29.89,20.99,76.5,0.2,1.22,17.47
20050129,24.86,32.0,19.67,74.71,4.63,1.49,19.76
20050130,24.98,31.41,20.33,78.03,3.59,1.6,16.87
20050131,25.92,32.39,21.29,77.82,1.83,1.88,15.51
20050201,26.25,31.95,22.68,78.19,0.34,1.97,12.5
20050202,26.28,32.49,22.39,73.87,0.16,2.24,20.16
20050203,25.99,32.53,21.3,72.58,0.34,2.25,19.15
20050204,26.19,33.31,20.72,71.09,0.02,2.25,20.19
20050205,26.15,33.19,20.85,69.98,0.01,1.94,21.52
20050206,25.59,33.52,19.75,66.24,0.0,2.11,23.2
20050207,24.34,33.03,16.85,67.8,0.0,2.05,23.22
20050208,25.09,33.68,19.02,68.73,0.0,2.54,23.46
20050209,24.97,33.32,19.61,67.85,0.0,3.16,23.43
20050210,25.31,34.0,19.49,67.04,0.0,3.09,21.25
20050211,24.98,34.02,18.07,65.8,0.0,2.69,22.87
20050212,24.65,33.77,18.84,64.9,0.0,2.86,22.42
20050213,24.4,34.38,17.22,62.45,0.0,2.47,24.1
20050214,24.6,35.13,15.53,61.02,0.0,1.92,25.05
20050215,26.0,36.71,16.94,54.01,0.0,1.26,24.66
20050216,26.71,37.01,19.39,52.27,0.0,1.54,25.27
20050217,26.83,37.3,18.87,55.94,0.0,1.64,24.84
20050218,26.96,36.66,19.92,53.08,0.0,1.77,24.8
20050219,26.28,35.98,18.94,58.2,0.0,1.77,24.73
20050220,25.8,33.74,20.08,66.37,0.0,1.4,22.25
20050221,26.77,34.41,21.43,67.14,0.04,1.39,20.89
20050222,27.58,34.53,22.6,69.19,1.74,1.75,19.87
20050223,28.43,35.34,23.31,66.52,0.37,2.1,21.78
20050224,28.38,35.07,23.52,65.31,0.0,2.08,22.62
20050225,27.58,35.46,22.2,61.93,0.0,1.9,23.83
20050226,26.93,35.33,20.71,56.57,0.0,1.87,25.21
20050227,26.75,36.07,18.73,58.04,0.0,1.76,25.21
20050228,26.29,34.94,18.35,57.05,0.0,1.87,25.18
20050301,26.54,34.92,20.46,64.53,0.0,1.87,24.41
20050302,27.52,36.77,20.22,61.83,0.0,1.92,24.37
20050303,28.07,37.18,21.2,60.85,0.0,1.9,24.72
20050304,28.92,37.52,21.87,59.88,0.09,1.97,23.43
20050305,28.95,35.43,24.45,65.33,3.01,1.93,20.81
20050306,28.29,34.07,24.67,66.63,0.82,1.79,19.4
20050307,28.14,34.69,23.25,66.78,0.05,2.06,19.93
20050308,27.37,32.84,23.28,67.37,0.0,1.62,21.69
20050309,27.55,33.39,22.86,67.56,0.0,1.72,18.67
20050310,27.63,33.34,23.46,66.76,1.13,1.26,20.34
20050311,28.04,34.87,23.03,65.79,1.95,1.54,20.81
20050312,29.14,36.87,22.47,60.8,0.29,1.85,22.64
20050313,29.22,35.81,23.51,64.56,6.48,1.57,22.42
20050314,28.01,33.71,24.09,71.48,4.71,1.87,23.18
20050315,28.08,35.65,22.41,62.72,0.0,1.85,23.85
20050316,27.92,36.08,21.46,59.26,0.0,1.92,24.31
20050317,27.42,36.12,20.56,60.01,0.0,2.35,25.03
20050318,27.74,36.6,20.39,61.39,0.42,1.76,24.35
20050319,28.81,37.51,22.37,61.25,1.83,1.87,25.3
20050320,29.53,37.68,23.26,58.22,0.01,1.63,23.6
20050321,30.23,38.53,23.03,55.42,0.01,1.95,23.53
20050322,30.75,39.38,23.77,50.62,0.0,1.71,22.02
20050323,31.73,40.17,24.1,49.98,0.0,1.78,23.04
20050324,32.03,39.9,25.0,51.45,0.26,1.95,23.94
20050325,32.09,39.19,25.43,49.31,0.03,1.73,24.07
20050326,31.75,38.23,27.01,47.58,0.0,1.84,17.57
20050327,32.38,39.78,26.14,46.09,0.04,2.21,21.9
20050328,32.46,39.95,27.23,45.31,0.0,2.23,22.36
20050329,33.34,40.81,26.76,44.27,0.0,1.54,17.12
20050330,32.93,39.62,27.77,46.75,1.2,1.93,21.04
20050331,31.73,37.79,27.06,50.44,0.09,1.89,21.86
20050401,31.75,40.09,24.99,54.01,0.0,2.62,21.32
20050402,30.63,37.41,26.29,61.82,4.56,2.43,19.03
20050403,27.08,30.37,24.58,79.53,20.05,1.94,8.33
20050404,24.93,26.83,23.75,89.5,29.71,3.45,13.13
20050405,25.38,27.78,23.71,87.62,17.68,2.25,8.08
20050406,26.03,29.63,23.38,86.15,27.5,1.47,17.83
20050407,26.43,30.62,23.98,83.45,16.14,1.75,15.66
20050408,26.41,30.35,23.05,82.06,0.8,1.4,19.51
20050409,27.66,31.95,23.85,75.76,0.09,1.19,20.68
20050410,28.05,32.25,24.27,75.36,0.58,0.88,22.21
20050411,27.72,31.75,24.41,80.18,3.18,1.1,19.94
20050412,27.56,31.32,24.34,80.75,0.59,1.01,22.9
20050413,27.4,31.4,24.67,80.05,1.35,1.28,24.28
20050414,28.03,34.2,23.64,74.66,0.05,1.33,24.66
20050415,27.95,33.84,23.4,74.37,0.2,1.52,24.68
20050416,28.46,35.44,22.67,70.08,3.27,1.49,24.84
20050417,28.42,35.38,22.42,68.34,0.91,1.68,25.22
20050418,28.16,34.01,22.89,70.31,0.93,1.53,25.3
20050419,27.97,34.06,23.09,75.31,3.71,1.74,17.97
20050420,26.67,31.2,23.86,82.43,11.93,1.62,14.96
20050421,26.88,31.72,22.86,77.83,2.27,1.34,22.74
20050422,26.8,31.05,23.81,78.21,0.4,1.16,23.88
20050423,27.79,33.52,23.11,74.64,0.15,1.73,21.92
20050424,28.11,33.41,24.21,75.07,0.1,1.4,20.86
20050425,27.94,32.87,24.11,75.27,1.85,1.01,19.17
20050426,28.94,34.76,24.15,69.7,0.06,1.21,24.3
20050427,29.2,35.05,24.66,69.41,0.08,1.18,24.84
20050428,30.02,36.57,25.17,67.32,0.01,1.26,25.49
20050429,30.54,36.97,25.46,66.57,0.02,1.46,24.61
20050430,29.25,33.93,25.71,75.72,22.48,1.28,23.27
20050501,29.1,33.9,25.42,75.84,6.6,1.07,20.04
20050502,27.75,30.92,25.16,82.53,9.49,1.04,13.82
20050503,29.13,35.55,24.3,73.5,2.61,1.43,22.5
20050504,28.21,33.13,24.92,77.19,2.88,0.93,20.53
20050505,28.64,33.6,24.63,73.27,0.18,1.22,19.95
20050506,28.61,33.69,25.2,71.32,0.92,1.54,23.05
20050507,28.58,34.47,24.33,70.8,0.66,1.68,23.97
20050508,28.89,33.47,24.39,68.67,0.0,1.34,21.84
20050509,30.79,37.91,24.87,62.41,0.05,1.27,23.55
20050510,29.65,36.39,24.51,61.13,0.0,1.99,21.37
20050511,28.56,33.88,24.65,69.06,0.06,2.26,24.73
20050512,29.48,35.36,24.72,70.17,0.31,1.92,23.67
20050513,29.9,36.61,24.56,68.44,0.02,1.87,24.33
20050514,29.37,35.24,25.27,70.73,1.23,2.03,24.62
20050515,30.03,37.14,24.96,68.02,1.43,2.06,24.3
20050516,28.72,33.53,24.69,68.77,0.02,1.53,24.69
20050517,30.69,38.21,24.11,58.23,0.0,1.2,24.54
20050518,31.31,39.43,24.15,58.99,0.0,1.62,24.1
20050519,31.65,39.36,25.38,59.67,0.0,1.93,23.95
20050520,31.31,38.86,25.34,62.39,0.01,2.18,23.61
20050521,31.07,37.93,25.26,63.56,0.01,1.95,24.06
20050522,31.36,37.31,26.42,62.4,0.15,1.59,22.33
20050523,31.72,38.23,26.58,60.8,0.03,1.2,21.89
20050524,30.52,35.22,26.44,65.01,0.0,1.19,20.56
20050525,30.14,35.06,26.0,64.78,0.06,1.49,20.86
20050526,29.93,35.63,25.85,67.52,21.35,1.59,23.61
20050527,28.8,32.81,26.04,73.84,2.41,1.69,18.98
20050528,27.74,30.92,25.19,72.43,2.25,1.33,22.06
20050529,28.43,34.26,23.5,71.88,22.06,1.75,20.26
20050530,28.75,34.29,25.06,71.41,1.22,1.99,17.13
20050531,28.67,34.67,23.82,70.11,1.3,2.11,21.74
20050601,28.85,34.36,24.87,71.81,0.26,2.32,24.0
20050602,29.58,35.48,24.72,69.82,0.02,2.26,23.3
20050603,29.0,32.98,25.3,73.04,0.04,1.14,23.79
20050604,28.58,33.51,24.84,74.58,3.46,1.49,20.89
20050605,28.14,32.64,24.95,77.35,6.29,1.72,16.61
20050606,28.3,33.98,24.16,74.23,0.63,2.13,20.35
20050607,27.95,32.15,24.42,75.7,1.77,2.37,23.66
20050608,28.7,34.09,24.37,76.04,3.05,2.73,23.07
20050609,26.96,30.72,24.21,78.77,10.7,3.46,21.24
20050610,27.1,31.56,23.93,69.83,3.21,3.33,17.02
20050611,28.21,33.42,24.07,72.89,1.15,2.49,23.17
20050612,29.44,36.76,23.74,65.33,1.79,2.41,23.14
20050613,28.59,34.75,24.05,68.38,2.48,2.7,21.69
20050614,27.37,31.06,24.61,72.84,0.05,2.17,21.36
20050615,28.75,35.07,23.5,66.01,1.9,2.3,24.66
20050616,28.23,33.1,24.44,73.59,9.75,2.6,23.68
20050617,27.73,31.68,24.73,74.06,2.32,2.97,21.27
20050618,27.02,31.65,23.88,70.64,0.79,3.1,17.08
20050619,27.44,32.21,24.14,73.58,6.83,3.02,21.31
20050620,26.96,31.35,23.93,76.24,8.24,2.69,18.61
20050621,27.13,31.22,23.96,72.46,1.26,3.04,10.86
20050622,27.41,32.52,23.94,68.86,0.46,3.12,16.82
20050623,27.97,33.88,23.25,66.11,0.01,2.71,22.83
20050624,28.64,35.58,23.48,64.82,1.09,3.16,23.78
20050625,28.51,34.22,24.11,70.1,4.27,2.21,20.72
20050626,28.17,34.35,24.19,70.75,1.15,2.68,22.95
20050627,28.02,34.13,23.37,69.65,0.14,2.65,17.81
20050628,27.89,34.42,23.11,68.51,0.32,2.71,21.76
20050629,26.96,33.2,22.64,71.36,0.62,2.47,21.5
20050630,27.83,35.22,21.9,71.07,4.03,2.41,24.19
20050701,27.57,32.39,23.45,75.11,2.7,2.29,23.4
20050702,27.77,33.16,23.64,71.32,1.18,2.12,24.54
20050703,27.55,33.46,23.6,71.5,1.93,2.52,22.97
20050704,27.37,32.64,23.22,74.11,3.7,2.15,20.99
20050705,27.37,31.92,23.48,72.4,0.73,3.01,19.17
20050706,27.34,31.82,24.45,67.29,0.14,3.68,17.63
20050707,28.19,34.31,23.21,61.52,0.06,3.61,20.7
20050708,28.85,35.01,23.71,66.08,0.99,2.78,21.64
20050709,27.75,32.5,24.35,68.32,5.44,3.62,19.71
20050710,26.42,30.43,23.34,75.62,3.73,2.3,20.48
20050711,27.14,32.93,22.78,70.15,1.05,2.7,19.35
20050712,27.79,32.84,23.07,69.08,0.0,2.02,21.85
20050713,26.59,29.94,24.23,76.99,1.83,2.02,19.74
20050714,27.24,31.66,23.7,75.05,15.78,1.62,16.21
20050715,27.05,31.21,23.48,76.23,3.11,1.18,14.84
20050716,27.3,31.46,23.99,76.07,1.8,1.21,18.86
20050717,27.32,31.91,23.86,75.5,2.67,1.82,19.96
20050718,28.27,34.33,23.21,70.75,0.42,1.76,23.62
20050719,28.08,32.53,24.56,71.54,0.06,1.83,22.86
20050720,27.83,32.35,24.45,71.87,0.79,1.94,22.09
20050721,27.57,32.51,23.92,68.35,0.0,2.67,23.16
20050722,27.6,33.45,23.23,68.92,1.95,2.63,19.79
20050723,27.14,32.69,23.14,71.94,1.7,2.87,19.31
20050724,27.71,33.58,23.58,67.19,0.52,3.81,22.24
20050725,27.3,32.54,23.7,64.4,0.29,4.65,18.56
20050726,27.73,32.9,23.92,64.48,3.08,5.07,21.37
20050727,27.62,33.17,23.86,68.91,4.81,3.87,21.48
20050728,27.48,33.45,22.83,70.88,5.57,3.11,21.05
20050729,26.7,31.76,23.81,73.63,9.98,3.09,20.14
20050730,27.08,32.29,23.42,69.31,5.66,4.11,20.48
20050731,27.78,33.09,24.37,66.57,4.24,4.85,18.48
20050801,27.54,32.17,24.36,68.14,5.23,4.82,17.84
20050802,27.31,32.38,23.61,65.24,1.65,4.76,21.62
20050803,27.29,34.23,22.2,61.11,0.22,3.62,23.05
20050804,26.92,33.77,22.02,68.12,0.23,3.0,22.9
20050805,27.67,34.34,23.05,65.44,0.17,3.56,21.98
20050806,28.35,35.82,22.16,62.53,0.0,3.13,25.28
20050807,28.63,36.96,21.99,62.21,0.0,2.87,25.41
20050808,28.35,35.85,21.99,62.83,0.0,2.67,24.42
20050809,27.49,33.39,22.95,67.82,0.29,2.25,15.97
20050810,28.32,34.93,23.19,66.6,0.19,3.15,23.56
20050811,28.09,33.77,23.92,66.84,0.62,3.26,21.35
20050812,28.45,34.97,23.79,61.64,0.08,3.96,21.62
20050813,28.73,35.59,23.47,62.62,0.12,3.09,22.34
20050814,28.82,36.04,23.11,63.47,0.5,3.12,22.74
20050815,29.3,36.84,23.29,60.41,0.34,3.42,21.96
20050816,28.55,35.27,24.15,62.24,0.26,3.27,22.23
20050817,28.1,34.81,23.42,63.51,0.0,3.04,24.4
20050818,28.32,35.15,23.11,59.49,0.0,2.93,22.99
20050819,28.38,34.46,23.3,62.12,0.06,2.56,21.49
20050820,28.81,35.95,22.77,59.35,0.0,2.44,24.06
20050821,29.52,37.44,22.6,57.71,0.11,1.63,23.45
20050822,28.92,34.77,23.99,61.99,0.11,1.69,24.39
20050823,28.79,34.26,24.22,64.71,1.87,1.55,23.9
20050824,28.57,34.18,23.53,64.62,0.65,1.49,23.69
20050825,28.22,34.39,23.52,67.28,15.55,1.65,24.31
20050826,27.78,33.27,23.17,70.88,8.95,1.47,23.87
20050827,26.87,30.28,23.98,77.43,2.96,1.48,21.58
20050828,28.57,34.62,23.69,69.62,0.13,1.62,22.25
20050829,28.85,34.29,23.71,69.39,0.06,1.96,22.43
20050830,29.91,36.64,24.0,61.93,1.09,1.62,22.33
20050831,28.68,34.67,25.02,68.96,8.06,1.79,23.17
20050901,28.64,33.47,24.36,71.07,1.6,1.56,23.92
20050902,27.37,30.88,24.75,80.44,32.75,1.44,17.47
20050903,26.74,29.69,24.49,84.11,7.48,1.33,18.23
20050904,26.86,30.84,23.93,83.05,18.99,1.56,19.87
20050905,26.45,30.93,23.32,80.17,6.56,1.95,17.12
20050906,26.44,30.87,22.92,77.27,2.85,2.06,14.4
20050907,26.37,31.18,22.87,79.26,5.85,1.88,15.65
20050908,27.38,33.16,23.24,74.99,0.49,2.65,18.42
20050909,27.85,33.78,23.8,70.63,0.2,2.55,21.48
20050910,27.13,31.78,23.57,74.69,6.48,2.66,15.67
20050911,26.24,30.99,22.59,76.52,5.64,2.62,14.98
20050912,26.51,31.59,23.12,75.17,0.71,2.64,16.18
20050913,26.79,31.57,23.16,73.6,0.41,2.4,18.63
20050914,27.59,33.99,22.7,72.22,0.03,1.68,17.98
20050915,26.47,31.4,22.79,75.25,23.21,1.64,17.43
20050916,27.1,33.31,21.83,75.85,0.13,1.61,24.0
20050917,28.03,34.83,22.45,69.26,0.0,1.7,24.53
20050918,27.64,35.55,21.59,67.85,0.0,2.59,24.33
20050919,26.53,33.33,21.42,68.95,0.36,3.3,23.74
20050920,27.01,33.4,22.38,71.1,0.88,3.34,21.24
20050921,27.42,34.09,22.29,71.36,0.33,2.48,23.49
20050922,28.57,36.25,22.08,67.81,0.27,1.65,22.77
20050923,28.03,34.7,21.98,69.23,0.0,1.55,22.18
20050924,28.16,35.36,21.8,67.56,0.52,1.53,20.7
20050925,28.5,35.01,22.85,67.39,1.92,1.39,23.98
20050926,28.3,34.54,23.12,67.0,0.01,1.46,20.92
20050927,28.57,34.59,23.0,64.06,0.0,1.2,21.51
20050928,27.77,32.73,23.45,69.58,7.53,1.36,19.88
20050929,28.78,36.35,22.06,65.76,0.09,1.28,24.22
20050930,28.79,35.31,23.54,64.75,0.03,1.34,20.35
20051001,28.02,34.45,22.1,65.77,0.06,1.56,23.3
20051002,27.49,31.07,24.13,72.24,4.19,0.94,17.99
20051003,28.45,34.05,23.61,69.42,1.63,1.27,20.31
20051004,27.73,31.41,24.24,74.96,20.57,1.09,19.03
20051005,27.95,32.58,23.66,72.09,2.18,1.23,20.6
20051006,28.33,34.25,23.29,70.64,0.02,1.29,20.26
20051007,27.95,32.84,24.13,75.48,1.2,1.23,18.87
20051008,27.22,31.39,23.91,80.21,36.72,1.2,20.32
20051009,26.03,30.42,22.81,80.16,6.02,1.63,18.43
20051010,26.27,30.84,22.75,81.75,12.86,1.4,19.32
20051011,25.48,29.36,22.95,84.4,20.71,1.23,18.66
20051012,25.28,28.23,23.27,89.95,16.64,1.12,13.78
20051013,25.53,29.54,22.92,84.55,2.23,1.82,17.12
20051014,26.46,32.37,22.19,79.45,0.71,1.79,22.79
20051015,26.55,31.37,22.65,81.34,0.03,1.36,23.54
20051016,27.2,31.66,23.22,76.97,0.04,0.64,20.44
20051017,26.52,30.03,23.52,81.22,0.17,0.79,17.6
20051018,25.72,28.75,23.7,84.95,11.36,0.79,12.95
20051019,26.49,31.28,22.94,80.21,1.72,1.18,17.77
20051020,26.8,31.79,22.64,77.16,0.53,0.92,20.53
20051021,26.42,29.78,23.33,83.66,72.85,0.98,16.25
20051022,26.02,28.8,23.66,88.22,44.37,0.6,20.17
20051023,26.13,30.38,23.37,85.16,7.04,1.4,20.7
20051024,25.44,29.45,22.49,87.15,54.81,0.8,15.52
20051025,24.96,27.42,23.09,90.04,21.24,1.33,13.96
20051026,25.34,29.18,22.56,82.84,2.56,1.1,15.18
20051027,25.7,30.49,21.97,82.65,0.95,1.58,16.64
20051028,26.31,31.45,22.01,81.42,0.17,1.74,22.24
20051029,26.97,31.8,22.37,79.62,3.99,1.33,22.4
20051030,26.69,31.45,22.75,84.01,10.66,1.19,21.06
20051031,26.72,31.07,23.77,84.94,0.96,1.12,17.97
20051101,26.41,29.82,23.39,83.65,8.67,0.97,20.53
20051102,24.91,27.21,23.2,88.76,7.65,1.0,16.15
20051103,24.22,27.24,22.46,88.9,2.75,1.77,12.69
20051104,23.93,26.46,22.06,91.28,16.31,1.7,3.9
20051105,23.78,26.7,22.17,90.96,21.81,2.54,12.0
20051106,24.06,26.59,22.24,92.53,29.46,2.4,10.99
20051107,24.09,26.88,22.17,90.64,20.74,3.37,11.75
20051108,24.09,26.79,22.44,92.42,18.71,2.76,9.96
20051109,23.78,25.89,21.83,91.61,6.7,2.58,14.87
20051110,23.68,25.17,22.67,93.78,4.41,1.31,15.6
20051111,24.27,26.4,22.31,91.27,9.04,1.06,12.14
20051112,23.85,25.87,21.96,94.29,15.19,1.74,10.62
20051113,21.24,22.59,19.61,93.21,25.98,1.66,9.55
20051114,22.91,26.91,19.55,83.01,0.87,1.46,17.98
20051115,23.15,27.71,19.25,85.8,0.0,1.43,18.19
20051116,21.71,26.77,17.51,85.17,0.0,2.03,21.08
20051117,20.78,26.42,15.69,80.48,0.0,1.89,18.73
20051118,21.25,26.52,16.71,80.47,0.05,1.85,20.38
20051119,21.66,25.65,18.19,86.77,1.54,1.83,16.47
20051120,22.17,25.47,19.66,88.74,1.12,1.84,7.19
20051121,22.6,24.1,20.28,92.9,16.43,3.05,11.58
20051122,23.95,25.59,21.91,95.84,35.3,4.44,8.05
20051123,24.18,25.46,22.82,95.89,76.93,2.07,8.63
20051124,22.96,23.94,21.9,94.45,65.28,3.14,9.27
20051125,23.55,26.45,21.55,92.08,9.0,1.93,17.96
20051126,23.57,27.21,20.76,91.11,2.26,1.94,15.71
20051127,24.0,28.08,20.75,90.88,2.14,2.36,18.0
20051128,22.99,27.06,19.46,89.38,0.15,2.45,13.17
20051129,20.71,25.27,16.78,87.41,0.36,2.14,18.48
20051130,22.52,27.98,17.62,78.95,4.82,1.4,19.96
20051201,24.28,29.6,19.06,82.35,0.06,0.88,18.41
20051202,25.08,29.19,21.88,85.43,5.36,0.39,15.23
20051203,24.45,27.4,21.58,90.15,21.81,1.34,18.46
20051204,25.15,28.11,22.61,88.68,8.5,1.09,12.07
20051205,24.16,27.12,22.23,91.41,4.31,2.43,11.48
20051206,23.38,26.87,20.44,90.06,0.39,2.23,16.36
20051207,22.63,26.96,18.78,88.81,0.0,1.95,19.92
20051208,21.41,26.31,17.57,81.7,0.0,1.86,21.45
20051209,23.16,27.62,19.0,81.2,8.81,1.94,11.94
20051210,23.18,27.1,19.77,88.92,30.84,3.14,3.76
20051211,23.3,26.02,21.19,94.07,15.74,3.07,9.06
20051212,23.47,26.01,21.66,94.01,3.39,1.96,17.54
20051213,24.13,27.07,22.04,93.77,5.95,2.59,15.82
20051214,23.68,27.52,21.47,90.61,1.61,2.51,16.17
20051215,22.69,26.34,20.31,89.55,0.23,2.49,17.43
20051216,21.51,25.71,18.68,87.18,0.01,2.46,19.17
20051217,22.37,26.5,18.14,89.52,0.94,2.42,12.08
20051218,23.53,26.49,21.37,89.98,2.46,2.42,12.8
20051219,24.34,28.9,20.74,85.65,0.06,1.72,18.97
20051220,24.81,29.15,21.05,85.06,0.16,1.43,20.18
20051221,25.05,29.07,21.2,85.27,0.09,1.33,15.66
20051222,24.84,29.0,21.27,86.35,1.87,1.03,18.2
20051223,24.38,28.33,22.04,88.87,2.71,1.24,15.68
20051224,23.88,28.19,20.83,88.55,0.0,1.62,17.18
20051225,23.04,27.26,20.16,88.86,0.0,1.68,18.01
20051226,22.02,26.22,18.96,87.18,0.0,2.15,19.02
20051227,21.05,26.09,16.19,84.41,0.0,1.86,20.01
20051228,21.51,26.56,16.22,87.52,0.07,1.85,20.64
20051229,21.78,26.47,18.34,87.47,0.0,1.87,18.42
20051230,20.76,25.87,16.48,84.09,0.0,1.87,20.0
20051231,21.22,26.34,16.65,86.19,0.01,2.17,14.73
20060101,21.19,26.41,16.38,85.15,0.02,2.52,19.84
20060102,21.28,26.11,17.76,86.17,0.01,2.16,16.59
20060103,21.55,26.59,16.85,88.52,0.0,1.98,18.07
20060104,22.53,27.12,18.27,88.1,0.26,1.86,17.65
20060105,23.35,27.66,20.59,90.44,1.61,2.54,10.4
20060106,23.06,27.18,20.53,87.48,0.01,2.49,16.77
20060107,23.72,28.0,20.29,89.54,0.82,2.39,16.67
20060108,23.43,25.6,21.78,93.09,12.21,2.4,13.8
20060109,23.93,27.87,21.23,90.32,0.89,2.28,15.19
20060110,23.56,27.72,19.65,88.7,0.05,2.59,16.26
20060111,22.05,27.04,17.19,87.77,0.08,2.27,16.99
20060112,22.8,27.22,19.03,89.05,0.17,2.55,13.34
20060113,22.63,26.5,19.29,88.49,0.36,2.61,15.68
20060114,23.03,26.59,20.23,91.98,1.0,2.02,12.05
20060115,24.05,28.62,20.84,89.46,0.19,2.0,13.87
20060116,24.2,28.5,21.26,88.6,3.87,2.13,14.86
20060117,23.57,28.36,19.96,87.91,0.19,1.69,18.54
20060118,22.23,28.54,17.33,83.46,0.0,1.77,22.59
20060119,20.72,27.03,15.32,82.17,0.0,1.63,22.24
20060120,20.43,26.99,14.09,80.32,0.0,1.56,22.99
20060121,20.94,27.33,14.97,80.05,0.0,1.44,23.51
20060122,21.54,27.62,14.87,75.22,0.0,1.39,22.94
20060123,21.99,28.29,15.96,65.86,0.0,1.15,23.52
20060124,22.22,29.11,15.4,66.44,0.0,1.27,23.29
20060125,22.17,27.99,17.12,77.07,0.0,1.51,20.24
20060126,21.54,27.42,16.47,79.75,0.0,2.06,22.43
20060127,22.27,28.32,17.11,84.63,0.24,2.71,16.45
20060128,22.05,27.94,17.42,83.4,0.0,2.52,21.16
20060129,20.64,27.4,15.36,77.91,0.0,2.33,22.79
20060130,20.7,27.39,14.37,79.26,0.0,2.02,22.22
20060131,21.56,27.92,16.12,80.17,0.0,2.43,20.94
20060201,22.04,28.3,16.62,79.45,0.0,2.53,22.22
20060202,22.57,29.06,16.96,80.09,0.0,2.4,22.49
20060203,23.34,29.8,17.88,81.38,0.07,2.57,19.99
20060204,24.2,30.02,19.76,82.74,0.25,2.9,15.08
20060205,24.33,30.53,19.5,80.76,0.01,2.54,21.71
20060206,22.68,29.88,17.22,77.9,0.0,2.32,22.59
20060207,21.22,29.27,14.51,75.68,0.0,2.19,23.65
20060208,21.19,28.79,14.33,75.69,0.0,2.3,20.35
20060209,22.88,29.73,16.7,79.12,0.01,2.16,19.25
20060210,23.25,30.61,18.12,73.83,0.02,2.34,20.44
20060211,23.45,30.67,17.24,74.9,0.0,2.43,21.3
20060212,23.84,30.25,18.83,74.22,0.0,2.51,21.21
20060213,21.96,28.37,17.51,76.56,0.0,2.02,21.09
20060214,22.38,30.74,14.53,69.37,0.0,1.61,22.7
20060215,23.91,32.01,16.9,71.04,0.0,1.53,22.61
20060216,24.39,32.57,17.92,68.76,0.0,1.45,23.62
20060217,24.67,32.97,17.77,67.12,0.0,1.39,23.07
20060218,24.61,33.03,17.57,69.46,0.0,1.71,23.79
20060219,24.96,33.2,18.9,68.76,0.0,1.67,25.16
20060220,24.62,33.81,17.1,65.21,0.0,1.99,25.11
20060221,24.2,33.16,16.54,65.55,0.0,1.84,24.24
20060222,24.02,32.95,16.7,64.51,0.0,1.81,25.41
20060223,24.05,33.14,16.59,65.08,0.0,2.02,24.37
20060224,24.5,33.05,16.52,65.01,0.0,1.85,23.32
20060225,25.94,34.33,19.4,65.83,0.0,1.51,21.13
20060226,26.54,34.76,19.67,65.17,0.0,1.67,19.7
20060227,27.17,34.61,21.35,67.48,0.0,1.69,22.13
20060228,28.35,36.01,23.18,66.47,0.0,1.44,22.29
20060301,28.48,36.01,23.32,66.41,0.0,1.44,20.91
20060302,28.41,35.83,22.78,69.48,1.24,1.86,21.24
20060303,26.18,29.97,23.49,83.34,22.39,1.25,18.44
20060304,26.28,32.09,22.02,77.85,3.66,1.63,13.61
20060305,27.92,35.43,21.85,71.73,0.17,1.9,23.08
20060306,27.27,33.28,22.97,75.49,2.87,1.49,22.14
20060307,26.58,31.07,23.07,77.19,0.2,1.04,22.68
20060308,27.02,33.5,21.67,72.64,0.13,1.87,21.99
20060309,25.8,29.21,23.06,82.28,2.44,1.39,20.7
20060310,26.72,32.29,22.16,77.04,0.91,1.53,16.37
20060311,27.41,33.36,23.33,77.57,13.67,1.12,18.44
20060312,26.54,30.98,23.43,81.27,2.93,1.45,22.34
20060313,27.62,33.96,22.66,72.46,0.0,1.34,22.02
20060314,26.91,31.35,23.09,73.76,0.0,1.2,20.33
20060315,28.11,34.93,22.81,65.2,0.05,1.48,23.83
20060316,27.21,32.19,23.12,69.67,0.0,0.96,21.51
20060317,28.21,34.44,23.09,65.2,0.0,1.56,15.92
20060318,28.35,35.49,22.16,63.66,0.0,2.03,23.57
20060319,27.87,35.37,21.47,65.95,0.0,2.36,22.8
20060320,27.78,35.46,21.8,64.27,0.0,2.17,24.03
20060321,27.35,35.62,20.75,61.04,0.0,2.25,20.06
20060322,27.65,36.57,20.5,54.28,0.03,1.6,26.32
20060323,28.65,37.49,21.67,58.28,0.0,2.07,24.84
20060324,29.22,38.34,22.08,58.55,0.12,1.67,25.39
20060325,29.33,37.5,23.0,59.79,0.0,1.78,25.05
20060326,29.34,37.68,22.59,56.39,0.95,1.97,24.61
20060327,29.71,38.82,22.4,54.99,0.01,2.01,25.53
20060328,29.37,37.97,22.72,57.91,0.0,1.9,25.38
20060329,29.47,37.14,23.05,59.68,0.0,1.78,22.02
20060330,29.4,35.79,24.88,64.14,0.45,1.98,19.77
20060331,29.72,37.25,24.19,60.17,0.08,1.88,22.77
20060401,29.69,37.9,22.99,55.16,0.0,1.84,25.01
20060402,29.56,38.04,22.72,49.66,0.0,1.76,25.54
20060403,29.65,38.09,23.18,49.41,0.0,1.82,24.81
20060404,30.13,38.73,23.17,53.17,0.0,1.87,24.63
20060405,30.52,38.93,23.53,55.26,0.0,2.11,25.3
20060406,31.22,39.92,23.66,50.71,0.0,2.02,24.62
20060407,31.56,40.14,24.19,49.84,0.0,1.87,23.7
20060408,31.32,39.54,24.47,49.43,0.0,2.02,24.02
20060409,31.14,39.47,24.75,50.59,0.01,2.08,24.66
20060410,31.09,39.65,24.2,48.36,0.08,2.15,24.3
20060411,31.52,39.85,23.92,51.11,0.13,2.07,23.33
20060412,32.32,39.62,26.19,51.44,0.13,2.16,24.93
20060413,31.57,38.12,26.26,53.43,1.44,1.85,25.62
20060414,29.27,34.19,25.84,65.23,1.13,1.93,21.94
20060415,29.64,35.77,24.74,62.51,0.33,1.62,19.51
20060416,27.57,29.94,25.85,70.86,0.21,2.11,20.21
20060417,28.36,33.58,24.38,68.88,28.65,1.13,21.4
20060418,28.11,34.29,23.73,72.14,5.74,1.93,15.33
20060419,29.47,35.95,24.47,63.44,0.16,1.91,23.28
20060420,29.21,35.38,24.41,65.22,0.3,1.82,20.63
20060421,29.45,36.62,23.58,63.43,1.71,1.56,22.39
20060422,29.6,37.67,23.68,59.14,0.04,1.61,19.27
20060423,30.09,38.34,23.14,56.25,0.0,1.88,25.17
20060424,30.21,38.41,23.16,55.57,0.0,1.97,23.2
20060425,30.95,38.57,23.87,53.45,0.15,1.81,23.01
20060426,31.81,38.52,26.03,54.65,0.03,1.33,21.47
20060427,32.65,40.29,26.01,52.81,0.0,1.4,23.37
20060428,31.95,38.84,27.41,54.88,0.0,1.98,23.52
20060429,30.94,37.33,26.58,56.97,0.0,1.7,23.48
20060430,33.3,41.32,25.86,48.76,0.0,1.46,24.27
20060501,33.83,41.6,27.0,47.05,0.0,1.74,24.9
20060502,33.64,40.15,27.67,48.31,0.01,1.94,23.45
20060503,32.21,37.7,27.78,53.82,0.38,2.04,19.14
20060504,29.95,34.1,26.94,64.44,0.23,2.12,17.97
20060505,29.51,34.54,25.87,66.97,0.02,2.36,18.59
20060506,30.27,35.25,25.77,62.17,0.0,1.55,22.73
20060507,31.05,36.41,25.99,55.16,0.07,1.86,22.85
20060508,30.74,36.35,25.83,58.51,0.1,2.16,22.58
20060509,30.55,36.94,25.65,58.87,0.03,2.2,23.95
20060510,30.26,35.65,25.71,60.88,0.43,1.81,25.41
20060511,31.85,39.26,25.61,54.27,0.22,2.34,24.33
20060512,33.0,39.97,26.48,48.54,0.03,1.64,22.41
20060513,32.33,37.35,27.57,48.35,0.0,1.36,23.66
20060514,32.64,39.1,26.67,46.8,0.1,1.43,23.72
20060515,32.55,38.47,27.39,47.97,0.98,1.94,23.63
20060516,30.44,36.19,26.31,63.22,19.72,1.79,23.77
20060517,29.67,35.08,25.0,66.3,1.09,1.46,22.62
20060518,26.61,29.16,24.87,82.08,35.39,1.83,20.49
20060519,27.55,32.65,24.54,73.8,5.67,2.36,15.56
20060520,29.48,36.48,23.51,60.27,0.0,1.8,23.69
20060521,29.09,35.12,24.06,64.93,1.99,2.04,23.07
20060522,29.82,36.87,24.78,63.68,3.54,2.02,23.53
20060523,28.95,35.33,24.35,69.48,8.75,2.49,24.36
20060524,29.07,35.76,23.93,66.28,3.91,2.49,23.62
20060525,28.85,35.05,24.11,66.49,1.37,2.9,23.85
20060526,27.84,33.87,24.44,69.06,10.43,2.85,20.46
20060527,26.56,30.89,23.79,71.46,4.14,3.37,19.12
20060528,26.83,31.57,23.86,76.54,9.57,3.06,19.74
20060529,27.1,31.75,23.66,74.33,10.32,3.65,20.38
20060530,27.64,32.23,24.17,74.29,13.03,3.52,15.56
20060531,27.25,32.14,23.41,75.18,6.01,3.02,19.36
20060601,27.88,34.58,22.56,69.9,0.18,2.3,22.18
20060602,27.94,33.61,23.85,72.46,2.22,1.61,24.19
20060603,28.59,35.52,23.03,68.51,0.56,1.88,24.14
20060604,28.05,33.99,24.26,65.2,0.46,2.37,18.92
20060605,27.44,32.83,23.42,68.2,1.55,2.41,20.55
20060606,28.02,34.13,22.9,68.42,0.05,1.71,19.2
20060607,27.37,33.69,23.13,68.43,0.01,1.77,22.47
20060608,28.6,35.2,22.88,62.76,0.0,1.8,23.32
20060609,28.27,33.97,23.64,65.73,0.28,2.0,22.35
20060610,28.74,35.6,23.58,64.57,0.0,2.24,23.75
20060611,28.71,36.53,21.93,62.37,0.0,2.08,23.87
20060612,29.5,37.54,21.71,60.41,0.0,1.51,25.51
20060613,29.93,37.72,22.49,59.23,0.22,1.29,25.46
20060614,30.13,36.93,23.85,57.98,0.03,1.45,24.18
20060615,29.97,35.63,25.27,62.77,0.54,1.02,23.39
20060616,27.12,29.38,25.22,76.2,4.55,1.92,23.76
20060617,29.04,35.34,23.63,63.21,0.12,1.71,23.88
20060618,29.24,35.11,23.11,64.24,0.33,1.43,20.38
20060619,29.13,33.62,25.53,66.64,0.13,1.64,21.3
20060620,27.21,31.56,24.55,76.01,11.31,2.05,19.91
20060621,27.46,31.24,24.09,77.21,12.33,1.18,20.42
20060622,26.89,31.48,23.92,80.72,9.22,2.38,22.25
20060623,27.22,32.51,23.54,76.6,14.43,3.44,21.07
20060624,27.92,33.75,23.91,72.44,4.29,3.03,20.69
20060625,27.39,32.6,23.85,68.5,1.08,3.36,21.84
20060626,27.46,33.04,22.71,70.78,0.88,2.22,21.36
20060627,28.7,35.24,23.41,69.22,0.29,1.94,22.03
20060628,27.75,33.05,24.21,69.24,1.33,2.68,15.81
20060629,27.31,32.96,23.49,69.65,6.39,2.99,20.76
20060630,27.77,33.05,23.9,69.26,0.58,3.06,19.18
20060701,28.11,34.01,24.36,63.0,0.28,4.54,20.98
20060702,27.29,31.99,23.96,66.58,1.34,3.97,21.23
20060703,27.14,31.42,23.99,67.51,5.66,4.31,20.62
20060704,26.87,30.95,24.26,69.44,7.96,4.3,18.98
20060705,27.47,32.6,23.56,67.85,3.6,3.51,18.72
20060706,27.56,33.84,22.97,68.64,1.43,2.78,22.52
20060707,28.01,35.19,22.25,67.33,1.84,2.76,21.41
20060708,29.01,36.28,23.66,64.93,0.11,3.03,23.37
20060709,28.15,35.05,22.9,65.71,0.13,2.99,22.41
20060710,28.18,34.93,23.74,67.17,8.78,2.91,22.02
20060711,27.64,33.57,23.02,69.26,2.87,3.07,20.73
20060712,26.74,31.36,23.7,74.42,5.96,2.99,18.88
20060713,26.54,31.32,23.08,71.11,1.23,3.47,19.16
20060714,26.91,31.42,23.1,69.78,0.46,2.87,20.04
20060715,27.59,32.7,23.93,68.82,0.69,3.55,20.63
20060716,28.28,34.64,23.23,65.54,0.23,3.62,19.53
20060717,27.8,33.75,23.54,67.08,0.86,3.45,17.69
20060718,27.18,33.34,22.87,68.73,0.37,3.16,21.94
20060719,28.11,35.37,22.98,65.55,0.18,2.74,22.66
20060720,28.17,34.6,22.9,65.78,0.97,2.84,21.67
20060721,28.45,34.93,23.64,63.17,0.02,3.08,19.21
20060722,28.0,34.88,23.19,63.44,0.0,2.15,22.39
20060723,29.18,37.44,22.09,60.44,0.03,2.13,24.49
20060724,28.53,34.53,23.29,62.76,0.0,2.03,23.14
20060725,28.29,33.34,24.14,66.17,0.3,1.35,18.69
20060726,27.44,31.84,23.98,69.85,0.8,1.42,14.51
20060727,27.02,33.63,22.61,66.78,1.27,2.93,17.82
20060728,27.04,34.23,21.9,61.74,0.53,3.96,17.68
20060729,27.4,34.58,21.92,64.98,0.84,2.99,18.38
20060730,27.86,34.71,22.2,65.05,0.15,2.47,23.18
20060731,27.66,34.23,22.01,65.19,0.34,3.0,24.31
20060801,27.78,34.08,22.22,64.84,0.1,2.56,22.07
20060802,28.82,36.65,22.76,59.78,0.04,3.4,22.41
20060803,27.97,34.67,23.74,60.49,0.32,3.9,19.49
20060804,27.05,32.7,22.98,65.58,0.73,2.97,21.47
20060805,27.9,36.46,21.65,61.07,0.02,2.64,23.21
20060806,29.14,37.67,21.44,58.95,0.0,2.15,24.92
20060807,29.64,37.9,22.57,58.75,0.35,2.21,25.07
20060808,28.94,36.57,22.83,59.25,0.12,2.64,24.4
20060809,28.35,36.26,21.74,63.08,3.18,2.87,21.97
20060810,27.07,32.92,23.4,69.1,8.94,3.04,16.42
20060811,27.9,34.3,23.01,69.16,3.26,3.31,21.63
20060812,27.46,32.68,23.29,68.34,3.07,3.52,20.0
20060813,27.33,32.35,23.04,66.05,1.77,3.78,19.88
20060814,27.41,33.36,23.53,67.88,7.26,3.28,20.92
20060815,27.72,34.07,22.98,68.63,6.26,3.71,21.19
20060816,26.58,30.89,23.67,61.85,1.44,5.25,20.14
20060817,27.54,33.89,23.33,62.21,1.29,4.1,21.1
20060818,27.58,34.79,22.05,67.58,12.45,2.73,22.09
20060819,28.16,34.83,23.2,69.67,0.12,1.92,23.21
20060820,27.23,31.58,23.83,75.1,46.8,1.6,22.24
20060821,26.13,29.11,23.76,83.92,30.29,1.22,20.7
20060822,26.3,29.62,23.72,81.54,2.46,0.96,19.07
20060823,26.99,31.36,23.16,76.33,2.77,1.11,18.35
20060824,26.67,30.43,23.34,77.86,26.26,1.3,23.34
20060825,26.72,31.27,22.91,78.67,10.83,1.81,22.32
20060826,26.22,31.51,22.25,73.95,0.0,2.1,23.96
20060827,25.71,31.66,21.57,74.45,0.0,1.98,25.36
20060828,26.77,34.14,20.36,69.49,0.13,2.51,24.33
20060829,27.01,33.12,22.2,70.65,0.38,2.83,21.97
20060830,27.9,34.88,21.84,68.85,0.02,1.84,25.17
20060831,28.05,34.32,22.86,69.56,0.91,1.45,21.6
20060901,27.96,33.32,23.09,71.91,28.43,1.09,19.7
20060902,26.87,30.06,23.95,79.67,8.96,1.26,20.34
20060903,26.99,30.46,23.91,81.46,1.06,1.08,23.52
20060904,26.97,30.2,23.96,79.02,1.35,0.96,17.37
20060905,26.78,30.74,23.73,76.82,0.0,1.24,22.76
20060906,26.48,30.82,22.7,78.89,0.28,1.36,19.99
20060907,25.76,28.85,23.43,86.68,11.4,1.29,11.55
20060908,26.18,30.79,22.77,83.99,8.23,2.3,18.46
20060909,25.23,29.2,22.57,86.32,8.61,2.97,17.94
20060910,25.5,30.02,21.91,83.56,1.62,2.76,22.11
20060911,25.38,29.84,22.12,84.64,6.87,2.73,20.96
20060912,26.27,31.72,22.46,79.64,5.01,2.25,23.64
20060913,26.55,32.24,22.49,76.71,2.35,2.37,21.39
20060914,25.05,28.87,22.3,80.94,0.47,1.8,22.03
20060915,25.53,29.89,21.97,82.74,13.12,2.56,16.09
20060916,25.18,29.02,23.06,87.06,9.07,2.61,19.3
20060917,25.28,29.23,22.33,84.83,3.11,2.52,19.06
20060918,25.61,29.68,22.38,84.02,12.36,2.48,20.24
20060919,26.56,33.04,21.82,77.54,0.23,2.12,22.86
20060920,26.09,31.28,21.83,81.85,0.54,2.34,20.92
20060921,26.26,31.03,22.53,80.73,4.72,2.24,18.38
20060922,26.64,32.42,21.96,77.68,1.11,1.64,21.05
20060923,26.48,31.47,22.53,79.86,0.08,1.43,22.36
20060924,25.82,30.06,22.76,84.7,20.16,1.74,21.25
20060925,24.88,28.39,22.31,84.03,12.82,1.38,14.71
20060926,25.82,31.46,21.44,77.21,0.15,2.15,20.87
20060927,26.29,33.11,20.89,73.43,1.31,1.93,24.2
20060928,26.75,33.54,22.5,71.29,1.22,2.15,22.7
20060929,25.69,31.03,21.62,75.06,2.11,2.07,21.3
20060930,27.16,33.52,21.88,72.65,0.27,1.94,23.16
20061001,27.06,33.85,22.14,71.37,0.21,2.04,24.01
20061002,26.96,34.23,20.71,71.06,0.17,1.65,24.9
20061003,27.35,34.33,20.85,72.07,0.01,1.62,23.62
20061004,27.74,33.77,22.97,74.02,7.43,1.79,22.3
20061005,27.87,34.59,22.45,72.19,0.05,1.86,23.15
20061006,27.27,34.0,21.48,75.57,11.35,2.17,22.84
20061007,25.86,29.34,23.55,87.25,35.96,1.88,20.89
20061008,26.27,31.39,23.12,79.66,3.14,2.19,18.42
20061009,25.62,31.06,21.79,79.09,0.86,1.69,20.59
20061010,26.43,31.82,22.41,81.08,1.52,1.1,19.55
20061011,26.91,31.75,23.36,78.49,0.5,1.43,18.63
20061012,26.92,32.23,22.35,77.79,1.03,1.35,21.3
20061013,27.0,32.43,23.24,76.56,0.48,1.26,20.2
20061014,26.28,30.79,23.34,80.37,2.59,1.12,18.46
20061015,26.21,30.35,23.04,82.11,13.09,1.09,20.28
20061016,26.2,30.55,23.17,83.87,7.26,1.39,17.95
20061017,25.57,29.06,23.29,87.76,9.69,1.55,15.65
20061018,26.07,30.71,22.67,86.0,24.64,1.74,15.9
20061019,25.3,28.51,23.07,89.26,26.31,1.41,16.04
20061020,25.24,28.43,22.44,86.01,17.84,1.6,17.13
20061021,25.32,29.5,22.03,83.01,4.95,1.52,16.18
20061022,25.21,29.99,21.24,84.32,4.18,2.1,18.31
20061023,24.45,27.51,22.42,90.36,23.13,2.09,17.78
20061024,24.39,27.59,21.95,91.06,8.16,2.22,14.43
20061025,24.78,28.49,21.83,88.54,4.5,2.34,15.03
20061026,24.71,27.47,22.39,91.09,17.59,2.15,16.3
20061027,24.19,26.59,22.16,93.48,25.11,1.98,10.94
20061028,24.98,28.8,21.97,86.95,29.27,1.04,12.49
20061029,25.27,28.75,22.67,89.05,5.03,2.09,18.16
20061030,25.34,29.17,22.25,89.15,7.57,1.61,20.44
20061031,24.94,28.58,22.36,87.94,0.77,2.04,14.91
20061101,25.17,28.68,22.79,87.4,4.06,1.22,18.1
20061102,24.7,28.25,22.21,91.93,12.84,1.7,15.28
20061103,24.18,26.82,22.56,92.89,14.7,1.99,13.36
20061104,23.49,25.64,21.74,91.41,3.45,1.2,11.67
20061105,24.63,28.79,21.4,88.8,0.36,1.62,19.25
20061106,24.33,26.92,22.12,91.23,12.59,1.18,18.6
20061107,23.73,25.9,22.15,93.33,5.2,1.75,11.69
20061108,23.91,26.82,21.39,90.79,2.69,1.44,19.59
20061109,24.06,26.77,22.11,91.65,6.73,1.24,17.74
20061110,24.34,27.79,21.61,91.0,9.18,1.57,20.18
20061111,24.34,27.32,22.48,91.15,7.18,1.77,10.44
20061112,24.24,27.22,22.16,91.87,1.49,1.68,13.68
20061113,23.72,26.43,21.97,92.4,1.39,1.51,15.27
20061114,24.11,27.59,21.59,91.63,2.09,2.09,17.22
20061115,24.26,27.23,22.21,91.5,3.81,2.05,14.14
20061116,24.22,27.58,21.89,90.71,2.08,2.06,17.97
20061117,23.98,26.98,22.09,94.1,27.07,1.75,15.79
20061118,24.23,27.06,21.99,91.85,16.38,1.45,8.01
20061119,24.68,27.91,22.35,91.33,1.71,1.74,18.48
20061120,24.73,28.19,22.68,91.05,4.3,1.68,13.4
20061121,24.32,27.44,22.31,92.42,14.14,2.39,16.73
20061122,23.3,25.65,21.62,93.38,5.39,1.64,12.41
20061123,23.79,27.92,20.58,87.16,7.53,1.63,20.88
20061124,23.75,28.34,20.15,87.65,4.52,1.7,20.65
20061125,23.97,28.5,19.82,89.89,0.23,1.59,19.33
20061126,24.95,29.06,21.64,89.95,10.98,1.71,17.8
20061127,24.36,26.69,22.67,93.76,15.31,1.62,17.51
20061128,24.62,28.36,21.78,88.27,0.55,1.92,19.52
20061129,23.86,28.53,20.13,88.77,0.0,2.14,18.33
20061130,23.56,28.37,20.08,88.85,0.0,2.34,19.32
20061201,22.63,27.56,18.78,87.73,0.0,2.34,19.25
20061202,22.39,27.44,17.5,86.56,0.19,2.24,19.89
20061203,22.8,27.74,19.31,87.97,0.33,2.6,15.3
20061204,22.81,27.64,19.39,87.81,0.22,2.6,14.97
20061205,22.85,27.51,19.51,87.15,0.01,2.76,16.98
20061206,21.86,26.64,18.23,86.12,0.0,2.22,19.69
20061207,21.8,27.29,16.99,84.4,0.0,2.36,18.99
20061208,21.89,27.64,16.61,85.1,0.0,2.17,21.46
20061209,22.07,27.54,17.03,84.22,0.67,1.97,20.71
20061210,23.11,28.31,18.86,89.25,3.29,2.35,18.87
20061211,24.55,28.87,21.42,90.44,10.7,1.89,15.41
20061212,24.71,28.58,22.22,89.83,3.29,2.11,14.75
20061213,23.84,27.72,20.64,87.57,0.01,2.63,16.72
20061214,22.8,27.56,19.41,85.79,0.0,2.77,18.49
20061215,22.37,27.55,18.51,86.0,0.0,2.64,17.94
20061216,21.56,27.29,17.12,84.16,0.0,3.03,16.83
20061217,21.71,26.8,17.43,85.45,0.0,2.81,17.9
20061218,22.27,27.4,17.5,85.18,0.0,2.4,17.89
20061219,22.93,28.03,18.86,84.88,0.16,2.65,18.29
20061220,22.67,27.34,19.3,85.93,0.6,2.61,17.81
20061221,22.3,27.68,18.71,86.95,0.5,2.96,8.36
20061222,22.61,27.89,18.12,86.46,0.0,2.92,13.94
20061223,22.87,27.92,18.68,85.28,0.23,2.98,16.19
20061224,22.43,27.27,19.16,86.86,0.01,2.67,12.0
20061225,22.1,26.79,18.06,84.52,0.03,2.63,16.36
20061226,21.95,27.83,17.16,82.85,0.01,2.44,16.66
20061227,22.22,28.19,17.01,84.03,0.0,2.44,17.24
20061228,21.99,28.35,16.65,81.49,0.0,2.26,20.09
20061229,21.32,27.89,15.94,80.72,0.0,2.2,20.44
20061230,20.92,27.93,15.31,78.2,0.0,1.95,21.07
20061231,21.62,28.06,15.1,78.64,0.0,1.86,19.62
20070101,22.39,28.07,17.46,80.2,0.0,1.74,15.62
20070102,21.55,28.53,15.95,76.16,0.0,2.06,19.53
20070103,21.46,27.88,15.41,80.04,0.0,1.78,17.29
20070104,21.72,28.61,16.29,78.22,0.0,1.73,19.06
20070105,21.63,28.92,15.42,78.8,0.0,1.92,20.05
20070106,22.26,28.86,16.48,77.96,0.01,2.38,19.65
20070107,22.29,29.1,16.51,77.48,0.0,2.49,19.27
20070108,23.23,29.93,17.31,79.07,0.08,2.82,13.56
20070109,24.36,30.37,20.16,77.76,0.04,3.25,13.61
20070110,24.41,30.51,19.97,78.02,0.0,2.88,18.7
20070111,24.79,31.0,20.0,77.27,0.0,2.64,19.59
20070112,24.3,30.64,19.6,75.72,0.0,2.53,16.48
20070113,23.1,30.8,17.06,72.53,0.0,2.23,20.31
20070114,23.65,30.78,17.46,75.73,0.01,2.38,19.24
20070115,24.94,31.38,20.43,77.04,0.0,2.28,19.65
20070116,24.54,31.9,19.32,74.46,0.0,2.01,18.52
20070117,23.68,31.71,17.53,72.52,0.0,1.96,18.34
20070118,23.03,31.52,17.19,69.96,0.0,2.34,20.33
20070119,22.97,31.27,16.91,71.52,0.0,2.16,20.83
20070120,23.46,31.89,16.95,72.04,0.0,2.07,20.82
20070121,23.2,31.16,16.81,73.72,0.0,2.09,20.06
20070122,23.57,32.25,17.94,70.53,0.0,1.94,22.5
20070123,23.48,32.42,15.83,69.77,0.0,2.03,21.96
20070124,23.9,32.15,17.38,72.27,0.0,2.42,21.35
20070125,24.28,32.13,18.52,71.63,0.0,2.48,17.03
20070126,25.01,32.43,19.13,71.36,0.0,2.6,19.79
20070127,24.93,30.71,21.18,78.52,2.49,3.09,8.91
20070128,25.25,30.95,21.38,76.33,1.2,2.98,11.97
20070129,25.48,32.59,19.88,72.82,0.03,3.0,17.83
20070130,25.36,32.53,20.37,70.99,0.0,2.9,21.22
20070131,24.55,32.79,18.39,69.35,0.0,2.5,21.6
20070201,23.88,32.91,17.59,66.5,0.0,2.11,22.97
20070202,24.06,32.35,17.29,71.6,0.0,2.36,21.31
20070203,24.6,32.75,17.66,68.9,0.01,2.1,20.59
20070204,24.65,32.93,18.2,67.18,0.0,1.9,21.52
20070205,24.65,33.64,17.91,62.93,0.0,1.92,23.28
20070206,24.04,33.23,16.66,63.6,0.0,1.99,23.77
20070207,24.22,33.44,16.31,65.51,0.0,1.92,23.32
20070208,24.71,33.5,18.61,63.53,0.0,1.93,23.5
20070209,24.4,32.51,17.07,68.94,0.14,2.39,20.19
20070210,25.03,31.62,20.08,72.23,0.36,2.79,10.84
20070211,26.32,33.09,20.74,66.72,0.03,1.98,20.25
20070212,27.31,34.6,21.61,65.08,0.0,1.42,20.67
20070213,28.12,35.98,21.56,60.94,0.0,1.31,19.98
20070214,28.26,36.25,21.64,55.76,0.0,0.92,19.83
20070215,28.13,36.66,20.45,50.71,0.0,0.86,22.51
20070216,27.6,35.92,20.15,57.38,0.0,1.61,22.81
20070217,27.78,34.97,21.75,58.81,0.5,1.38,21.41
20070218,26.58,32.44,21.83,69.08,0.57,2.12,13.66
20070219,26.5,31.81,22.41,65.27,0.23,2.78,16.91
20070220,26.5,34.1,21.31,59.59,0.01,3.25,20.4
20070221,25.53,34.22,19.13,55.72,0.0,2.67,24.24
20070222,24.97,34.33,17.31,56.8,0.0,2.62,24.41
20070223,25.17,34.47,17.9,59.77,0.0,2.1,23.71
20070224,25.84,34.51,18.28,61.07,0.17,1.97,19.98
20070225,26.69,33.36,21.24,64.7,0.83,1.52,11.91
20070226,28.43,36.81,21.83,59.64,0.03,2.0,22.66
20070227,29.07,37.36,22.88,59.84,0.17,1.94,21.05
20070228,28.9,37.16,22.67,56.94,0.0,2.08,21.72
20070301,28.72,36.86,22.66,55.84,0.0,1.43,24.15
20070302,29.25,37.12,22.35,58.3,0.19,1.94,22.88
20070303,29.41,37.0,23.22,57.18,0.02,1.99,20.48
20070304,28.87,37.04,23.12,56.51,0.0,2.25,24.65
20070305,28.37,37.08,21.29,54.52,0.0,1.92,23.96
20070306,28.34,37.09,20.61,54.71,0.0,2.08,22.57
20070307,28.21,36.94,20.97,51.68,0.0,1.75,25.6
20070308,28.4,37.33,20.49,50.95,0.08,1.84,24.44
20070309,28.39,37.11,21.3,54.37,0.0,2.18,25.02
20070310,28.75,37.53,21.93,58.55,0.0,2.14,23.23
20070311,28.62,37.17,22.39,56.06,0.0,2.13,23.85
20070312,28.03,36.93,20.5,56.14,0.0,2.07,23.67
20070313,28.94,36.1,23.23,60.03,0.18,2.06,20.27
20070314,29.51,38.12,22.69,55.45,0.0,2.27,23.18
20070315,29.61,38.09,22.7,56.14,0.0,2.2,23.74
20070316,30.12,38.55,23.06,56.13,0.01,2.4,22.86
20070317,30.62,38.6,24.0,57.12,0.0,2.66,23.21
20070318,30.02,38.41,24.27,49.71,0.0,2.19,25.89
20070319,29.71,39.25,22.55,42.38,0.0,1.82,26.34
20070320,29.91,39.54,22.52,41.15,0.0,1.95,26.0
20070321,29.96,39.58,21.81,43.96,0.0,2.03,25.17
20070322,30.3,39.5,23.33,47.09,0.0,1.96,25.38
20070323,29.6,38.45,22.76,48.23,0.0,1.98,26.12
20070324,30.66,40.37,22.44,41.48,0.0,2.14,24.71
20070325,31.36,40.44,23.63,41.33,0.0,2.04,24.67
20070326,31.66,40.4,24.32,41.04,0.0,2.01,25.05
20070327,31.23,39.77,24.93,44.34,0.0,2.06,25.72
20070328,30.97,39.73,23.52,45.61,0.0,2.13,25.74
20070329,30.33,38.85,24.12,44.65,0.0,2.11,23.74
20070330,30.01,39.05,22.23,47.61,0.0,2.47,25.73
20070331,30.13,38.75,22.45,53.1,0.02,2.47,24.27
20070401,29.96,35.99,25.35,60.31,0.12,2.18,21.67
20070402,31.21,39.74,24.28,53.54,0.0,2.18,24.74
20070403,31.85,40.81,24.93,45.84,0.0,2.02,26.27
20070404,31.22,39.8,24.49,49.19,0.0,2.27,25.92
20070405,30.6,39.26,24.56,58.72,0.09,2.69,25.32
20070406,29.03,33.84,24.89,62.89,0.36,2.09,20.48
20070407,29.73,36.58,24.87,61.91,1.82,2.39,17.74
20070408,29.34,34.92,25.31,63.87,1.11,1.98,14.87
20070409,29.13,35.25,24.77,64.49,3.03,2.08,17.56
20070410,28.83,34.42,24.65,67.83,2.46,1.74,17.82
20070411,28.93,34.93,24.4,66.92,1.68,1.79,18.84
20070412,30.01,36.59,24.09,61.27,1.32,1.56,23.94
20070413,30.0,35.87,25.08,60.11,1.27,1.54,21.04
20070414,30.25,37.44,24.54,61.79,2.9,2.04,21.88
20070415,29.68,36.25,24.44,61.02,0.77,2.02,20.99
20070416,30.75,38.46,24.15,54.62,0.01,2.26,25.13
20070417,31.27,38.61,24.85,56.15,4.44,1.12,24.31
20070418,30.24,36.56,24.85,64.07,7.92,1.31,23.72
20070419,30.69,37.12,25.53,60.5,0.4,1.62,22.97
20070420,30.76,37.33,25.24,60.48,0.04,1.86,21.31
20070421,30.75,37.42,25.37,61.47,2.24,1.87,22.13
20070422,29.78,34.99,25.38,65.15,0.57,1.15,23.21
20070423,30.0,34.96,25.78,64.76,7.67,1.19,24.44
20070424,29.12,34.08,25.15,67.19,3.33,1.1,24.96
20070425,30.47,38.55,23.94,56.56,0.04,2.07,24.61
20070426,30.49,37.45,24.37,58.61,0.02,1.62,21.8
20070427,28.94,33.64,25.79,70.77,1.44,1.29,19.16
20070428,30.32,37.77,24.34,63.28,0.57,2.1,23.09
20070429,30.78,38.45,24.46,60.4,0.41,2.32,24.79
20070430,31.24,38.85,25.31,55.74,0.04,2.3,24.21
20070501,32.58,40.38,25.92,47.47,0.0,2.18,24.6
20070502,33.04,39.85,26.57,50.64,1.41,1.21,23.35
20070503,30.37,34.56,26.65,65.52,19.83,1.71,19.68
20070504,29.9,35.63,25.29,65.61,0.66,1.62,21.38
20070505,28.91,32.26,25.99,72.68,3.47,1.33,21.15
20070506,30.25,36.57,24.91,64.17,0.12,1.84,21.7
20070507,30.87,37.13,25.51,61.67,0.0,1.25,24.36
20070508,29.1,33.02,26.21,70.33,1.28,1.53,23.66
20070509,28.02,32.66,25.17,76.84,3.01,1.61,20.78
20070510,29.86,36.12,24.92,65.1,0.09,2.22,24.86
20070511,31.98,40.97,24.05,53.75,0.0,2.24,24.33
20070512,30.65,38.32,25.66,55.35,0.0,2.59,23.34
20070513,30.85,37.95,24.22,56.61,0.01,1.66,20.26
20070514,32.88,41.0,26.2,50.33,0.04,2.54,23.56
20070515,32.62,39.45,26.52,49.1,0.0,1.66,21.99
20070516,30.7,36.12,26.68,50.99,0.0,2.23,23.9
20070517,32.73,40.94,25.05,44.94,0.0,1.69,23.71
20070518,32.77,41.13,25.55,44.08,0.0,2.33,25.4
20070519,32.63,40.73,24.67,43.14,0.0,1.71,25.14
20070520,33.32,41.25,25.63,42.77,0.0,1.75,24.76
20070521,33.0,39.64,26.59,44.85,0.0,2.24,24.88
20070522,32.27,38.36,27.23,51.83,3.7,1.85,24.66
20070523,30.72,35.07,26.7,60.98,1.25,1.57,21.86
20070524,30.44,35.51,26.39,60.97,1.05,1.84,21.83
20070525,28.77,32.1,25.84,66.26,0.1,1.47,21.53
20070526,30.5,36.92,25.54,60.76,5.95,1.6,24.31
20070527,29.79,35.72,25.51,67.91,4.39,1.76,21.59
20070528,28.54,33.86,24.9,66.31,0.67,2.46,23.43
20070529,28.93,35.23,23.99,63.0,0.93,2.03,21.47
20070530,29.74,36.67,23.78,61.55,1.13,2.2,24.88
20070531,30.69,36.76,24.92,58.16,0.0,2.47,25.69
20070601,32.04,39.56,24.89,51.47,0.0,1.75,25.5
20070602,32.97,40.44,26.27,47.62,0.01,1.97,24.98
20070603,32.73,39.88,26.73,46.79,0.0,2.43,24.07
20070604,32.87,38.2,27.55,46.48,0.0,1.56,23.08
20070605,29.73,32.88,27.05,61.55,0.61,1.64,22.13
20070606,31.2,36.35,26.09,53.96,0.36,0.99,22.59
20070607,29.57,33.33,26.82,61.58,2.46,1.36,21.92
20070608,28.5,33.2,25.58,72.59,24.96,2.23,22.12
20070609,28.15,32.99,24.4,72.58,1.01,2.69,23.09
20070610,29.37,35.25,24.73,67.0,0.31,2.13,23.55
20070611,29.24,34.28,24.81,69.13,1.77,1.77,23.43
20070612,29.17,34.78,24.87,66.19,0.61,1.9,22.13
20070613,29.25,34.61,25.54,67.59,0.61,1.47,21.26
20070614,28.02,31.83,25.04,72.26,0.03,1.58,18.93
20070615,27.77,32.28,24.3,73.29,4.7,1.44,14.51
20070616,28.01,33.03,24.06,71.27,0.39,2.7,19.78
20070617,28.06,33.59,24.35,71.13,3.0,1.78,17.55
20070618,27.45,32.36,24.17,73.61,1.59,2.87,18.14
20070619,27.65,32.94,23.85,70.85,1.4,2.42,15.22
20070620,27.69,32.74,23.81,63.7,2.01,3.92,14.79
20070621,27.38,32.62,23.17,67.83,6.19,3.13,12.59
20070622,27.14,30.87,24.39,74.6,3.11,4.07,9.42
20070623,27.35,31.77,24.38,69.71,4.57,3.78,14.25
20070624,28.86,35.87,23.44,64.68,0.46,2.81,17.83
20070625,28.33,34.13,23.71,63.83,0.0,2.55,22.16
20070626,29.12,35.77,23.23,63.18,0.14,1.99,21.89
20070627,28.43,34.21,24.62,58.44,0.0,3.56,12.83
20070628,28.5,34.38,23.35,61.37,0.28,3.81,19.45
20070629,27.96,33.79,24.14,58.24,0.82,4.07,18.35
20070630,27.88,34.15,23.2,65.85,1.36,3.63,21.08
20070701,28.35,34.11,23.54,66.85,1.09,3.14,21.58
20070702,28.81,35.23,24.12,66.69,3.47,2.84,20.36
20070703,28.01,33.44,23.56,67.4,0.7,2.4,20.17
20070704,28.0,33.0,24.39,68.45,0.22,2.5,22.86
20070705,27.86,33.57,23.78,63.94,0.26,3.25,20.81
20070706,27.06,30.98,24.28,62.44,0.73,4.43,21.67
20070707,28.45,34.86,23.34,61.29,0.56,3.57,20.75
20070708,28.6,35.13,23.68,60.73,0.37,3.31,23.78
20070709,28.12,34.4,23.44,64.86,1.64,2.68,23.09
20070710,28.38,34.06,24.52,66.79,1.0,2.91,17.79
20070711,28.8,33.96,24.7,65.57,1.18,2.49,19.97
20070712,28.63,34.3,24.22,65.61,0.74,3.04,21.18
20070713,29.17,35.1,24.24,62.72,0.24,3.36,19.74
20070714,29.3,35.34,24.58,60.88,0.1,3.51,20.88
20070715,29.35,36.35,24.2,60.58,0.78,3.77,20.48
20070716,28.48,32.72,25.14,67.01,5.3,3.28,19.8
20070717,28.43,34.82,24.74,63.38,0.99,3.51,20.55
20070718,28.2,34.52,23.98,66.75,3.11,1.62,20.18
20070719,26.51,29.33,24.25,77.37,5.08,1.42,19.51
20070720,26.61,30.71,23.56,76.79,6.03,2.04,19.94
20070721,26.87,30.82,23.65,73.35,0.49,1.47,19.73
20070722,27.46,33.0,22.74,68.12,0.39,1.92,15.84
20070723,27.24,31.57,23.21,66.53,10.38,1.39,12.77
20070724,26.82,31.29,23.56,76.43,3.86,1.81,15.35
20070725,27.61,33.13,23.42,71.63,0.38,1.76,16.29
20070726,27.49,32.83,23.3,71.42,0.56,1.52,17.75
20070727,27.59,32.56,24.06,72.6,0.61,1.68,20.78
20070728,27.77,32.46,23.74,70.31,0.53,1.6,20.24
20070729,28.53,34.99,23.39,65.72,1.88,1.42,18.4
20070730,27.4,32.74,23.38,68.44,1.04,1.41,12.45
20070731,26.74,31.53,23.18,75.11,29.0,1.76,16.85
20070801,26.61,31.14,22.85,73.93,1.99,2.26,16.01
20070802,27.06,32.71,22.53,71.7,2.37,2.1,18.78
20070803,27.29,33.48,22.16,71.16,0.03,2.37,22.19
20070804,28.32,35.17,22.76,67.29,0.33,2.72,21.58
20070805,27.45,34.24,22.64,68.37,1.32,3.67,22.57
20070806,26.78,32.09,22.92,67.83,0.66,3.66,21.44
20070807,27.57,34.96,22.43,65.97,0.11,3.22,25.18
20070808,28.18,35.96,22.13,66.74,2.31,3.18,25.28
20070809,27.18,32.06,23.43,70.69,1.99,2.86,22.58
20070810,27.73,34.35,23.64,65.81,1.44,3.05,18.72
20070811,28.16,35.79,22.63,59.65,0.14,2.54,21.69
20070812,28.17,34.85,23.13,61.86,0.13,2.38,20.88
20070813,28.5,36.78,22.23,58.32,0.0,2.59,23.13
20070814,28.26,35.9,22.32,58.12,0.0,1.95,24.84
20070815,28.74,35.19,22.56,61.81,1.29,1.33,22.65
20070816,28.21,32.01,24.2,70.06,12.64,1.1,22.61
20070817,28.08,32.13,24.52,73.65,1.83,1.21,22.89
20070818,28.39,33.95,24.05,69.1,3.65,1.45,22.04
20070819,28.96,35.5,23.62,63.16,0.08,1.88,22.34
20070820,28.59,35.34,22.91,64.69,5.3,1.96,23.51
20070821,27.2,31.37,24.34,74.66,3.21,1.63,17.76
20070822,27.53,33.52,23.02,65.56,0.06,1.89,21.02
20070823,27.08,31.59,23.42,72.99,18.41,1.15,20.51
20070824,26.69,31.11,23.6,77.71,9.92,1.49,19.6
20070825,26.91,31.4,23.2,77.17,0.93,1.29,22.26
20070826,26.97,31.96,22.89,76.71,5.71,2.31,22.88
20070827,28.07,35.15,22.06,68.78,0.14,2.16,23.73
20070828,28.09,33.9,23.68,72.07,3.75,2.1,22.7
20070829,27.32,31.9,24.05,75.12,5.85,2.14,20.43
20070830,27.34,33.24,22.77,72.32,1.39,1.82,15.9
20070831,27.32,34.24,22.73,68.23,1.06,2.58,19.45
20070901,27.0,32.77,23.09,68.98,0.33,2.49,17.07
20070902,27.06,32.86,22.21,70.67,0.55,2.3,21.23
20070903,26.77,31.65,22.83,73.22,0.0,1.83,18.62
20070904,27.69,34.29,22.8,69.57,2.84,1.94,23.33
20070905,27.16,32.42,23.27,72.59,2.06,2.15,19.61
20070906,27.29,32.91,23.18,71.48,0.55,1.72,21.09
20070907,27.8,33.71,22.83,69.98,0.14,1.21,22.5
20070908,26.81,31.06,24.32,76.55,0.39,1.24,20.84
20070909,27.09,31.71,23.48,75.64,10.46,1.53,19.34
20070910,27.41,32.92,22.79,73.42,3.04,1.6,19.29
20070911,27.49,32.79,23.15,75.54,4.12,1.83,21.87
20070912,27.84,33.19,23.41,74.71,1.35,1.99,20.09
20070913,27.36,32.51,23.64,76.79,9.0,1.72,22.66
20070914,26.56,30.64,23.11,78.18,2.18,1.32,11.05
20070915,27.62,33.64,23.3,72.96,3.55,2.21,19.8
20070916,27.89,33.6,23.59,72.84,5.63,1.9,16.76
20070917,27.27,31.98,23.94,76.51,3.64,1.93,16.87
20070918,26.3,32.03,22.29,69.79,1.03,3.4,17.39
20070919,26.88,33.2,21.79,70.07,1.08,2.93,19.01
20070920,27.61,34.55,22.18,70.29,0.98,2.68,22.07
20070921,27.65,34.62,22.52,69.64,1.5,2.59,20.51
20070922,27.54,33.81,22.8,71.48,1.66,2.8,20.49
20070923,27.71,34.59,23.37,70.03,1.36,2.87,19.62
20070924,27.37,33.54,23.42,70.07,1.53,3.04,22.81
20070925,27.66,34.03,23.68,71.65,1.15,2.78,22.84
20070926,27.9,34.41,22.84,68.0,0.06,1.45,23.18
20070927,27.81,33.54,23.89,72.51,2.01,1.31,19.59
20070928,26.86,32.34,23.24,76.38,1.35,1.44,18.81
20070929,28.32,35.95,22.19,65.47,0.03,2.33,23.27
20070930,28.55,35.77,22.59,66.25,0.47,1.64,22.17
20071001,26.96,32.37,23.34,72.2,0.66,2.58,21.59
20071002,26.88,33.86,22.24,67.43,0.64,2.06,23.45
20071003,28.46,37.02,20.77,62.23,0.04,1.87,22.18
20071004,28.83,36.67,22.62,61.59,0.01,2.18,21.72
20071005,27.84,35.13,22.5,61.78,0.01,2.12,22.15
20071006,27.03,34.41,20.51,64.45,0.03,2.3,23.67
20071007,27.53,36.14,21.17,65.25,2.73,2.68,22.16
20071008,27.61,36.06,20.61,61.94,0.02,2.46,21.48
20071009,28.6,35.4,21.92,60.3,0.0,1.54,20.54
20071010,29.03,36.24,23.76,60.69,0.93,1.23,22.14
20071011,27.72,33.51,23.09,70.95,3.14,1.38,18.58
20071012,27.34,31.43,23.89,74.22,0.33,0.94,18.92
20071013,27.42,31.56,23.55,74.58,7.37,1.02,20.18
20071014,26.39,30.19,23.76,77.87,1.9,0.73,18.62
20071015,27.11,32.04,23.17,73.26,1.98,1.43,14.73
20071016,26.96,31.99,23.46,74.53,1.23,1.13,19.83
20071017,26.35,31.17,23.22,78.05,4.99,1.48,16.61
20071018,25.27,29.01,22.87,83.25,7.77,0.73,13.67
20071019,24.94,28.54,22.56,85.77,23.57,1.28,14.84
20071020,25.4,29.45,22.96,83.26,5.2,1.92,16.84
20071021,25.46,29.41,22.48,80.05,12.14,0.62,17.97
20071022,25.48,29.95,22.14,81.58,8.85,1.51,13.92
20071023,23.54,25.52,21.75,89.73,33.05,3.02,5.69
20071024,24.27,28.06,21.42,88.57,24.13,2.02,11.99
20071025,24.83,27.26,22.98,89.31,9.1,1.75,13.09
20071026,24.54,27.9,21.88,87.57,14.67,1.27,15.02
20071027,24.89,29.26,21.48,83.74,5.95,0.65,17.09
20071028,25.16,29.29,22.32,83.88,2.86,1.33,16.78
20071029,25.11,29.4,21.53,83.66,4.56,1.24,15.9
20071030,26.05,31.5,21.43,80.33,3.58,1.65,22.14
20071031,26.22,29.93,22.63,76.72,0.57,0.84,21.67
20071101,25.94,29.84,22.39,78.18,0.75,1.06,16.59
20071102,25.53,30.08,21.71,81.04,2.03,1.21,19.34
20071103,25.18,29.4,21.92,85.47,5.06,1.57,17.51
20071104,24.5,27.35,22.36,90.78,2.26,1.46,15.18
20071105,24.78,27.95,21.94,84.61,0.54,1.28,19.19
20071106,25.28,29.0,21.54,82.19,8.56,0.83,15.29
20071107,25.72,29.62,22.36,82.86,1.04,0.76,19.88
20071108,25.23,29.92,21.8,83.53,7.87,1.43,18.32
20071109,24.95,29.77,20.68,81.18,1.0,1.21,19.18
20071110,24.72,29.16,21.2,80.73,1.14,1.56,13.51
20071111,24.5,30.26,19.82,80.15,0.82,2.19,19.44
20071112,24.75,30.23,20.53,80.77,1.97,2.27,18.61
20071113,24.42,30.5,19.61,76.86,0.49,1.98,21.7
20071114,23.34,30.41,18.12,71.46,0.02,2.03,21.44
20071115,22.66,29.86,17.09,66.61,0.0,1.65,22.23
20071116,22.48,30.53,15.56,63.22,0.0,1.63,22.63
20071117,21.9,29.51,16.13,72.09,0.0,1.86,22.03
20071118,22.85,30.31,15.53,73.35,0.18,1.75,21.96
20071119,24.41,29.81,20.31,85.68,2.51,1.78,14.97
20071120,24.72,28.71,21.82,89.12,21.11,1.88,18.26
20071121,24.65,28.62,21.79,87.33,13.74,2.59,16.1
20071122,24.64,29.74,20.85,84.22,1.47,2.43,10.13
20071123,24.37,29.73,20.85,78.85,0.0,2.0,18.94
20071124,22.81,29.0,17.81,77.17,2.45,2.12,19.12
20071125,21.17,28.75,15.09,70.52,0.14,2.18,20.77
20071126,22.94,30.21,15.53,75.96,0.0,1.88,22.03
20071127,24.94,31.21,20.32,78.45,0.21,1.78,19.91
20071128,25.11,30.72,20.79,83.35,0.67,2.36,20.04
20071129,24.72,29.79,21.61,83.32,2.73,2.93,18.19
20071130,23.76,29.26,19.96,77.14,0.13,2.85,18.13
20071201,24.02,30.12,18.51,78.25,0.0,2.74,16.77
20071202,24.33,30.45,19.42,78.53,0.02,2.66,14.28
20071203,23.74,28.66,20.51,83.52,0.03,2.7,13.65
20071204,23.7,29.76,19.33,76.39,0.02,2.92,18.02
20071205,23.55,29.23,19.16,79.75,0.94,3.47,18.5
20071206,23.41,29.4,18.51,82.63,1.37,3.07,18.25
20071207,24.17,30.41,19.7,78.5,0.36,2.61,19.69
20071208,24.02,29.92,19.07,80.96,0.83,2.62,13.9
20071209,24.6,30.5,20.41,77.97,0.05,2.48,16.98
20071210,24.51,30.52,20.38,77.06,0.0,2.41,17.83
20071211,23.94,31.09,18.91,75.18,0.17,2.51,20.14
20071212,23.43,29.0,18.91,78.84,1.0,2.05,14.58
20071213,22.13,24.44,20.2,88.05,11.75,2.85,8.74
20071214,22.74,25.65,21.19,91.16,15.51,3.42,5.36
20071215,24.13,28.96,21.17,84.19,1.17,3.17,5.83
20071216,24.36,29.96,20.83,78.76,0.55,3.5,17.07
20071217,23.73,29.27,19.63,82.26,9.8,3.31,12.25
20071218,22.77,25.09,20.69,90.38,47.62,5.55,3.6
20071219,23.89,25.58,22.18,95.44,59.14,3.13,6.93
20071220,23.34,25.38,21.62,94.15,17.63,2.45,3.1
20071221,23.43,26.47,20.86,91.77,1.96,2.08,13.64
20071222,23.48,26.97,20.61,88.26,0.05,2.19,15.86
20071223,22.69,27.09,19.46,86.35,0.02,1.99,15.19
20071224,21.12,26.55,16.51,80.2,0.0,1.57,20.88
20071225,20.89,27.57,15.0,70.58,0.0,1.37,22.23
20071226,20.83,26.65,14.38,76.84,0.0,1.59,21.47
20071227,21.91,27.97,16.25,84.24,0.0,1.6,19.17
20071228,22.55,28.39,17.22,82.69,0.0,1.51,19.07
20071229,22.89,28.64,17.86,82.17,0.0,1.34,19.58
20071230,22.96,28.67,18.4,84.32,0.0,1.69,19.08
20071231,22.48,28.08,18.13,85.09,0.0,1.86,19.09
20080101,21.88,27.89,17.07,82.74,0.0,2.41,21.66
20080102,21.33,27.37,16.68,81.48,0.07,2.38,20.33
20080103,22.14,28.38,16.24,81.49,0.07,2.43,19.37
20080104,23.74,29.17,18.82,84.89,1.01,2.53,15.39
20080105,24.18,28.92,20.38,86.22,2.56,3.12,15.79
20080106,22.5,28.34,18.19,80.86,0.03,2.93,19.95
20080107,22.01,28.04,17.65,80.7,0.0,3.1,18.78
20080108,22.39,28.42,17.75,80.93,0.0,2.99,18.88
20080109,22.61,29.14,17.36,78.12,0.0,2.35,20.88
20080110,22.92,29.61,17.45,78.96,0.0,2.09,20.21
20080111,22.82,29.26,18.16,79.94,0.0,2.49,20.13
20080112,22.35,29.03,16.97,81.42,0.0,2.54,21.27
20080113,22.45,29.59,17.56,80.94,0.0,2.55,20.37
20080114,22.31,29.55,17.3,79.92,0.0,2.13,20.0
20080115,22.09,29.69,16.81,79.58,0.0,2.18,20.98
20080116,22.49,29.73,17.56,79.36,0.0,2.39,19.99
20080117,21.96,29.31,16.96,77.41,0.0,2.49,21.92
20080118,21.21,29.28,15.13,74.75,0.0,1.99,22.97
20080119,21.19,29.33,14.61,73.4,0.0,1.81,22.82
20080120,21.9,30.38,14.77,73.25,0.0,1.82,22.75
20080121,23.94,31.14,17.88,78.57,0.0,2.24,16.51
20080122,24.63,31.62,19.83,77.27,0.0,2.1,16.98
20080123,23.6,31.45,18.01,74.66,0.0,1.91,19.73
20080124,23.41,31.65,18.02,71.61,0.0,1.61,19.89
20080125,23.98,32.44,16.65,70.51,0.0,1.38,19.63
20080126,25.12,33.31,19.27,68.08,0.0,1.35,18.43
20080127,25.64,33.08,19.86,69.88,0.0,1.08,19.78
20080128,25.68,32.95,19.24,72.4,0.0,1.63,18.53
20080129,25.84,32.45,20.76,73.73,0.0,1.49,17.9
20080130,26.87,33.91,22.06,69.58,0.0,1.09,19.79
20080131,26.85,34.23,21.46,67.41,0.0,1.38,21.38
20080201,26.49,33.27,21.12,68.53,0.0,1.47,19.56
20080202,26.66,33.43,21.59,68.97,0.0,1.39,19.79
20080203,26.16,32.44,21.39,71.3,0.18,1.87,18.67
20080204,26.65,33.42,21.36,69.14,0.01,1.85,16.52
20080205,26.6,33.41,21.57,66.73,0.0,2.0,20.8
20080206,26.47,33.91,20.23,66.61,0.0,1.78,19.03
20080207,26.78,32.95,22.49,71.89,0.02,2.04,16.41
20080208,25.87,29.97,22.79,78.2,3.52,1.23,15.93
20080209,24.74,27.24,22.79,88.24,11.66,0.74,17.99
20080210,26.45,31.92,22.38,79.04,1.33,1.66,17.47
20080211,25.43,29.13,22.81,83.72,3.76,0.97,18.75
20080212,26.55,33.0,22.02,75.35,2.96,2.05,18.89
20080213,26.79,33.59,21.66,72.8,0.23,1.91,20.46
20080214,26.77,34.02,21.77,70.28,0.24,2.55,19.29
20080215,26.36,34.03,20.51,68.95,0.05,2.54,21.33
20080216,26.54,33.55,20.43,69.95,0.01,2.47,21.33
20080217,26.54,33.7,21.34,66.27,0.0,2.5,22.64
20080218,25.28,33.97,18.91,60.71,0.0,2.25,24.8
20080219,24.47,33.75,16.96,62.17,0.0,1.9,25.38
20080220,25.14,34.33,17.35,62.14,0.0,1.99,24.71
20080221,26.3,34.85,19.46,65.08,0.0,2.13,23.71
20080222,26.26,34.55,19.1,62.43,0.0,2.46,22.69
20080223,25.93,34.4,19.52,63.07,0.0,1.98,24.28
20080224,25.07,33.75,18.22,62.2,0.0,2.51,24.16
20080225,25.21,34.63,17.35,57.56,0.0,2.21,25.04
20080226,25.01,34.22,16.78,61.21,0.01,2.38,24.76
20080227,26.01,34.7,20.03,60.07,0.01,3.03,20.4
20080228,25.77,34.0,19.44,62.99,1.73,3.01,20.91
20080229,26.08,33.87,20.06,60.4,0.44,2.64,15.85
20080301,24.88,28.56,22.37,81.22,1.89,1.79,15.4
20080302,25.94,30.46,22.46,74.71,0.85,1.61,18.39
20080303,26.47,35.47,19.18,58.86,0.08,2.41,24.53
20080304,24.43,34.48,15.52,54.22,0.55,1.75,25.15
20080305,25.75,35.34,16.67,58.0,0.0,2.18,23.27
20080306,25.76,35.04,18.48,61.21,0.38,2.54,19.34
20080307,25.42,35.04,18.31,59.29,0.17,2.49,18.38
20080308,25.51,34.82,18.27,57.44,0.0,2.45,25.08
20080309,26.88,35.43,20.02,56.95,0.02,2.43,21.59
20080310,26.32,33.71,20.21,61.14,3.44,2.01,20.68
20080311,25.04,29.62,21.95,73.12,2.48,1.84,17.79
20080312,23.98,27.37,21.6,83.63,6.64,3.5,13.39
20080313,25.33,30.13,22.11,84.28,8.58,2.05,19.61
20080314,25.62,29.91,23.11,83.41,3.47,1.72,19.44
20080315,24.58,27.4,22.76,86.99,11.13,1.35,15.31
20080316,26.21,32.97,21.43,73.45,2.88,2.28,15.16
20080317,24.86,29.05,21.93,80.48,1.03,2.24,8.88
20080318,25.39,29.92,22.4,83.77,4.62,1.98,13.13
20080319,25.44,29.36,23.04,83.78,5.6,2.09,20.27
20080320,23.92,26.1,22.63,91.57,19.91,2.89,12.65
20080321,24.58,27.54,22.55,89.59,20.13,2.88,9.57
20080322,25.19,28.0,23.24,91.25,23.83,2.64,7.28
20080323,25.53,28.96,22.61,87.96,4.81,2.04,9.25
20080324,26.3,31.39,22.4,79.23,0.12,1.37,22.34
20080325,27.03,34.92,19.94,66.41,0.0,1.12,26.5
20080326,26.99,33.52,21.65,70.24,0.0,1.42,24.95
20080327,27.66,34.81,21.88,68.61,0.27,1.42,25.08
20080328,27.85,34.79,22.45,70.58,0.53,1.38,22.56
20080329,27.21,32.04,23.04,74.28,0.06,1.09,22.16
20080330,26.66,31.18,22.97,80.56,21.78,1.19,23.14
20080331,27.23,31.46,22.91,77.52,3.41,1.18,23.2
20080401,28.03,33.73,23.09,71.84,0.19,1.25,21.6
20080402,27.24,32.44,23.16,76.34,4.41,1.6,19.95
20080403,27.55,33.59,22.89,74.48,0.67,1.32,23.6
20080404,27.69,34.56,22.08,71.31,0.27,1.73,20.68
20080405,27.35,33.18,22.51,73.19,0.29,1.79,22.62
20080406,27.43,34.21,22.42,71.21,0.65,2.04,19.97
20080407,26.89,33.39,21.52,75.0,2.14,2.02,19.72
20080408,25.74,29.45,22.97,83.38,9.23,1.69,17.58
20080409,26.03,30.16,23.1,81.83,2.71,1.72,20.45
20080410,26.92,32.95,21.89,75.67,2.12,2.06,23.31
20080411,27.1,33.33,22.08,72.31,0.07,1.58,19.77
20080412,27.21,33.32,22.46,74.53,2.27,2.28,17.44
20080413,27.18,32.64,23.39,76.4,0.3,1.56,22.26
20080414,27.85,34.18,22.99,71.35,0.19,1.82,23.22
20080415,28.1,35.25,22.43,70.05,0.05,1.64,22.26
20080416,28.17,35.46,22.29,69.43,0.65,1.9,21.75
20080417,28.3,35.36,23.06,70.08,0.66,1.44,23.43
20080418,28.93,35.93,23.26,66.69,0.3,1.65,24.78
20080419,29.7,37.72,23.8,60.96,0.01,1.98,21.64
20080420,29.43,38.01,22.12,59.76,0.0,1.52,24.14
20080421,29.27,36.73,23.5,58.81,0.0,1.42,24.38
20080422,30.06,38.33,23.2,56.77,0.0,1.64,25.08
20080423,29.68,37.52,23.93,57.16,0.0,1.65,23.76
20080424,28.71,36.16,22.93,59.11,0.23,1.65,23.26
20080425,28.37,34.94,22.4,64.42,0.55,1.59,22.87
20080426,27.88,32.72,23.86,71.13,0.66,1.26,20.5
20080427,29.1,35.43,23.98,66.74,0.06,1.43,22.19
20080428,30.63,37.41,25.33,59.93,0.03,2.37,20.05
20080429,29.85,35.39,25.46,64.3,0.65,2.22,20.03
20080430,29.63,35.17,25.15,65.37,0.01,2.27,23.36
20080501,30.47,36.91,25.49,63.44,0.0,1.9,23.45
20080502,31.11,39.92,24.05,54.45,0.0,2.0,23.37
20080503,30.77,39.54,23.29,53.64,0.59,1.69,23.77
20080504,31.0,38.31,24.99,59.88,0.19,1.79,23.57
20080505,30.89,38.64,24.94,57.55,0.04,2.66,24.22
20080506,30.71,39.1,24.57,53.47,0.0,1.93,24.25
20080507,29.67,36.78,24.65,64.86,22.91,1.41,24.17
20080508,29.33,35.29,24.57,67.42,8.8,1.25,23.38
20080509,29.88,36.49,24.76,61.04,0.19,1.62,23.14
20080510,30.24,36.91,24.2,62.66,1.7,1.54,23.04
20080511,29.29,34.2,25.02,66.0,1.33,1.32,23.35
20080512,27.4,31.13,24.34,71.89,0.65,2.03,23.39
20080513,29.0,35.93,22.77,64.05,0.01,2.15,23.44
20080514,29.99,38.2,23.38,59.18,1.94,2.04,24.53
20080515,29.65,36.91,23.42,59.12,0.13,1.54,23.88
20080516,29.28,35.19,25.02,59.64,0.01,2.0,23.68
20080517,30.65,37.49,24.92,56.37,0.0,2.18,24.04
20080518,30.58,36.77,25.64,58.55,0.0,1.82,22.98
20080519,29.97,36.02,24.89,62.12,0.21,2.16,23.56
20080520,29.85,36.13,24.53,63.48,0.18,2.72,24.78
20080521,29.88,35.95,25.36,64.36,0.04,2.19,24.63
20080522,30.59,36.83,24.64,58.32,0.06,1.09,22.87
20080523,29.7,34.48,25.8,60.61,0.06,1.56,22.6
20080524,29.3,34.16,24.99,63.34,0.42,1.58,24.27
20080525,29.81,36.07,24.77,60.73,1.26,1.82,20.24
20080526,28.94,33.92,24.62,66.39,0.74,1.48,23.04
20080527,30.04,35.73,25.42,60.03,0.0,1.33,24.1
20080528,29.5,34.85,25.23,63.78,2.1,1.71,24.0
20080529,28.73,33.75,25.09,69.11,2.58,2.21,23.11
20080530,28.84,34.42,24.57,68.84,10.3,2.12,22.19
20080531,27.57,31.38,24.19,72.71,0.12,1.27,22.7
20080601,29.24,35.57,24.12,65.13,1.05,1.63,20.15
20080602,29.49,36.87,23.68,62.31,0.74,2.04,21.05
20080603,29.35,35.76,24.32,63.82,1.04,2.19,22.71
20080604,29.25,35.88,24.5,60.77,0.75,2.84,23.82
20080605,28.31,34.06,24.41,63.97,0.33,2.53,22.44
20080606,28.17,33.95,23.67,64.0,0.5,2.47,21.98
20080607,25.88,28.84,23.59,76.02,3.14,1.73,22.22
20080608,27.22,32.26,23.23,73.67,2.02,1.7,20.05
20080609,26.5,31.19,23.49,75.61,0.6,2.1,16.17
20080610,27.98,34.49,22.88,64.96,0.33,1.79,17.17
20080611,28.91,36.73,22.68,61.48,0.1,2.69,22.73
20080612,28.45,34.27,23.71,63.54,0.0,2.43,15.61
20080613,28.42,33.25,24.67,63.27,0.02,2.42,20.66
20080614,28.81,36.55,22.83,60.48,0.05,3.48,22.28
20080615,29.01,36.61,22.96,58.17,0.0,3.25,23.7
20080616,28.29,35.25,22.98,62.85,0.66,2.91,21.65
20080617,29.35,36.62,23.44,58.84,0.13,3.07,20.71
20080618,29.25,36.74,23.58,57.32,0.41,2.76,21.42
20080619,30.05,36.62,24.34,57.08,0.0,2.13,21.77
20080620,30.23,36.05,24.42,57.2,0.34,1.53,22.33
20080621,30.14,36.12,26.1,56.44,1.62,2.3,21.13
20080622,30.02,36.68,24.21,56.21,0.92,2.06,20.72
20080623,29.23,34.97,24.83,57.6,0.01,2.14,22.36
20080624,29.93,36.93,24.73,53.39,0.03,3.12,22.46
20080625,29.35,36.25,23.84,57.92,0.04,3.12,21.98
20080626,29.22,35.97,24.17,55.33,0.01,3.04,22.8
20080627,30.04,37.36,23.78,57.53,0.42,3.44,22.71
20080628,28.85,34.12,24.25,62.88,1.43,2.81,21.3
20080629,28.56,33.85,24.7,61.12,0.8,2.92,21.41
20080630,29.49,36.33,24.22,57.72,1.1,2.98,22.34
20080701,27.67,32.25,24.64,62.82,1.39,2.43,17.89
20080702,30.15,37.65,23.15,51.56,0.0,2.18,24.59
20080703,30.37,36.61,24.83,51.77,0.0,2.5,23.25
20080704,30.03,34.63,25.61,52.6,0.0,1.5,20.84
20080705,31.03,38.19,24.59,50.35,0.0,1.73,22.59
20080706,31.09,37.92,24.88,51.67,0.12,2.39,22.67
20080707,29.28,35.7,24.78,51.42,0.0,4.41,21.53
20080708,29.72,36.75,24.84,46.9,0.06,4.59,21.02
20080709,29.89,36.82,24.93,48.06,0.26,4.1,20.99
20080710,29.73,36.6,24.42,48.15,0.43,3.46,21.36
20080711,29.84,37.41,24.39,49.95,0.44,3.7,21.18
20080712,30.05,37.2,23.82,49.94,0.07,2.32,22.8
20080713,30.76,36.52,25.12,49.65,0.0,1.25,21.48
20080714,30.5,35.13,26.25,54.09,0.15,1.69,19.22
20080715,29.66,34.5,25.7,60.64,3.46,1.87,21.05
20080716,29.0,33.89,25.49,61.96,0.38,2.56,22.82
20080717,29.2,34.11,24.8,61.01,0.87,1.87,22.85
20080718,28.71,34.65,24.98,69.04,22.17,1.87,23.1
20080719,27.86,33.08,23.58,67.76,1.02,1.56,14.22
20080720,26.75,29.81,24.08,77.07,74.72,0.94,18.89
20080721,25.41,27.38,24.12,87.56,10.18,1.23,17.78
20080722,25.84,28.53,23.42,80.38,0.64,0.71,19.9
20080723,27.43,32.03,23.71,74.38,0.58,1.64,19.22
20080724,26.87,31.73,23.46,71.48,0.63,2.83,21.75
20080725,27.18,33.27,22.89,67.43,0.18,3.33,19.42
20080726,27.57,33.42,23.22,67.18,0.95,3.55,21.13
20080727,26.28,30.69,23.25,71.96,3.91,3.79,14.2
20080728,25.64,29.5,23.07,74.98,2.15,4.02,13.39
20080729,26.26,32.04,22.27,70.94,1.54,3.6,21.41
20080730,26.09,31.2,22.2,70.19,0.82,3.16,17.84
20080731,27.15,34.04,21.82,67.29,0.54,2.97,21.15
20080801,28.16,35.1,22.93,65.32,0.07,2.14,22.44
20080802,27.72,32.86,23.74,69.73,0.0,1.73,15.63
20080803,27.8,32.65,23.58,69.91,0.06,1.44,20.18
20080804,27.99,33.14,23.67,69.04,0.0,1.65,18.51
20080805,28.5,34.42,23.62,66.51,0.16,1.76,23.08
20080806,28.66,35.6,22.52,63.91,0.01,2.0,23.16
20080807,28.36,35.36,23.3,63.24,0.18,2.68,23.85
20080808,27.98,34.37,23.35,64.67,0.36,3.73,19.38
20080809,27.38,33.24,23.51,64.75,0.17,3.75,16.83
20080810,27.56,34.13,23.07,64.68,0.27,3.57,18.07
20080811,26.78,32.4,23.04,66.75,2.11,3.62,19.87
20080812,26.41,32.02,22.73,72.51,1.11,2.08,21.46
20080813,27.3,34.42,22.29,63.79,0.49,2.7,20.29
20080814,27.94,35.81,22.58,67.63,2.87,1.82,19.62
20080815,26.79,30.59,23.01,72.8,0.63,1.76,19.38
20080816,27.42,33.52,22.19,67.79,4.77,1.55,18.49
20080817,27.53,32.36,22.8,71.87,10.89,0.86,21.43
20080818,27.29,31.92,23.53,74.26,4.78,1.04,19.08
20080819,27.54,32.26,22.97,72.21,0.19,0.93,19.88
20080820,28.37,34.04,23.71,67.56,1.03,1.04,21.81
20080821,27.76,34.16,23.33,67.26,2.67,2.58,22.95
20080822,28.05,35.19,21.85,63.52,0.01,1.62,22.79
20080823,28.12,34.96,23.27,64.14,2.02,2.11,22.1
20080824,27.51,32.25,23.05,68.45,1.89,1.39,21.32
20080825,27.08,31.57,24.14,74.72,3.94,1.02,21.5
20080826,26.86,30.9,23.42,75.81,78.92,1.03,20.72
20080827,26.52,30.62,22.72,79.07,10.22,1.03,23.92
20080828,27.03,31.23,23.06,77.94,0.65,1.01,19.71
20080829,27.07,31.11,23.37,78.56,3.2,1.27,20.21
20080830,26.44,29.91,23.06,82.25,7.1,1.0,18.96
20080831,25.85,29.98,23.23,85.03,5.99,2.17,17.65
20080901,26.77,31.17,23.38,80.33,3.61,1.08,23.19
20080902,27.25,32.07,23.62,76.71,0.26,1.16,23.52
20080903,27.05,30.95,23.64,78.88,2.15,1.3,22.6
20080904,27.02,31.14,23.44,79.27,0.1,0.97,21.87
20080905,26.63,30.15,23.67,80.1,1.9,1.0,21.67
20080906,27.0,31.55,23.4,80.11,10.35,1.42,19.42
20080907,25.94,29.71,23.28,81.93,3.39,1.84,15.3
20080908,25.63,30.46,21.89,79.45,6.25,2.11,18.53
20080909,26.66,33.39,21.91,74.51,1.12,2.86,20.94
20080910,26.38,31.82,22.62,75.19,2.18,3.03,20.5
20080911,26.37,32.08,22.47,72.97,2.36,2.91,20.16
20080912,26.14,32.48,21.27,69.53,0.21,2.76,20.02
20080913,26.8,33.22,22.29,74.99,0.01,2.08,23.79
20080914,27.43,34.85,21.37,72.15,0.73,1.95,23.28
20080915,26.91,33.91,22.02,71.22,0.01,1.95,23.2
20080916,26.58,33.7,21.53,71.73,0.0,2.38,21.97
20080917,27.4,35.23,21.11,68.77,0.0,1.86,25.43
20080918,27.81,36.24,20.96,65.94,0.0,1.41,25.32
20080919,27.96,36.21,20.49,65.5,1.93,1.35,25.08
20080920,27.56,33.92,22.75,73.7,0.84,1.64,22.5
20080921,27.51,32.47,22.84,72.66,0.0,1.35,15.88
20080922,28.13,34.45,23.12,70.37,0.0,1.69,23.77
20080923,28.65,35.72,22.27,65.82,0.0,1.41,23.36
20080924,28.92,35.67,23.46,66.48,0.0,1.5,22.82
20080925,28.61,35.28,22.65,66.33,0.0,1.56,21.53
20080926,28.27,34.14,22.87,65.67,0.0,1.17,23.59
20080927,28.16,34.0,22.49,69.02,6.48,0.71,23.51
20080928,28.44,34.23,23.44,61.41,0.09,1.1,23.01
20080929,28.59,35.4,21.89,61.44,0.0,0.93,22.91
20080930,29.0,36.1,21.81,59.45,0.0,1.39,23.77
20081001,29.56,36.33,23.13,59.29,0.0,1.16,23.7
20081002,29.37,37.07,21.96,54.93,0.0,1.07,24.81
20081003,28.74,36.27,21.7,58.4,0.13,1.41,24.29
20081004,28.79,35.8,22.77,62.0,0.01,1.33,21.23
20081005,28.9,35.49,23.0,63.58,0.0,0.87,22.47
20081006,28.66,35.05,23.21,65.97,0.5,1.41,23.27
20081007,28.83,35.42,23.82,65.45,0.69,1.54,22.35
20081008,28.77,35.05,23.28,67.25,0.52,1.24,23.09
20081009,29.29,35.9,23.88,63.93,0.01,1.72,21.9
20081010,28.54,34.07,24.24,68.22,0.67,1.51,22.13
20081011,27.82,33.18,23.59,70.98,2.68,1.91,20.3
20081012,26.04,29.75,23.52,77.89,5.71,2.36,14.41
20081013,25.53,29.37,23.04,83.48,6.94,2.39,15.72
20081014,25.66,28.55,23.71,89.24,16.08,2.39,13.41
20081015,25.52,28.74,23.46,87.23,8.97,1.99,14.3
20081016,25.79,29.4,22.87,83.41,3.32,1.49,17.65
20081017,26.08,30.77,22.73,82.08,2.4,2.27,13.91
20081018,25.91,29.64,23.16,84.24,2.89,1.89,16.35
20081019,25.88,29.93,23.0,83.26,9.35,1.75,17.81
20081020,26.18,31.16,22.94,83.28,22.48,1.73,18.09
20081021,25.5,28.77,23.52,87.68,31.28,0.92,14.9
20081022,25.57,29.15,23.3,88.3,32.34,2.05,14.8
20081023,24.55,28.14,21.97,87.16,9.26,1.92,11.17
20081024,25.76,30.77,22.17,82.81,4.81,2.0,11.2
20081025,25.51,30.13,22.52,85.1,5.95,1.83,19.08
20081026,25.85,30.6,22.65,82.55,0.15,1.52,15.45
20081027,25.84,31.04,20.66,75.88,0.0,1.41,19.25
20081028,25.68,30.97,21.69,72.93,0.0,1.49,21.08
20081029,25.03,30.64,19.39,68.31,0.0,1.09,20.13
20081030,24.73,30.88,19.3,70.22,0.01,1.39,20.44
20081031,24.62,31.14,18.58,66.41,0.0,1.29,23.02
20081101,24.76,31.38,18.98,65.72,0.0,1.05,20.73
20081102,23.77,30.89,17.53,64.28,0.0,1.53,20.93
20081103,24.88,31.48,18.31,56.23,0.0,1.23,21.17
20081104,24.7,31.4,18.89,62.2,0.0,1.34,20.81
20081105,24.13,31.28,18.21,68.52,0.01,1.46,19.8
20081106,24.25,31.1,18.44,71.78,0.19,1.54,20.67
20081107,25.19,32.06,19.34,75.2,0.04,1.72,19.82
20081108,25.78,31.85,21.17,78.21,2.03,2.0,19.25
20081109,26.07,32.35,21.59,77.39,4.69,1.95,19.46
20081110,25.49,30.93,22.05,81.06,1.83,2.02,13.96
20081111,25.24,32.26,20.83,73.68,0.39,2.14,19.85
20081112,24.47,30.47,19.53,70.41,1.5,1.96,12.3
20081113,25.0,29.68,20.88,75.18,0.73,1.16,16.56
20081114,26.35,31.99,21.17,71.04,0.0,1.07,14.5
20081115,27.04,33.38,21.42,67.49,0.0,0.97,19.16
20081116,26.86,34.01,20.76,66.03,0.0,1.2,19.61
20081117,26.31,32.46,21.33,74.8,3.29,1.58,19.08
20081118,26.56,32.15,22.63,78.21,2.15,1.76,17.75
20081119,25.24,28.84,22.52,88.08,6.39,1.92,6.7
20081120,24.97,27.75,23.0,90.73,6.2,2.02,8.96
20081121,24.98,29.01,22.57,85.72,1.79,2.05,15.39
20081122,23.77,26.93,21.48,89.28,3.72,2.5,11.02
20081123,23.95,26.7,22.23,89.39,25.8,2.82,7.07
20081124,23.6,26.47,21.41,90.4,33.99,2.99,6.46
20081125,23.75,27.3,21.92,87.17,38.68,3.8,4.28
20081126,22.92,24.87,21.18,91.37,49.87,4.14,2.58
20081127,24.1,27.12,21.91,89.7,76.89,2.17,8.61
20081128,24.8,28.25,22.71,92.24,9.55,1.95,16.21
20081129,24.9,28.56,22.43,90.6,1.21,1.6,16.19
20081130,24.31,26.8,22.71,92.95,0.54,2.55,17.3
20081201,24.86,28.87,21.57,88.42,0.49,1.63,20.08
20081202,23.77,28.35,20.14,86.76,0.01,1.67,19.89
20081203,22.26,27.58,18.07,85.07,0.0,1.48,20.64
20081204,21.74,27.27,16.54,85.23,0.0,1.62,20.3
20081205,21.85,27.02,16.88,86.37,0.0,2.06,17.82
20081206,22.48,26.9,18.72,86.7,4.63,2.27,12.41
20081207,23.34,27.32,19.73,87.23,1.5,2.44,5.15
20081208,23.85,26.18,21.6,93.55,6.31,2.72,9.69
20081209,23.96,26.21,22.66,94.89,4.19,2.29,12.27
20081210,23.51,25.36,22.06,94.9,4.13,2.2,13.2
20081211,23.22,27.88,18.98,87.16,0.0,2.02,18.34
20081212,22.43,27.64,17.21,86.83,0.0,1.83,17.66
20081213,23.7,28.06,19.63,87.94,0.76,2.2,15.88
20081214,23.57,27.88,20.48,88.94,4.45,2.85,11.07
20081215,23.32,27.31,20.72,90.56,7.22,2.87,14.33
20081216,23.1,26.65,20.82,90.58,0.76,2.33,10.14
20081217,23.14,27.78,20.17,87.61,0.0,3.03,10.9
20081218,22.65,26.58,19.34,87.72,0.73,3.23,7.06
20081219,22.98,27.62,19.6,86.83,0.04,2.96,7.8
20081220,22.72,27.8,18.83,85.86,0.08,2.09,20.26
20081221,22.57,27.76,18.22,86.05,0.06,1.87,20.11
20081222,21.18,26.9,16.36,82.13,0.0,1.76,21.13
20081223,21.35,27.24,15.87,85.71,0.09,2.19,19.55
20081224,22.6,28.05,18.09,87.77,0.24,2.08,17.59
20081225,22.92,27.81,19.31,87.22,0.16,2.48,18.96
20081226,22.04,27.57,17.47,83.01,0.06,1.7,21.55
20081227,21.3,27.25,16.52,81.12,0.0,1.8,20.86
20081228,20.49,27.36,14.85,78.05,0.0,1.68,20.84
20081229,19.91,26.89,13.64,80.1,0.0,1.92,21.19
20081230,20.5,26.86,15.14,81.59,0.0,1.94,18.29
20081231,20.27,26.48,14.56,79.57,0.0,1.83,21.33
20090101,21.6,28.04,15.57,80.29,0.0,1.94,21.21
20090102,22.02,28.14,16.48,79.42,0.0,2.01,20.33
20090103,21.78,28.01,16.18,80.7,0.0,2.03,18.26
20090104,21.58,28.08,15.62,78.52,0.0,2.07,21.81
20090105,21.79,28.38,16.98,77.35,0.0,2.0,20.7
20090106,21.55,28.88,15.33,77.99,0.09,1.71,20.29
20090107,22.89,28.78,17.32,85.18,0.75,2.13,15.48
20090108,23.96,29.76,19.92,80.52,0.04,2.23,19.13
20090109,22.17,25.42,19.58,87.67,0.05,2.29,14.84
20090110,23.45,29.38,19.47,79.63,0.0,2.87,19.17
20090111,23.22,29.78,18.13,81.01,0.09,2.64,17.9
20090112,22.62,28.89,17.53,79.47,0.04,2.83,21.78
20090113,22.88,29.45,16.98,73.98,0.07,3.15,20.91
20090114,23.05,29.07,18.6,73.97,0.13,3.26,18.37
20090115,22.39,27.57,18.67,81.11,3.76,3.48,15.29
20090116,22.59,29.38,16.91,75.66,0.1,2.74,22.09
20090117,22.74,29.71,16.48,75.74,0.0,2.56,20.75
20090118,22.68,29.82,16.62,74.57,0.0,2.46,19.05
20090119,22.62,29.74,16.89,75.9,0.0,2.58,19.65
20090120,22.13,29.62,15.85,74.17,0.0,2.48,22.05
20090121,21.89,30.15,15.23,74.32,0.0,2.16,22.5
20090122,21.45,27.91,15.95,77.41,0.0,1.75,21.47
20090123,21.72,28.52,15.89,78.32,0.0,1.8,21.64
20090124,22.53,30.55,15.23,74.61,0.0,2.02,22.04
20090125,23.77,31.45,17.23,72.5,0.0,1.94,19.18
20090126,24.12,30.42,18.34,79.85,2.64,1.97,12.03
20090127,25.1,30.51,20.87,81.08,0.42,1.84,14.65
20090128,26.12,32.87,21.33,77.55,0.06,1.79,17.18
20090129,25.34,32.74,19.53,73.7,0.0,1.73,19.52
20090130,23.73,32.65,16.87,66.61,0.0,1.74,22.81
20090131,23.14,32.32,16.14,67.55,0.0,1.78,21.82
20090201,23.42,32.34,16.36,69.36,0.0,1.57,23.23
20090202,23.32,32.46,15.49,68.51,0.0,1.81,23.51
20090203,23.97,32.79,16.64,68.99,0.0,1.77,22.89
20090204,24.62,32.55,19.23,68.8,0.0,1.56,22.41
20090205,24.08,33.03,17.64,63.49,0.0,1.97,23.59
20090206,23.55,32.7,15.94,65.76,0.0,2.18,23.41
20090207,23.97,32.46,17.52,68.81,0.0,2.26,22.91
20090208,24.15,31.98,18.04,68.67,0.0,2.41,21.73
20090209,23.74,32.36,17.24,66.24,0.0,2.64,23.41
20090210,23.27,32.04,15.83,64.1,0.0,2.08,23.68
20090211,24.01,33.59,15.93,60.29,0.0,1.8,24.45
20090212,24.94,33.97,17.96,57.38,0.0,1.42,24.1
20090213,25.66,34.71,18.83,58.24,0.0,1.57,24.06
20090214,25.38,34.18,18.46,59.2,0.0,1.72,24.62
20090215,25.1,34.29,17.75,54.66,0.0,2.01,24.95
20090216,24.48,33.67,16.53,58.86,0.0,1.97,24.61
20090217,24.79,33.41,18.53,66.05,0.0,2.61,23.27
20090218,24.56,33.44,17.25,64.21,0.0,2.48,23.69
20090219,24.83,34.16,17.82,64.75,0.0,2.74,24.17
20090220,25.81,33.96,18.9,69.04,0.0,2.5,20.8
20090221,27.23,35.07,20.81,66.67,0.0,2.5,18.98
20090222,27.65,36.07,21.43,65.39,0.0,2.48,20.84
20090223,28.14,36.32,21.55,64.15,0.0,1.92,19.62
20090224,28.87,37.43,21.73,59.04,0.0,1.53,22.03
20090225,29.49,38.29,22.58,53.75,0.0,1.74,23.92
20090226,28.81,36.3,23.01,55.25,0.0,1.54,23.97
20090227,28.25,37.47,21.19,51.66,0.0,1.69,24.12
20090228,27.78,37.38,19.62,47.88,0.0,1.64,25.89
20090301,28.66,38.88,20.97,42.1,0.0,1.68,25.55
20090302,28.85,38.66,21.02,46.63,0.0,1.63,25.11
20090303,28.75,37.97,20.94,44.45,0.0,1.6,24.85
20090304,28.5,38.4,20.49,44.86,0.0,1.61,25.38
20090305,28.87,38.72,20.85,40.45,0.0,1.54,25.63
20090306,29.48,39.36,22.59,35.22,0.0,1.94,26.01
20090307,29.25,39.04,21.58,39.77,0.0,2.06,25.51
20090308,28.43,37.87,20.73,49.37,0.0,1.88,20.95
20090309,26.26,33.3,20.9,65.8,5.0,2.83,11.07
20090310,24.93,32.62,19.74,66.32,4.31,4.12,14.25
20090311,24.95,28.22,22.76,83.85,2.95,3.42,18.61
20090312,27.06,32.7,23.1,72.21,1.59,1.1,23.4
20090313,26.31,31.2,22.11,72.05,2.67,1.27,21.97
20090314,26.7,32.89,22.46,73.22,4.13,1.65,15.38
20090315,27.5,34.44,22.21,67.79,0.35,1.31,21.5
20090316,28.08,35.55,22.4,64.63,0.04,1.54,24.1
20090317,27.48,36.21,20.97,58.75,0.0,1.52,23.85
20090318,27.82,37.15,20.18,52.94,0.0,1.66,24.85
20090319,28.49,37.5,21.2,54.0,0.0,1.58,25.51
20090320,28.67,37.85,20.25,50.93,0.0,1.68,24.54
20090321,29.57,38.66,21.5,47.84,0.0,1.99,24.54
20090322,29.67,37.53,23.16,53.68,0.38,2.1,24.06
20090323,29.15,37.38,22.83,55.34,0.31,2.04,22.93
20090324,29.18,37.04,22.69,57.04,0.58,2.08,20.12
20090325,29.45,37.78,22.51,55.16,0.02,2.0,23.34
20090326,30.3,38.66,22.96,51.36,0.0,1.96,22.57
20090327,30.69,38.06,24.09,52.25,0.29,1.59,23.43
20090328,31.14,39.16,24.82,50.4,0.01,2.29,23.02
20090329,30.24,38.47,24.16,53.14,0.19,1.98,23.07
20090330,30.08,38.47,23.32,51.69,0.15,2.01,24.8
20090331,30.03,38.87,23.3,49.84,0.0,1.99,25.07
20090401,30.56,40.0,22.74,46.4,0.0,2.02,26.3
20090402,30.21,39.43,22.59,51.82,0.0,2.13,25.28
20090403,30.06,38.54,23.23,53.03,0.02,2.03,24.41
20090404,30.27,38.95,22.4,52.46,0.04,1.88,25.42
20090405,30.78,39.01,23.98,54.22,0.68,2.13,22.24
20090406,30.35,36.87,25.16,55.52,0.52,1.73,25.47
20090407,30.92,39.27,24.72,55.25,0.56,2.43,26.0
20090408,30.4,37.61,24.77,57.98,0.27,2.32,19.04
20090409,29.88,36.15,25.44,58.94,1.61,2.32,20.52
20090410,28.49,35.5,24.08,65.32,6.64,2.4,8.56
20090411,25.57,29.0,23.06,74.18,13.55,1.35,5.93
20090412,27.78,34.45,22.03,58.96,1.05,1.28,15.46
20090413,30.29,38.25,23.55,58.38,1.12,1.51,15.49
20090414,31.19,39.5,24.37,54.58,0.68,2.1,21.23
20090415,32.14,39.91,25.32,53.0,0.0,1.21,22.28
20090416,31.07,36.47,26.9,55.8,0.0,1.51,19.34
20090417,30.34,35.63,25.52,58.35,0.0,1.51,22.49
20090418,31.6,39.45,25.31,54.56,0.01,2.17,23.95
20090419,31.52,38.06,26.04,54.13,0.51,2.46,24.7
20090420,30.36,34.72,26.02,60.74,0.94,1.19,24.93
20090421,30.37,34.69,26.2,60.34,0.16,1.26,22.55
20090422,31.47,37.74,25.57,52.97,0.02,1.38,23.71
20090423,32.32,39.87,25.62,50.31,0.0,1.66,25.11
20090424,32.16,39.18,26.69,51.47,0.0,1.95,25.42
20090425,32.59,40.65,25.44,49.75,0.01,2.33,22.99
20090426,32.09,39.77,25.93,54.13,0.0,2.45,23.93
20090427,31.67,39.56,25.7,54.53,0.0,2.26,23.27
20090428,32.14,40.7,25.17,51.15,0.02,2.46,24.28
20090429,32.67,40.85,25.55,49.37,0.01,2.33,23.78
20090430,33.09,40.5,26.59,47.38,0.03,1.79,22.27
20090501,33.62,40.71,26.79,45.85,0.0,1.51,24.29
20090502,34.44,42.45,27.0,43.28,0.0,1.59,24.52
20090503,33.83,41.49,28.16,46.05,0.0,1.89,25.16
20090504,33.67,41.14,26.89,44.93,0.66,1.54,24.48
20090505,33.48,40.89,27.21,43.72,0.02,1.61,23.23
20090506,33.01,38.41,27.6,44.34,0.0,1.66,22.99
20090507,33.85,40.33,27.65,41.12,0.0,1.47,23.89
20090508,32.58,37.67,27.62,47.7,1.81,1.39,24.47
20090509,31.38,35.83,27.41,53.96,0.43,1.95,23.83
20090510,33.19,40.84,26.0,47.05,0.0,1.18,22.9
20090511,33.72,40.0,27.56,44.42,0.0,1.56,23.44
20090512,34.15,41.5,27.34,45.0,0.71,1.66,23.39
20090513,33.59,40.06,28.93,45.64,0.02,1.43,19.95
20090514,32.78,38.07,27.85,48.31,0.0,1.65,22.94
20090515,29.44,33.16,26.49,61.75,8.45,2.13,21.86
20090516,30.55,37.67,24.79,55.76,1.4,1.88,20.96
20090517,30.98,37.15,25.45,56.04,0.06,1.21,21.24
20090518,30.57,34.77,26.46,59.28,2.2,1.4,19.34
20090519,28.6,32.91,25.39,68.61,3.51,1.27,18.36
20090520,27.96,33.25,24.66,64.43,2.77,2.84,16.9
20090521,27.55,32.04,24.15,70.26,0.14,1.35,18.97
20090522,29.14,35.42,23.75,65.57,1.09,1.95,20.38
20090523,30.39,37.48,24.59,60.36,1.34,2.06,23.0
20090524,28.95,35.35,24.69,63.14,3.38,3.01,19.59
20090525,28.87,35.93,24.3,63.58,4.12,3.8,17.78
20090526,29.06,34.34,24.96,67.67,0.98,2.73,17.18
20090527,29.82,35.95,24.66,59.06,0.03,2.36,20.46
20090528,30.61,36.69,24.85,59.0,0.0,1.55,24.1
20090529,30.98,36.77,25.99,56.68,0.39,2.25,24.25
20090530,29.77,34.08,26.72,64.91,2.13,1.69,19.84
20090531,29.76,35.6,25.09,61.21,0.14,1.83,22.87
20090601,30.95,39.15,23.61,55.19,0.09,2.61,25.13
20090602,31.06,39.15,24.27,51.44,0.02,2.89,25.5
20090603,32.07,41.1,24.23,49.78,0.05,3.45,24.67
20090604,32.05,40.2,26.19,49.28,0.01,4.08,25.06
20090605,30.89,38.64,25.55,53.42,1.36,4.39,24.07
20090606,28.28,32.35,24.95,59.92,2.67,4.71,15.68
20090607,28.46,34.62,23.94,55.45,1.14,4.5,21.24
20090608,29.7,37.39,23.75,57.67,0.36,4.03,22.61
20090609,30.87,39.17,24.03,51.58,0.28,3.4,24.34
20090610,30.94,36.53,25.91,55.23,0.02,2.13,23.7
20090611,28.94,33.3,25.75,61.61,3.03,1.48,22.62
20090612,30.16,38.17,23.48,60.03,0.9,2.13,23.08
20090613,30.31,37.11,24.53,55.69,0.07,2.23,21.27
20090614,31.06,38.48,24.97,53.27,0.0,2.6,23.5
20090615,30.18,36.2,25.6,55.3,0.32,3.31,23.07
20090616,29.81,37.14,24.1,58.06,0.37,3.98,25.11
20090617,29.84,36.45,24.89,57.9,0.55,3.51,22.99
20090618,28.4,33.72,24.59,66.64,10.28,2.9,24.09
20090619,27.02,30.94,23.73,74.95,1.35,2.47,22.1
20090620,28.43,34.14,23.43,67.38,0.31,2.79,21.96
20090621,28.44,34.38,24.0,66.71,0.5,2.51,23.76
20090622,27.76,32.36,23.75,70.52,0.19,2.43,22.58
20090623,28.7,34.78,23.83,63.37,0.85,2.84,21.39
20090624,29.29,36.62,24.33,56.69,0.3,3.13,22.63
20090625,28.78,34.93,23.77,53.67,0.65,3.85,22.07
20090626,27.84,33.34,24.49,60.13,0.19,3.56,21.19
20090627,28.38,35.23,23.53,55.8,0.32,3.08,20.07
20090628,29.75,38.15,22.49,50.71,0.18,3.67,23.53
20090629,30.25,38.21,23.9,54.96,2.4,2.88,22.56
20090630,29.37,35.0,25.71,58.64,2.41,3.37,19.97
20090701,27.78,32.82,24.42,63.16,1.14,3.39,21.21
20090702,27.93,33.27,23.83,62.31,1.41,3.81,19.13
20090703,28.05,34.66,23.72,62.6,0.62,3.13,20.46
20090704,27.64,31.96,24.12,65.19,0.33,3.39,18.47
20090705,28.01,33.9,23.84,60.41,1.38,3.55,14.95
20090706,28.07,33.41,24.36,62.74,0.34,3.15,14.97
20090707,27.84,33.41,23.82,62.06,0.12,2.88,16.58
20090708,28.87,36.28,23.55,57.3,2.46,3.3,19.35
20090709,28.2,34.36,23.54,59.73,0.64,3.4,19.47
20090710,29.63,37.83,22.6,51.1,0.02,2.84,17.64
20090711,29.34,35.66,24.05,57.67,0.01,2.54,21.93
20090712,29.24,36.01,23.86,55.88,0.44,3.51,22.22
20090713,29.79,37.17,24.63,54.9,0.49,4.27,22.14
20090714,28.69,33.15,25.49,56.52,0.06,4.68,20.51
20090715,27.67,32.36,24.61,58.22,1.5,4.57,17.64
20090716,28.16,34.53,23.8,61.03,2.68,4.03,19.29
20090717,27.05,31.15,24.09,71.74,4.69,3.32,17.92
20090718,28.02,34.38,23.79,62.57,0.21,4.32,17.16
20090719,27.93,33.62,23.51,59.35,0.08,4.3,21.64
20090720,28.97,36.07,23.27,56.28,0.29,4.17,19.87
20090721,29.19,36.91,23.88,51.67,0.02,4.68,21.21
20090722,29.32,37.49,22.52,50.77,0.01,4.19,21.32
20090723,29.87,37.6,24.11,49.56,0.09,3.72,21.54
20090724,29.94,36.62,24.16,48.25,0.0,2.1,22.66
20090725,31.62,39.15,24.64,48.02,0.0,1.67,22.27
20090726,30.56,36.13,25.93,49.37,0.0,2.24,20.88
20090727,30.36,37.19,24.91,53.71,0.19,3.29,21.15
20090728,30.42,37.32,24.42,54.32,0.37,2.94,22.01
20090729,29.85,36.26,24.46,57.45,2.43,2.48,19.65
20090730,30.09,36.33,24.33,51.96,0.09,2.71,20.79
20090731,29.38,35.22,25.16,57.89,2.96,2.54,18.21
20090801,28.82,34.26,24.73,55.43,0.1,3.8,20.6
20090802,29.24,35.86,23.66,54.58,0.0,3.34,20.41
20090803,30.68,38.72,24.02,53.61,0.0,3.24,24.04
20090804,29.95,36.99,24.43,55.32,0.24,3.66,22.44
20090805,30.07,37.68,24.32,54.53,0.13,3.6,21.71
20090806,30.87,39.01,25.11,52.81,0.0,3.05,21.12
20090807,30.81,37.51,25.43,50.91,0.0,3.27,22.01
20090808,30.5,37.3,24.66,53.08,0.0,2.74,22.78
20090809,31.16,38.75,25.17,51.46,0.0,2.9,22.19
20090810,31.23,39.16,25.55,52.25,0.51,3.58,20.63
20090811,31.19,38.03,25.77,52.59,0.52,2.13,20.01
20090812,31.26,37.0,26.28,51.11,0.47,2.31,22.29
20090813,29.42,34.36,26.18,62.13,19.15,1.51,20.69
20090814,28.43,33.2,24.93,69.5,1.75,1.52,22.08
20090815,27.87,32.52,24.78,65.47,0.07,1.78,14.35
20090816,27.94,33.63,23.6,66.51,17.45,1.51,15.3
20090817,25.96,29.98,22.84,73.82,1.49,1.59,10.73
20090818,27.77,33.69,22.86,68.54,1.69,1.69,20.19
20090819,27.9,33.98,23.22,67.51,0.19,1.76,23.2
20090820,26.16,29.38,23.61,78.85,4.01,1.06,21.01
20090821,26.46,31.17,22.82,74.42,1.01,3.02,21.23
20090822,26.86,32.76,21.73,68.63,0.34,2.8,23.58
20090823,27.61,34.82,21.83,69.29,5.19,2.95,23.85
20090824,28.13,34.75,23.16,66.01,0.16,3.11,22.18
20090825,28.6,36.2,22.44,61.79,0.1,2.86,21.37
20090826,27.44,32.83,23.77,66.32,0.86,2.59,21.79
20090827,27.85,34.92,22.34,63.12,0.28,2.37,21.83
20090828,28.91,36.95,22.6,61.67,0.06,2.5,23.82
20090829,29.15,36.7,22.93,60.12,0.31,2.46,24.59
20090830,29.19,36.36,23.07,61.45,0.04,1.44,21.13
20090831,27.82,32.2,24.33,67.79,1.55,1.65,16.07
20090901,28.03,33.85,23.68,67.95,1.46,2.17,16.39
20090902,27.51,33.42,23.75,65.85,1.93,2.76,17.25
20090903,28.42,35.2,23.4,61.29,0.29,3.08,20.74
20090904,27.68,33.56,23.98,61.96,0.21,4.17,20.09
20090905,28.44,34.4,23.96,60.11,0.25,4.62,20.89
20090906,28.38,33.94,24.86,61.94,0.4,4.03,21.01
20090907,28.94,36.56,23.24,61.54,0.01,3.58,22.68
20090908,29.73,37.87,23.62,57.89,0.0,2.87,21.07
20090909,30.18,38.52,22.98,55.74,0.0,1.64,24.03
20090910,30.1,37.6,22.76,53.96,0.0,0.96,24.14
20090911,31.44,39.17,23.79,49.37,0.0,1.01,24.44
20090912,31.26,38.12,25.57,53.98,2.86,1.75,23.0
20090913,31.24,37.4,26.01,57.01,0.52,0.93,21.82
20090914,30.86,36.79,26.06,55.51,0.04,1.66,22.16
20090915,30.71,37.38,24.39,52.65,1.59,0.93,21.77
20090916,29.25,34.52,25.36,66.12,16.46,1.42,19.77
20090917,27.55,31.52,24.85,75.83,4.92,1.41,21.35
20090918,28.08,33.64,24.1,71.04,6.9,1.71,19.99
20090919,28.2,33.59,23.59,67.83,0.4,1.11,21.22
20090920,28.63,35.49,23.13,65.47,2.25,1.24,23.34
20090921,28.97,34.37,24.3,67.75,0.1,0.93,19.84
20090922,28.08,32.72,24.96,69.3,0.64,1.75,18.54
20090923,28.63,34.11,24.01,68.17,1.69,1.47,21.73
20090924,27.54,32.2,24.57,72.07,0.07,1.11,21.28
20090925,28.19,34.91,23.43,65.85,8.37,2.06,23.2
20090926,27.81,34.96,22.69,66.16,3.85,2.53,22.16
20090927,27.74,32.72,23.34,70.07,0.91,2.1,20.24
20090928,28.89,35.18,24.06,67.7,0.18,2.06,21.81
20090929,28.63,36.4,23.82,63.22,0.02,2.86,22.44
20090930,28.25,35.64,23.04,64.41,0.09,3.1,22.35
20091001,27.85,34.84,23.45,63.82,0.9,3.88,20.11
20091002,26.79,31.16,23.02,71.58,0.49,3.46,16.94
20091003,28.07,34.33,24.02,62.64,0.45,4.38,23.26
20091004,28.52,36.84,22.3,61.99,0.0,3.25,24.23
20091005,28.74,37.95,21.81,59.94,0.0,2.77,23.4
20091006,28.82,36.46,20.96,57.99,0.0,1.55,24.23
20091007,29.86,38.12,22.47,55.08,0.0,1.17,23.38
20091008,29.29,35.97,24.0,61.62,6.72,1.07,22.85
20091009,29.81,36.09,24.33,62.35,0.01,0.71,22.37
20091010,29.8,36.38,24.75,61.36,1.39,1.24,22.95
20091011,29.57,35.87,24.43,62.22,1.03,1.15,22.2
20091012,28.97,34.98,24.34,63.46,1.37,1.87,20.09
20091013,28.28,33.66,23.6,66.28,0.18,1.48,20.47
20091014,28.88,34.62,24.03,62.25,0.01,1.44,21.78
20091015,28.94,34.45,24.53,60.87,0.0,1.37,20.49
20091016,29.97,37.1,24.06,53.13,0.0,1.12,22.55
20091017,30.27,37.19,23.79,53.3,0.0,1.54,21.41
20091018,30.7,37.72,25.1,52.63,0.17,1.85,20.09
20091019,30.39,37.09,25.31,52.8,0.48,1.85,17.92
20091020,30.47,37.81,24.17,52.69,0.0,2.02,22.43
20091021,30.44,37.23,25.07,50.06,0.0,2.01,19.94
20091022,30.03,37.08,23.51,47.63,0.0,2.38,20.3
20091023,29.58,36.65,23.32,46.38,0.0,2.0,20.63
20091024,29.25,35.91,23.41,50.15,0.0,1.55,18.59
20091025,29.67,36.27,24.06,51.54,0.03,1.48,18.36
20091026,30.11,37.06,24.64,50.75,0.08,2.33,19.67
20091027,29.95,37.24,23.95,55.52,0.41,2.15,20.79
20091028,27.86,33.64,24.23,69.49,7.14,2.58,17.19
20091029,25.89,30.25,23.23,82.46,15.92,2.67,15.09
20091030,26.31,32.33,22.13,73.06,5.35,2.64,17.82
20091031,26.26,31.49,22.9,79.39,8.95,2.49,11.68
20091101,26.27,31.2,22.59,77.33,4.33,2.36,19.42
20091102,26.97,33.24,22.72,73.53,2.16,3.43,20.66
20091103,26.48,32.0,22.54,77.99,5.64,2.84,15.77
20091104,25.06,28.36,23.45,89.26,27.08,2.64,13.07
20091105,25.33,29.91,22.69,84.57,18.35,2.49,12.87
20091106,24.68,28.18,22.37,88.36,11.8,1.9,12.0
20091107,24.86,28.18,21.99,88.51,29.25,2.82,10.95
20091108,24.76,26.5,23.79,94.75,36.76,3.34,6.3
20091109,24.8,26.95,23.44,92.32,26.02,3.27,13.68
20091110,25.13,29.27,22.04,84.46,7.45,2.07,16.56
20091111,25.35,30.05,20.94,80.59,7.21,0.76,19.35
20091112,25.88,29.61,22.61,84.57,2.5,0.95,18.57
20091113,25.04,28.38,22.8,88.74,1.95,1.43,11.99
20091114,24.01,26.45,22.19,91.4,29.82,1.77,8.37
20091115,23.69,26.02,22.13,93.43,15.21,1.61,11.71
20091116,25.11,28.86,22.79,89.33,3.92,1.45,9.68
20091117,25.83,29.55,22.72,87.24,8.35,0.91,21.04
20091118,24.95,27.34,22.83,85.56,3.65,0.98,12.66
20091119,25.45,29.57,22.07,85.49,4.79,1.05,19.24
20091120,25.15,28.84,22.69,88.44,2.09,1.17,17.0
20091121,24.51,27.0,22.64,89.01,7.33,0.82,15.67
20091122,24.04,26.48,22.03,92.57,13.73,1.43,16.6
20091123,24.69,28.75,21.53,88.72,1.55,1.65,20.26
20091124,25.19,29.78,22.03,83.84,0.1,0.97,20.8
20091125,24.92,29.22,21.35,86.36,1.42,1.43,20.05
20091126,24.03,28.22,19.89,85.27,0.12,1.71,20.34
20091127,22.78,28.33,18.1,81.06,0.0,1.75,20.37
20091128,22.93,28.14,18.22,85.31,0.41,2.04,20.48
20091129,23.6,28.43,19.44,87.38,1.0,2.11,18.14
20091130,23.83,28.23,20.28,87.52,1.16,2.21,16.23
20091201,23.11,25.48,21.11,92.34,5.04,2.07,13.39
20091202,24.04,28.37,20.87,90.37,5.15,2.07,13.15
20091203,24.78,29.07,21.55,88.17,0.8,1.39,18.32
20091204,24.94,29.42,21.69,86.56,0.05,1.44,19.11
20091205,24.17,28.35,20.16,84.8,0.01,2.23,19.02
20091206,21.84,27.42,17.1,81.12,0.0,1.93,21.16
20091207,21.84,28.3,16.68,82.42,0.0,1.93,19.96
20091208,23.12,29.56,17.08,83.55,0.0,1.98,20.33
20091209,23.65,29.39,19.36,84.38,0.04,2.58,20.32
20091210,22.47,27.56,18.55,80.35,0.01,2.9,19.71
20091211,23.09,29.08,18.11,80.94,0.07,2.83,19.13
20091212,23.91,28.5,19.76,86.15,8.08,2.88,10.93
20091213,24.9,29.25,21.92,87.77,5.63,2.32,12.61
20091214,24.68,29.22,22.2,87.42,3.94,3.33,11.86
20091215,23.99,26.68,22.14,92.67,6.12,2.39,3.46
20091216,24.49,29.01,21.37,85.82,3.74,1.49,10.0
20091217,23.7,27.11,21.2,89.97,1.74,1.71,12.75
20091218,23.6,27.84,20.32,87.72,0.16,2.22,15.01
20091219,24.35,29.02,20.28,86.22,0.26,2.1,16.9
20091220,24.75,29.41,20.48,85.64,1.04,2.67,16.73
20091221,24.43,27.51,22.45,90.23,5.31,3.25,16.08
20091222,24.18,27.76,21.82,89.25,4.61,2.58,8.0
20091223,23.66,27.76,21.36,88.63,2.93,3.07,10.33
20091224,23.6,28.12,20.56,86.75,1.25,2.79,14.0
20091225,23.37,28.04,20.29,82.04,0.02,2.36,12.98
20091226,23.56,29.15,19.24,83.44,0.01,2.22,15.13
20091227,22.63,26.41,19.61,86.35,0.26,1.79,10.5
20091228,22.93,26.93,20.02,86.21,0.0,1.64,11.25
20091229,23.35,28.73,19.6,81.01,0.0,1.87,14.8
20091230,23.43,29.39,18.89,82.39,0.0,1.83,18.37
20091231,23.71,30.16,18.58,81.24,0.0,1.55,18.01
20100101,23.79,29.87,19.21,81.18,0.0,2.21,19.21
20100102,23.4,29.6,19.01,80.44,0.0,2.43,18.33
20100103,22.99,29.22,18.66,79.33,0.02,2.33,13.88
20100104,22.53,29.34,17.57,77.92,0.0,1.79,18.6
20100105,22.33,30.33,16.1,75.76,0.0,1.78,20.89
20100106,22.59,29.57,16.36,78.98,0.0,2.27,17.76
20100107,23.5,30.1,18.73,78.86,0.13,2.38,17.93
20100108,23.38,28.42,18.82,83.44,0.72,2.08,12.5
20100109,23.99,28.04,21.16,88.32,2.99,2.04,10.53
20100110,24.38,28.35,21.53,84.56,2.98,1.38,17.04
20100111,25.19,31.44,21.18,80.18,0.83,1.55,14.44
20100112,25.82,31.64,21.82,79.26,0.04,1.36,18.71
20100113,25.88,31.48,21.9,80.44,0.37,1.73,16.25
20100114,25.61,31.59,21.63,79.19,0.09,2.07,19.44
20100115,24.53,31.22,19.65,76.64,0.0,2.58,19.69
20100116,24.18,31.09,18.23,78.7,0.0,2.67,19.22
20100117,24.3,30.74,19.73,76.33,0.0,2.63,21.03
20100118,24.46,31.78,18.7,75.38,0.0,2.15,19.69
20100119,24.91,32.02,20.02,76.09,0.0,2.29,19.36
20100120,24.54,31.63,19.79,74.78,0.01,2.34,19.8
20100121,23.49,31.02,17.99,70.05,0.0,2.53,20.14
20100122,22.58,31.18,16.01,68.19,0.0,2.57,21.77
20100123,22.51,30.84,15.69,71.4,0.0,2.49,22.23
20100124,23.2,30.93,16.68,71.61,0.05,2.25,20.87
20100125,24.33,31.87,17.21,73.75,0.0,2.2,21.23
20100126,25.06,31.72,20.09,72.94,0.0,2.62,21.68
20100127,25.35,32.77,19.79,72.91,0.0,2.42,20.04
20100128,25.38,32.07,20.78,73.03,0.0,2.88,19.26
20100129,24.54,31.82,18.84,72.35,0.0,2.71,20.91
20100130,24.63,32.93,18.52,68.85,0.0,2.46,21.51
20100131,24.79,32.64,19.04,70.56,0.0,2.34,19.4
20100201,23.97,30.82,19.01,70.13,0.0,2.12,17.01
20100202,24.26,32.65,17.7,67.23,0.0,2.52,20.84
20100203,24.05,33.21,17.0,65.95,0.0,2.71,22.18
20100204,23.96,32.06,17.86,66.92,0.0,2.39,22.65
20100205,23.53,31.33,18.33,69.66,0.0,2.51,22.76
20100206,23.58,32.51,16.72,68.5,0.0,2.67,21.96
20100207,24.3,32.48,18.12,68.35,0.0,2.7,20.43
20100208,24.6,33.5,17.86,63.8,0.0,2.51,23.16
20100209,24.71,34.01,17.37,61.93,0.0,2.25,23.05
20100210,25.5,33.72,19.36,64.55,0.0,1.84,20.09
20100211,26.35,34.51,20.17,63.7,0.0,2.09,13.68
20100212,26.97,35.06,21.07,64.76,0.0,2.25,16.15
20100213,27.29,35.7,21.3,64.58,0.01,2.21,16.94
20100214,27.01,36.03,20.51,61.94,0.0,2.0,23.13
20100215,25.11,31.2,20.91,70.68,0.0,1.59,23.29
20100216,26.47,35.22,20.14,63.24,0.0,1.75,23.79
20100217,27.14,34.54,21.28,65.92,0.0,2.08,17.28
20100218,26.65,34.01,21.02,61.19,0.0,1.3,20.15
20100219,26.74,35.35,21.01,61.13,0.0,1.46,17.96
20100220,26.83,36.25,19.79,62.97,0.0,1.53,24.07
20100221,27.91,36.9,21.51,63.35,0.0,1.88,23.63
20100222,28.23,37.41,21.11,60.84,0.0,1.99,24.28
20100223,28.49,37.44,21.67,59.91,0.0,1.63,23.16
20100224,28.93,38.04,21.64,54.42,0.0,2.11,23.33
20100225,28.87,37.78,21.5,55.83,0.0,2.15,22.63
20100226,29.26,37.76,22.71,52.74,0.0,1.9,20.73
20100227,29.38,38.03,22.2,51.49,0.0,2.13,24.24
20100228,28.75,37.82,21.79,50.92,0.0,2.04,24.61
20100301,28.17,37.66,20.03,48.69,0.0,1.95,25.38
20100302,27.66,38.11,18.68,46.7,0.0,2.19,24.39
20100303,27.76,38.67,18.18,39.99,0.0,2.16,26.51
20100304,28.84,39.01,20.36,40.21,0.0,1.95,25.35
20100305,29.59,39.47,21.87,47.33,0.0,2.1,23.58
20100306,30.66,39.17,23.19,53.71,0.0,2.17,22.8
20100307,31.55,40.45,24.62,51.21,0.0,2.57,24.65
20100308,30.26,39.31,23.56,53.92,0.0,2.08,24.64
20100309,29.55,38.57,22.88,55.65,0.0,2.01,23.89
20100310,29.49,38.06,23.23,58.21,0.0,2.35,24.05
20100311,29.44,38.03,23.38,58.89,0.0,2.99,23.31
20100312,29.32,37.6,23.32,57.09,0.0,2.92,22.48
20100313,29.37,37.85,22.18,58.18,0.0,2.45,20.75
20100314,30.41,38.85,23.19,49.37,0.0,2.05,24.29
20100315,30.59,38.82,24.62,43.07,0.0,1.97,25.09
20100316,29.61,36.21,24.35,46.94,0.0,1.69,24.83
20100317,29.36,38.01,22.38,52.65,0.01,2.41,23.71
20100318,28.81,36.89,22.61,58.23,0.0,2.73,23.68
20100319,29.04,37.66,22.16,54.56,0.0,2.29,23.14
20100320,30.11,39.14,21.72,50.4,0.0,2.08,24.19
20100321,30.39,39.53,22.67,42.82,0.0,1.9,24.24
20100322,30.29,39.51,22.39,45.59,0.0,1.69,24.44
20100323,30.78,40.09,23.25,48.46,0.0,2.01,25.3
20100324,31.04,40.03,24.08,46.94,0.0,1.81,24.41
20100325,30.99,39.65,24.28,53.77,0.0,2.16,24.44
20100326,31.78,40.38,24.94,50.68,0.1,2.14,23.84
20100327,31.9,39.22,25.42,52.6,0.06,2.04,23.34
20100328,31.56,38.52,26.51,52.54,0.0,2.37,24.01
20100329,31.93,40.33,25.29,52.95,0.01,2.56,21.67
20100330,32.78,40.73,25.92,50.8,0.27,2.02,24.24
20100331,31.98,37.71,27.12,52.91,4.01,1.63,24.39
20100401,32.61,40.62,25.57,49.62,0.03,1.98,25.55
20100402,33.28,41.33,26.88,46.76,0.0,2.56,24.54
20100403,31.5,37.65,26.97,56.87,0.0,2.38,24.14
20100404,31.25,38.91,25.07,55.07,0.01,2.28,23.61
20100405,30.89,36.47,26.01,55.98,0.64,1.8,19.19
20100406,31.3,38.49,25.31,46.37,0.02,1.86,21.98
20100407,31.44,38.8,25.38,50.66,0.15,2.41,23.24
20100408,30.07,35.43,25.92,58.08,0.9,2.02,19.64
20100409,30.57,37.08,24.92,57.82,0.02,1.75,24.99
20100410,31.17,37.45,26.25,49.25,0.0,1.49,25.64
20100411,32.01,40.8,24.87,52.67,0.0,2.5,25.17
20100412,32.8,39.99,26.73,51.93,0.0,2.38,23.76
20100413,33.66,40.91,27.55,47.48,0.0,1.93,24.46
20100414,33.05,39.21,27.42,48.27,0.0,1.75,20.62
20100415,32.03,38.81,26.96,54.64,0.0,2.12,21.59
20100416,31.92,39.26,25.78,54.69,0.03,2.43,20.49
20100417,31.82,37.94,26.78,53.22,0.18,2.5,18.74
20100418,32.77,40.52,26.35,49.34,3.09,2.79,22.57
20100419,32.42,38.49,26.83,51.87,0.78,1.61,23.05
20100420,32.94,38.31,28.17,48.96,0.24,1.34,20.79
20100421,33.12,39.11,27.57,48.7,0.04,1.07,21.53
20100422,33.63,41.39,27.79,47.05,0.01,2.65,22.66
20100423,32.93,40.65,26.73,54.01,0.07,2.72,23.21
20100424,32.08,37.17,27.26,52.62,0.02,1.39,21.14
20100425,32.4,38.26,27.11,50.74,0.08,1.88,20.92
20100426,30.7,34.72,27.11,55.09,1.2,2.29,14.63
20100427,30.52,36.28,25.17,54.16,1.38,1.85,18.91
20100428,31.93,39.34,25.66,52.23,0.19,2.41,20.02
20100429,30.65,36.06,26.34,60.97,0.05,2.47,20.12
20100430,29.12,33.85,25.91,69.99,13.85,1.96,19.87
20100501,29.2,35.12,25.07,68.02,1.85,1.31,23.52
20100502,29.14,32.83,25.55,73.04,26.95,1.0,24.42
20100503,28.57,32.04,25.66,77.23,7.82,0.85,22.16
20100504,28.69,32.71,25.55,77.98,7.49,1.02,23.79
20100505,30.74,36.56,25.33,67.1,0.55,1.22,21.17
20100506,31.7,38.75,25.72,61.54,0.74,1.75,24.13
20100507,31.5,37.88,26.22,64.17,0.1,1.57,22.4
20100508,30.24,34.45,26.44,68.19,0.08,0.89,22.02
20100509,29.87,34.19,26.53,66.93,0.03,1.09,19.04
20100510,31.33,39.07,24.77,55.48,0.02,2.16,22.89
20100511,31.51,38.72,25.79,61.16,0.01,2.38,23.9
20100512,32.1,38.74,26.04,60.47,0.0,1.56,23.7
20100513,31.84,37.36,27.0,61.4,0.0,1.63,22.25
20100514,30.92,35.4,27.51,64.67,0.0,1.46,21.09
20100515,30.47,35.94,26.04,60.23,0.12,1.62,24.74
20100516,31.9,39.35,26.07,58.05,0.11,0.99,20.82
20100517,31.16,36.87,26.47,63.28,9.23,1.65,22.47
20100518,29.68,34.14,26.44,70.74,8.69,2.82,20.32
20100519,28.51,33.54,25.07,69.11,0.64,3.01,17.01
20100520,30.68,37.87,25.54,61.0,0.11,3.85,16.89
20100521,30.23,36.85,25.38,61.79,0.17,2.92,14.96
20100522,29.86,35.46,24.98,64.34,0.0,1.98,17.83
20100523,29.98,36.14,25.86,64.58,0.18,2.57,19.28
20100524,30.01,35.23,25.69,67.35,0.04,2.09,22.37
20100525,30.43,37.14,24.95,58.93,0.06,3.1,22.73
20100526,31.43,39.37,24.81,54.19,0.01,2.72,23.24
20100527,31.74,39.27,25.82,56.61,0.16,2.46,24.26
20100528,30.97,38.06,26.05,62.91,8.38,2.64,23.17
20100529,30.59,37.55,25.42,62.63,0.27,3.28,20.98
20100530,30.69,38.96,25.01,58.87,0.2,2.76,24.31
20100531,30.06,37.08,25.27,55.62,0.03,2.92,23.42
20100601,30.72,37.34,25.42,55.65,0.0,2.17,24.9
20100602,32.73,40.03,25.57,53.39,0.62,1.79,22.92
20100603,31.66,36.79,27.7,56.73,0.06,2.14,21.67
20100604,30.05,33.79,26.91,70.63,35.96,1.3,22.9
20100605,28.77,33.53,25.53,69.9,2.2,2.65,23.39
20100606,28.6,34.93,23.96,63.43,0.76,2.78,21.43
20100607,27.97,33.06,23.85,65.7,0.09,2.01,20.33
20100608,28.64,34.06,24.12,63.57,0.0,2.47,15.12
20100609,29.2,35.5,24.87,66.55,4.27,1.85,20.01
20100610,27.78,30.92,25.13,75.66,0.62,2.77,18.99
20100611,27.41,31.44,24.26,75.4,0.88,2.38,17.59
20100612,28.14,32.15,24.79,68.3,1.1,3.35,16.23
20100613,27.35,31.84,24.63,75.12,0.19,3.86,18.42
20100614,28.87,35.77,24.11,63.07,0.03,3.1,20.44
20100615,29.87,38.33,23.01,57.98,0.0,2.17,20.13
20100616,28.7,34.65,24.19,67.63,0.88,0.68,14.99
20100617,28.16,33.6,24.4,69.47,3.86,2.29,19.45
20100618,27.27,32.29,23.23,71.88,7.0,1.89,21.54
20100619,28.8,36.03,23.0,64.79,2.7,2.5,21.87
20100620,28.59,33.98,23.7,67.63,0.25,1.92,20.74
20100621,29.97,37.39,23.8,60.75,2.52,1.5,22.31
20100622,28.36,33.15,24.47,69.11,1.79,2.48,20.65
20100623,27.98,33.85,24.65,68.46,1.19,3.55,21.62
20100624,27.59,32.66,24.14,62.37,0.09,3.48,21.61
20100625,27.62,32.64,23.82,59.9,0.07,3.99,21.95
20100626,29.09,36.14,23.62,56.75,0.06,4.02,18.94
20100627,29.64,36.35,24.4,58.78,0.04,2.94,23.78
20100628,28.92,34.67,25.08,66.19,2.14,2.7,22.73
20100629,29.26,34.64,24.83,62.59,0.16,2.41,22.92
20100630,29.13,36.3,24.48,58.9,0.01,3.7,22.88
20100701,26.69,31.38,23.18,59.66,0.06,3.36,15.55
20100702,28.21,35.83,22.37,57.09,0.17,3.39,20.24
20100703,28.59,36.34,23.42,57.37,0.62,3.45,21.61
20100704,28.49,34.44,23.7,61.1,0.28,2.45,21.57
20100705,28.67,35.08,24.27,58.1,0.09,3.26,17.16
20100706,27.3,32.5,23.04,59.73,0.04,2.6,16.87
20100707,27.75,33.26,23.0,64.01,5.95,1.37,21.02
20100708,27.18,31.32,23.38,68.76,3.87,1.11,14.1
20100709,27.42,31.64,23.76,71.08,1.78,0.86,19.9
20100710,28.36,33.81,24.41,68.2,0.62,1.64,23.11
20100711,29.23,36.12,23.65,63.58,0.01,2.41,23.92
20100712,29.08,35.61,23.95,63.02,0.72,2.64,22.88
20100713,27.33,32.33,24.05,72.69,18.6,1.73,23.07
20100714,27.98,34.25,23.08,69.74,5.9,2.06,21.4
20100715,28.22,33.96,23.71,68.65,7.19,1.93,23.29
20100716,27.34,31.71,23.78,69.21,0.28,2.95,19.48
20100717,27.31,32.5,23.52,64.31,1.12,3.31,19.19
20100718,27.55,32.91,23.54,68.48,1.04,2.95,19.32
20100719,27.05,32.3,23.83,68.49,0.78,3.14,13.05
20100720,27.13,32.05,23.95,67.21,0.11,3.6,16.62
20100721,28.15,33.81,23.73,66.36,0.35,2.56,15.72
20100722,27.94,34.94,23.56,65.27,0.01,2.3,17.89
20100723,28.81,36.61,22.69,58.71,0.03,2.51,21.16
20100724,27.56,34.0,23.06,60.05,0.0,3.22,21.64
20100725,27.4,34.69,22.12,58.98,0.03,3.47,17.45
20100726,28.43,34.69,24.22,57.61,0.2,3.45,21.9
20100727,28.12,34.85,23.43,64.29,0.07,3.17,18.81
20100728,28.41,35.33,23.71,59.04,0.05,3.63,14.53
20100729,28.65,35.27,24.23,58.71,0.12,3.4,16.11
20100730,28.71,34.9,24.05,56.91,0.01,3.14,20.64
20100731,28.51,35.44,22.92,57.6,0.0,3.05,20.15
20100801,30.35,38.09,24.07,54.52,0.0,2.15,22.53
20100802,30.28,37.72,24.17,52.94,0.03,2.63,22.01
20100803,28.97,36.17,24.22,54.85,0.06,3.75,20.68
20100804,29.28,36.27,24.26,57.36,0.02,3.84,20.32
20100805,29.16,35.02,24.09,60.16,0.13,1.9,22.6
20100806,29.8,37.06,23.63,54.67,0.0,3.26,21.52
20100807,29.98,37.05,23.87,55.78,0.02,2.21,22.6
20100808,29.65,36.68,24.3,59.57,2.75,2.66,18.08
20100809,29.44,36.22,24.64,61.9,6.16,2.62,22.16
20100810,29.63,36.07,24.1,59.83,0.17,2.55,23.19
20100811,29.96,36.22,23.77,56.36,0.07,2.74,21.69
20100812,28.54,34.5,24.86,65.89,0.22,1.8,18.52
20100813,27.97,33.01,25.08,70.25,9.47,1.21,19.61
20100814,27.39,31.74,24.35,73.57,1.33,1.63,21.4
20100815,27.06,31.31,24.09,77.67,1.98,1.89,13.97
20100816,27.27,32.86,23.73,72.49,1.56,1.89,20.5
20100817,27.97,34.76,23.54,64.29,0.1,2.53,20.02
20100818,28.01,33.95,23.77,58.76,0.0,2.97,20.72
20100819,28.79,34.74,23.31,61.32,1.1,1.75,20.11
20100820,26.86,30.18,24.02,73.68,11.15,1.11,9.66
20100821,26.42,31.84,22.8,75.45,7.86,1.16,5.16
20100822,27.21,32.76,22.52,71.64,0.69,1.82,18.26
20100823,28.12,33.86,23.73,66.73,1.17,1.79,17.92
20100824,27.39,31.99,24.2,71.67,0.62,2.43,13.18
20100825,27.7,33.89,22.85,65.89,0.14,2.61,14.8
20100826,28.35,35.36,23.6,63.3,0.0,2.75,20.32
20100827,28.86,34.7,23.62,62.51,0.16,1.84,20.19
20100828,28.28,34.09,23.84,69.9,1.83,1.62,21.44
20100829,27.81,33.35,24.6,74.53,4.18,1.96,20.21
20100830,26.38,30.62,23.09,70.62,1.4,2.85,15.64
20100831,26.88,33.59,21.93,63.34,0.92,1.8,21.02
20100901,27.31,34.57,21.45,62.97,0.0,1.89,25.71
20100902,28.96,34.97,22.56,60.02,0.17,1.95,25.27
20100903,29.08,34.81,24.09,63.34,3.7,1.8,16.89
20100904,28.65,35.53,23.2,61.53,0.02,1.85,19.62
20100905,29.06,35.96,22.62,60.73,0.0,1.95,22.65
20100906,28.47,35.09,22.41,59.61,0.01,2.06,24.63
20100907,28.99,36.05,22.74,60.24,0.02,2.48,22.75
20100908,28.73,35.4,23.62,59.98,0.09,2.52,21.25
20100909,28.17,34.26,23.56,66.03,8.82,1.7,22.46
20100910,27.17,32.62,23.53,75.05,8.11,1.55,19.78
20100911,28.45,34.79,23.4,64.75,3.52,1.62,18.05
20100912,28.59,34.68,23.15,64.43,4.61,1.07,14.24
20100913,27.22,32.08,23.45,68.19,10.92,2.04,17.32
20100914,27.92,35.83,22.17,63.19,0.81,2.3,16.25
20100915,28.42,36.11,22.85,65.72,1.94,1.95,21.16
20100916,27.56,33.69,22.65,66.75,2.84,2.15,23.14
20100917,29.12,37.56,22.85,61.81,0.15,2.4,22.59
20100918,27.53,33.74,23.38,66.4,5.15,2.13,20.95
20100919,28.51,35.57,22.47,61.94,0.27,1.17,22.65
20100920,28.07,34.09,23.18,65.53,0.4,1.31,19.73
20100921,27.79,32.51,23.9,70.46,0.5,1.52,17.35
20100922,26.24,29.05,23.81,80.38,7.3,1.15,16.44
20100923,26.7,30.96,23.6,78.08,3.63,1.07,20.12
20100924,27.18,32.63,23.32,74.86,12.4,1.68,21.5
20100925,28.07,34.32,22.91,66.99,0.12,1.42,23.47
20100926,26.97,32.48,23.13,74.93,20.2,1.65,15.46
20100927,26.65,31.59,23.4,79.78,8.32,2.09,15.77
20100928,26.16,30.01,22.88,81.43,9.66,1.58,18.91
20100929,25.72,29.56,23.09,83.34,9.14,1.64,8.91
20100930,25.97,30.7,22.39,79.81,4.47,1.17,22.67
20101001,26.96,32.81,22.64,75.3,2.05,1.45,17.64
20101002,26.45,31.29,22.76,78.81,9.34,1.45,18.33
20101003,25.89,29.09,22.8,82.68,12.88,0.92,13.16
20101004,27.04,31.7,22.91,78.3,2.86,1.15,22.43
20101005,26.13,29.49,24.07,85.8,4.38,1.37,15.91
20101006,26.37,30.34,23.72,80.87,1.81,2.33,18.19
20101007,26.79,31.96,23.53,79.18,3.12,2.13,20.45
20101008,26.24,29.45,23.56,84.47,11.84,1.79,19.72
20101009,27.22,32.45,22.97,77.53,1.96,1.39,19.27
20101010,27.59,33.61,22.7,72.46,0.03,1.16,20.21
20101011,27.13,32.24,22.89,73.84,0.0,1.34,22.69
20101012,27.0,32.55,22.02,72.02,0.0,1.45,21.37
20101013,28.09,34.67,22.16,69.8,0.23,1.53,21.09
20101014,27.11,32.28,23.09,73.77,0.47,1.61,20.81
20101015,27.1,33.1,22.99,72.95,0.24,2.37,20.76
20101016,27.4,35.35,21.42,67.61,0.03,2.35,23.64
20101017,27.21,35.09,20.01,69.27,0.07,1.74,23.51
20101018,27.57,34.86,22.19,71.43,16.92,1.61,20.82
20101019,27.68,33.8,21.95,73.46,9.64,1.04,23.17
20101020,26.6,30.36,23.88,80.2,0.73,1.15,19.91
20101021,27.63,33.15,23.14,75.09,7.38,0.68,16.89
20101022,26.67,31.91,23.33,78.49,0.4,1.93,21.97
20101023,27.61,34.77,21.86,72.63,1.14,1.5,23.25
20101024,28.07,35.31,21.13,67.23,0.02,1.1,22.93
20101025,28.52,34.93,22.85,68.28,0.0,0.92,23.24
20101026,27.58,32.38,23.5,75.72,8.69,0.96,21.51
20101027,26.66,30.69,23.67,82.02,11.03,0.78,19.64
20101028,25.73,29.52,23.27,82.33,17.08,0.82,16.95
20101029,25.49,30.22,22.28,83.23,13.88,1.3,18.65
20101030,25.49,29.62,22.18,82.35,4.92,0.84,13.99
20101031,24.92,27.86,22.56,88.7,8.48,0.67,17.73
20101101,25.48,29.67,22.83,81.61,11.01,0.82,14.06
20101102,25.63,30.1,21.94,81.89,0.07,1.02,20.84
20101103,26.17,29.91,22.65,82.73,17.88,0.94,19.51
20101104,25.71,28.9,23.62,86.76,11.59,1.29,18.54
20101105,25.7,29.6,22.69,85.18,39.27,0.84,18.01
20101106,24.86,28.09,22.6,83.67,10.44,1.22,7.84
20101107,23.88,27.1,21.36,87.71,0.57,1.6,8.15
20101108,25.38,30.53,20.17,85.82,0.95,1.65,19.97
20101109,25.67,29.67,22.13,85.55,3.62,0.86,18.12
20101110,25.4,28.23,22.59,87.91,19.74,1.18,18.72
20101111,25.09,28.28,22.32,86.41,13.69,1.42,15.89
20101112,25.19,30.38,20.39,82.17,9.53,0.85,19.3
20101113,25.53,29.88,22.41,86.22,2.45,1.13,17.08
20101114,25.16,29.55,21.88,85.94,0.1,1.4,18.65
20101115,25.08,29.45,21.0,86.38,0.32,1.22,17.69
20101116,24.96,28.2,22.07,87.58,24.99,1.26,12.43
20101117,24.53,27.99,22.13,89.01,8.83,1.71,15.44
20101118,24.62,28.34,21.89,88.34,5.17,1.6,18.21
20101119,24.42,28.25,21.88,87.37,3.38,1.52,10.79
20101120,24.4,27.93,20.98,88.91,26.88,1.13,19.19
20101121,24.22,26.96,21.84,85.79,12.1,0.66,15.91
20101122,23.96,28.21,20.45,86.66,41.99,1.43,17.84
20101123,24.33,28.08,21.88,88.0,7.66,0.89,17.89
20101124,23.89,26.76,21.83,91.79,15.66,1.57,15.18
20101125,23.52,25.52,21.99,93.33,20.89,2.67,9.69
20101126,23.01,25.04,21.41,93.78,14.43,2.27,3.29
20101127,22.35,24.47,20.72,92.48,11.44,1.84,7.55
20101128,23.12,25.27,20.59,93.82,28.24,2.25,10.62
20101129,23.88,27.04,21.73,90.63,2.07,2.01,16.98
20101130,23.99,27.35,21.19,91.16,11.23,2.04,15.94
20101201,23.84,26.33,22.36,95.16,9.7,1.88,7.59
20101202,24.22,27.26,21.43,91.71,16.25,1.58,12.55
20101203,23.7,25.88,22.1,93.52,11.55,2.55,4.47
20101204,22.51,24.4,21.14,92.82,1.64,2.82,10.15
20101205,21.63,23.52,20.17,91.05,3.0,2.15,6.76
20101206,22.85,26.36,19.67,80.45,0.03,1.41,13.97
20101207,24.4,29.59,19.65,81.8,7.21,0.93,15.94
20101208,24.62,28.0,21.2,88.01,10.77,1.27,6.85
20101209,24.46,27.3,22.29,89.0,0.32,0.99,17.26
20101210,24.81,28.69,21.15,82.24,0.35,1.04,19.51
20101211,24.61,29.17,19.72,80.79,0.49,0.99,19.61
20101212,24.84,29.42,20.89,81.81,3.52,0.87,19.06
20101213,24.1,28.72,20.12,84.99,0.52,0.99,17.82
20101214,24.11,28.04,21.5,87.45,3.83,1.05,17.55
20101215,23.2,27.34,20.75,91.42,12.26,1.41,13.95
20101216,24.0,28.04,21.26,89.04,6.38,1.46,12.38
20101217,24.12,28.25,20.7,89.07,2.17,1.51,15.71
20101218,23.73,27.44,20.77,89.63,0.44,2.35,12.41
20101219,21.94,26.24,17.31,87.82,1.17,2.48,18.86
20101220,23.78,27.75,20.83,89.56,3.51,2.34,15.51
20101221,22.89,26.35,19.99,90.26,1.18,3.05,13.13
20101222,20.84,25.8,17.47,84.9,0.0,2.1,19.87
20101223,20.55,26.16,15.47,85.78,0.0,1.74,19.45
20101224,20.72,24.95,17.03,86.86,0.01,1.8,11.16
20101225,21.86,26.36,18.75,85.68,0.0,2.09,13.9
20101226,22.06,26.71,18.51,86.08,0.0,2.12,19.1
20101227,21.52,26.71,17.0,85.01,0.04,1.99,19.87
20101228,20.89,24.42,17.04,90.62,2.75,1.87,8.47
20101229,21.89,24.56,19.95,93.58,0.8,2.32,11.17
20101230,23.08,27.27,20.01,89.24,0.96,2.43,10.66
20101231,23.17,27.74,19.51,88.34,0.17,2.04,15.8
20110101,23.5,27.7,20.0,87.22,0.25,1.43,20.2
20110102,23.94,28.15,20.33,88.31,0.14,1.59,18.5
20110103,23.3,26.71,20.7,89.04,0.06,1.77,18.9
20110104,22.31,26.6,19.86,91.07,1.77,2.22,15.97
20110105,22.29,25.86,19.96,90.39,0.23,2.66,13.49
20110106,22.82,27.4,19.53,87.56,0.05,2.4,17.89
20110107,23.02,27.12,19.36,87.98,0.06,2.64,17.9
20110108,24.15,28.72,20.41,86.56,0.0,2.24,17.6
20110109,24.02,28.29,20.86,83.42,0.05,1.99,13.08
20110110,23.14,26.87,19.72,85.03,0.13,1.59,15.16
20110111,22.5,28.13,18.56,79.19,0.0,1.7,20.3
20110112,20.52,25.17,17.15,83.79,0.0,1.86,17.87
20110113,20.57,26.59,15.27,83.12,0.0,2.1,8.18
20110114,21.27,26.76,16.19,86.14,0.0,2.32,16.01
20110115,22.43,27.21,18.46,87.25,1.1,2.53,10.8
20110116,23.17,28.14,19.78,88.15,0.91,2.41,11.65
20110117,23.45,28.71,19.46,86.44,0.0,1.49,17.55
20110118,22.41,28.29,17.57,83.56,0.0,1.62,21.64
20110119,20.79,27.52,14.88,81.24,0.0,1.55,23.24
20110120,21.06,27.6,15.1,82.99,0.0,1.58,23.25
20110121,21.64,27.92,16.33,84.66,0.0,1.94,22.2
20110122,21.79,27.97,16.94,83.8,0.0,2.33,21.96
20110123,22.0,28.22,17.17,84.45,0.0,2.6,19.94
20110124,21.91,28.02,17.08,82.19,0.0,2.69,20.0
20110125,21.95,28.26,16.57,81.87,0.0,2.54,19.14
20110126,22.76,28.82,17.71,83.5,0.07,2.98,17.31
20110127,23.06,28.93,18.81,81.14,0.01,2.99,18.93
20110128,23.05,29.07,17.88,83.42,0.0,2.4,17.19
20110129,23.83,29.48,19.56,81.74,0.01,2.73,21.59
20110130,23.67,29.32,19.75,82.34,0.14,2.89,14.67
20110131,23.37,29.75,18.8,80.02,0.0,3.02,17.56
20110201,23.36,30.14,18.55,78.01,0.0,2.85,21.52
20110202,22.86,28.9,18.51,76.66,0.0,3.11,17.57
20110203,23.03,27.28,19.79,79.39,0.01,2.82,16.46
20110204,23.58,28.7,20.47,76.67,0.0,2.52,17.47
20110205,23.4,30.26,17.93,74.64,0.0,2.62,22.95
20110206,23.35,29.76,17.73,76.52,0.0,2.44,18.07
20110207,24.07,30.49,19.34,76.68,0.0,2.32,11.96
20110208,23.8,31.5,18.73,69.13,0.0,1.99,22.22
20110209,23.59,31.43,17.08,73.36,0.09,1.94,23.46
20110210,23.25,31.78,17.21,69.61,0.22,2.25,24.34
20110211,22.66,30.72,15.84,74.46,0.0,2.25,21.48
20110212,23.24,31.01,17.3,72.64,0.0,2.15,22.31
20110213,22.65,30.96,15.59,69.62,0.0,2.23,23.42
20110214,23.1,31.19,15.85,71.96,0.0,1.65,22.78
20110215,24.86,33.02,17.75,70.18,0.0,1.33,21.68
20110216,25.92,33.58,19.66,71.35,0.0,1.2,21.62
20110217,26.53,33.55,21.51,72.4,0.0,1.2,20.98
20110218,26.9,33.77,21.84,72.43,0.0,1.42,18.6
20110219,27.33,33.94,22.94,72.41,0.0,1.41,20.27
20110220,27.45,34.59,22.78,71.26,0.0,1.73,19.95
20110221,27.02,33.32,22.7,73.43,0.08,1.57,14.84
20110222,26.08,31.43,22.42,77.87,2.88,1.77,15.63
20110223,26.05,31.99,21.79,76.8,6.13,1.85,18.94
20110224,25.44,30.72,21.56,80.12,16.48,1.53,16.69
20110225,26.06,32.46,20.97,73.05,0.88,1.61,19.39
20110226,25.97,32.37,20.65,72.42,1.52,1.74,19.81
20110227,25.75,33.35,20.65,68.67,0.0,2.25,23.57
20110228,25.67,33.97,19.95,69.26,0.0,2.63,22.0
20110301,25.4,33.42,19.65,69.9,0.0,2.7,22.17
20110302,25.13,33.58,18.33,66.11,0.0,2.46,25.22
20110303,25.2,33.83,17.43,67.99,0.0,2.22,24.73
20110304,26.12,34.16,19.09,69.37,0.0,1.8,21.6
20110305,27.11,34.82,21.18,67.51,0.0,1.68,23.49
20110306,26.87,35.49,20.89,63.81,0.0,1.8,24.32
20110307,26.21,35.17,18.4,59.01,0.0,2.0,24.82
20110308,27.03,36.72,18.56,54.94,0.0,2.05,24.51
20110309,27.83,37.01,21.27,50.05,0.0,1.77,24.95
20110310,27.25,36.59,20.26,51.63,0.0,1.73,26.02
20110311,26.6,36.1,19.4,53.17,0.0,1.52,26.47
20110312,27.38,36.03,19.39,62.63,0.03,2.12,24.66
20110313,28.35,35.93,22.62,65.0,0.09,2.8,23.85
20110314,28.25,36.06,22.64,64.39,0.06,3.04,24.36
20110315,27.95,36.66,22.13,59.8,0.0,2.73,25.6
20110316,27.45,35.8,21.32,61.16,0.0,2.8,25.85
20110317,27.03,35.65,20.7,59.7,0.0,2.88,24.63
20110318,26.61,35.15,18.84,63.42,0.0,2.24,24.19
20110319,28.7,36.85,21.53,61.37,0.0,1.96,24.14
20110320,29.61,36.84,24.19,61.58,0.0,1.74,23.64
20110321,30.24,37.67,24.14,57.5,0.0,1.73,23.28
20110322,30.12,38.2,23.93,58.69,0.0,2.17,23.77
20110323,29.89,38.08,23.84,56.86,0.01,1.82,24.73
20110324,29.84,37.81,23.95,56.43,0.03,1.75,24.43
20110325,30.18,37.55,24.24,60.03,0.51,1.81,22.63
20110326,30.22,38.0,24.16,57.66,0.04,2.18,22.38
20110327,30.41,37.91,24.21,57.77,0.0,1.98,22.88
20110328,30.57,37.76,24.28,53.86,0.0,1.59,23.08
20110329,30.97,38.52,25.17,51.13,0.03,1.86,23.94
20110330,30.35,39.0,23.34,51.67,0.0,2.01,24.79
20110331,30.26,39.13,23.08,51.42,0.0,1.98,24.73
20110401,31.04,40.07,22.89,46.69,0.0,2.01,23.76
20110402,31.56,39.98,23.91,48.21,0.0,2.53,24.26
20110403,32.06,39.25,25.59,47.94,0.02,1.82,23.69
20110404,32.31,39.61,26.61,45.68,0.21,1.9,23.42
20110405,31.83,39.28,26.31,45.41,0.01,2.31,24.06
20110406,30.13,37.89,24.07,51.17,0.0,2.5,25.28
20110407,29.88,38.39,22.85,48.17,0.0,2.32,26.29
20110408,30.07,38.39,22.1,51.72,0.01,2.1,24.7
20110409,31.08,39.05,25.17,53.71,1.09,2.23,21.88
20110410,29.98,37.2,24.65,60.5,1.8,2.27,20.11
20110411,30.38,37.41,25.19,58.07,0.08,2.24,19.4
20110412,30.74,38.15,24.88,56.47,0.16,2.4,22.88
20110413,31.34,39.52,24.94,54.44,0.1,2.47,22.29
20110414,31.67,38.86,25.22,52.01,0.03,1.79,21.7
20110415,30.52,35.77,26.43,55.69,0.41,2.02,23.28
20110416,30.43,38.16,24.6,53.9,0.02,2.53,21.92
20110417,30.66,37.45,24.89,53.57,0.24,1.96,19.06
20110418,30.75,38.17,25.2,53.64,0.25,2.58,19.88
20110419,29.79,34.68,25.52,57.66,0.21,1.94,21.08
20110420,29.37,33.79,25.11,54.35,1.36,2.14,18.91
20110421,29.22,35.27,24.53,58.99,3.09,1.94,21.73
20110422,27.34,32.77,24.45,76.68,13.58,2.29,19.72
20110423,25.32,27.85,23.92,87.5,17.83,2.2,11.8
20110424,27.59,33.36,22.8,73.5,8.68,1.0,20.29
20110425,26.72,32.16,23.58,78.46,3.22,1.15,15.97
20110426,28.67,34.76,23.38,68.83,0.68,1.57,22.04
20110427,29.18,35.18,24.57,69.04,0.16,1.47,21.71
20110428,28.91,33.71,24.86,68.96,0.09,1.04,20.71
20110429,30.17,36.59,24.85,64.01,0.26,1.37,21.76
20110430,30.13,35.88,25.95,63.29,0.03,1.3,21.42
20110501,30.23,35.2,25.4,62.64,0.27,1.02,21.81
20110502,30.09,35.44,25.31,62.69,0.02,1.27,21.72
20110503,29.72,35.38,25.16,67.89,18.21,1.47,21.5
20110504,29.25,35.13,24.92,66.69,0.02,2.11,17.77
20110505,28.65,33.89,25.32,67.83,0.03,1.91,20.92
20110506,30.03,35.72,24.71,63.15,0.0,1.97,21.64
20110507,31.09,38.0,25.48,57.87,0.0,1.41,23.2
20110508,31.09,39.89,23.46,50.71,0.0,1.2,24.9
20110509,30.4,39.08,22.36,51.78,0.0,1.23,25.84
20110510,30.8,38.92,23.24,55.07,0.0,1.85,26.14
20110511,30.93,38.8,23.96,54.27,0.0,1.8,26.37
20110512,30.96,38.73,24.08,54.99,0.0,1.76,26.77
20110513,31.56,39.48,24.46,53.37,0.3,1.94,26.07
20110514,32.25,40.31,25.09,52.66,0.01,1.42,25.55
20110515,32.27,39.33,25.44,53.0,0.0,1.16,24.75
20110516,31.75,39.54,25.54,54.12,0.0,2.25,24.99
20110517,31.74,38.82,25.61,52.99,0.0,2.47,24.42
20110518,31.95,38.4,26.36,53.3,0.0,1.9,24.17
20110519,30.93,36.1,26.94,57.71,1.09,2.3,23.14
20110520,29.84,35.3,25.59,67.64,20.92,1.92,24.06
20110521,29.54,35.78,25.14,67.11,0.36,1.96,21.03
20110522,30.57,37.15,24.48,58.73,0.0,1.24,23.84
20110523,31.53,37.65,25.58,56.81,0.06,0.99,24.52
20110524,31.27,36.54,26.29,60.44,0.32,1.17,22.81
20110525,30.98,35.41,26.56,62.82,0.01,1.28,22.83
20110526,30.2,34.65,26.49,62.5,0.03,1.51,23.47
20110527,30.21,36.0,25.2,61.11,0.93,1.8,23.05
20110528,29.97,35.14,25.55,59.45,0.13,2.33,22.37
20110529,29.64,35.37,24.93,58.38,0.06,2.44,23.43
20110530,30.37,36.1,25.27,63.5,1.94,2.4,24.37
20110531,29.05,35.46,24.9,68.07,22.58,3.0,24.2
20110601,28.28,34.2,24.54,70.71,3.98,2.85,20.42
20110602,27.33,31.24,24.35,72.41,1.49,4.1,17.61
20110603,27.46,33.58,24.2,75.46,2.61,1.69,18.39
20110604,28.37,33.93,23.66,72.04,1.09,2.19,21.91
20110605,28.96,35.34,23.78,66.84,0.12,2.75,19.05
20110606,29.66,37.02,24.33,60.29,0.08,2.86,21.45
20110607,29.71,37.47,23.6,59.37,0.0,2.09,22.19
20110608,29.59,37.21,24.27,60.3,0.0,2.07,24.01
20110609,29.02,35.49,24.31,66.0,0.66,2.34,24.03
20110610,29.46,35.88,24.63,64.93,0.01,2.85,21.27
20110611,29.37,35.57,24.73,63.79,0.0,2.54,19.52
20110612,29.05,35.27,24.36,65.24,0.0,2.56,22.86
20110613,28.38,34.88,23.59,59.77,0.4,3.61,21.15
20110614,27.3,34.65,22.94,64.83,0.24,3.77,20.83
20110615,28.06,34.57,23.14,57.56,0.02,3.0,21.41
20110616,27.46,32.45,23.95,63.07,0.07,3.3,20.49
20110617,27.83,33.79,22.53,57.07,0.4,3.65,20.52
20110618,28.47,35.37,22.07,53.04,0.13,3.53,22.71
20110619,29.69,37.15,24.01,57.54,0.08,3.45,22.87
20110620,30.39,38.83,22.98,54.57,0.0,3.37,23.31
20110621,29.4,35.35,25.01,55.89,0.01,2.82,24.0
20110622,29.59,37.25,23.0,55.69,0.03,3.16,23.6
20110623,31.17,39.46,23.35,52.14,0.01,2.64,22.93
20110624,31.53,38.79,25.37,51.23,0.07,3.15,21.78
20110625,30.57,34.49,27.21,55.26,0.28,3.39,18.17
20110626,30.57,36.84,25.8,53.94,0.03,4.26,20.95
20110627,29.9,36.79,24.82,50.49,0.03,4.62,20.63
20110628,29.41,35.24,25.04,46.23,0.03,4.69,22.02
20110629,31.01,38.1,24.63,42.53,0.0,2.47,22.58
20110630,31.73,38.68,25.11,42.88,0.02,1.64,22.11
20110701,31.24,36.61,26.02,49.16,2.03,1.54,19.6
20110702,30.29,36.09,25.56,49.15,0.07,2.73,22.02
20110703,30.06,36.77,24.15,49.39,0.28,2.19,15.68
20110704,30.65,38.86,24.17,46.67,0.5,3.92,21.8
20110705,27.78,34.03,23.7,55.76,13.61,3.22,18.9
20110706,28.16,35.69,22.57,59.55,0.34,3.0,18.98
20110707,28.23,34.94,23.66,61.5,16.33,2.09,21.56
20110708,27.75,33.4,23.38,64.63,0.16,2.17,21.07
20110709,27.65,32.94,23.43,68.73,14.08,1.19,22.25
20110710,28.4,34.64,22.9,61.64,0.37,1.83,21.92
20110711,28.53,34.75,23.68,65.39,0.17,2.15,20.56
20110712,27.32,32.83,23.76,61.87,0.05,3.84,19.96
20110713,27.37,32.58,22.81,54.58,0.03,4.31,20.77
20110714,27.84,34.2,23.28,50.0,0.06,4.98,19.88
20110715,27.63,34.25,23.21,54.02,0.09,4.32,20.36
20110716,28.33,34.42,23.58,59.22,0.3,4.48,19.27
20110717,28.11,34.18,23.77,61.18,0.13,3.67,22.11
20110718,28.21,34.4,23.67,61.58,0.05,3.71,21.25
20110719,28.38,35.28,23.39,58.53,0.03,3.47,21.71
20110720,28.66,34.75,24.23,57.46,0.01,4.02,21.53
20110721,29.24,37.24,23.03,54.56,0.03,3.49,23.23
20110722,28.47,35.03,23.5,56.44,0.01,3.38,19.61
20110723,28.81,36.7,22.79,58.23,0.04,3.56,20.49
20110724,27.83,33.27,23.91,59.75,0.02,3.56,21.41
20110725,28.55,35.44,22.68,56.26,0.19,1.82,17.27
20110726,29.69,38.15,23.18,51.82,0.99,2.26,19.65
20110727,28.15,34.54,22.92,54.6,0.09,3.43,20.61
20110728,28.34,35.86,23.3,55.08,4.13,2.91,20.89
20110729,26.87,32.33,23.16,59.66,0.05,3.38,19.08
20110730,27.19,31.55,22.82,63.29,0.01,1.9,21.28
20110731,29.72,37.06,23.56,57.6,0.0,2.73,21.03
20110801,30.22,38.66,23.19,53.11,0.03,3.22,22.64
20110802,30.21,38.21,23.58,54.3,0.04,3.66,21.9
20110803,28.44,33.23,24.86,60.43,0.04,3.35,18.32
20110804,29.35,36.39,23.74,54.64,0.09,3.7,22.24
20110805,28.88,35.01,24.66,55.71,2.12,3.27,22.66
20110806,29.02,35.97,23.94,54.19,0.37,3.75,23.28
20110807,29.75,36.13,24.68,54.37,0.04,3.81,21.85
20110808,28.97,35.12,25.12,62.25,7.06,2.18,23.15
20110809,29.08,35.94,23.63,62.46,1.69,1.91,23.03
20110810,30.09,37.68,23.92,56.65,0.32,2.04,23.1
20110811,29.36,35.98,24.32,58.06,0.32,2.9,20.72
20110812,29.28,35.98,23.8,54.53,0.05,2.56,19.7
20110813,29.35,34.63,24.45,55.08,0.04,1.65,15.9
20110814,29.38,34.22,24.56,51.69,0.01,1.26,18.18
20110815,28.58,34.28,24.79,62.78,18.41,1.12,18.62
20110816,28.0,33.79,22.96,67.71,0.7,1.47,20.41
20110817,27.13,32.11,24.44,72.15,11.7,1.44,19.03
20110818,27.83,33.64,23.38,67.88,0.1,2.02,20.75
20110819,28.28,34.12,23.39,64.46,0.03,1.33,20.64
20110820,28.38,34.75,23.92,67.28,1.71,1.49,20.6
20110821,28.41,33.61,24.83,63.91,0.08,1.96,19.85
20110822,28.56,35.02,23.48,62.92,0.04,1.44,19.98
20110823,29.19,36.55,24.16,61.13,0.02,2.26,21.74
20110824,27.33,33.36,23.37,66.54,9.11,2.76,19.24
20110825,27.98,35.57,22.43,66.8,0.97,2.31,22.36
20110826,28.41,34.85,23.26,63.95,0.16,1.84,16.7
20110827,28.08,34.24,23.15,63.83,0.0,2.95,19.92
20110828,28.53,35.04,23.36,62.84,0.06,2.26,20.79
20110829,27.87,34.43,23.33,63.7,0.13,3.36,20.51
20110830,27.17,32.97,22.75,60.22,0.17,3.0,21.46
20110831,28.21,35.44,22.38,62.57,1.4,2.91,21.85
20110901,28.78,35.79,24.38,61.49,0.37,3.9,18.55
20110902,28.31,34.71,23.98,67.58,3.69,2.47,19.53
20110903,28.13,34.54,23.79,65.64,0.05,2.89,22.16
20110904,29.31,36.58,23.55,61.3,0.14,2.09,22.34
20110905,30.14,37.86,24.52,57.92,0.84,2.08,22.63
20110906,28.42,34.04,24.64,60.69,0.55,2.62,19.71
20110907,29.05,35.95,23.4,58.11,0.01,2.47,22.37
20110908,28.66,36.02,23.06,66.9,18.01,1.57,23.44
20110909,28.02,33.61,23.48,69.78,3.36,1.27,22.64
20110910,28.37,34.59,23.39,66.69,2.8,1.95,21.28
20110911,28.09,35.52,22.9,64.79,0.76,2.59,22.01
20110912,27.69,34.3,23.15,66.87,25.7,1.96,20.17
20110913,27.24,34.89,21.82,57.6,0.2,3.18,20.68
20110914,27.76,34.57,22.47,59.28,0.08,2.81,21.29
20110915,27.89,34.5,22.88,64.67,5.7,2.63,20.1
20110916,28.77,35.99,23.39,64.2,0.43,1.9,22.53
20110917,28.74,35.25,22.99,64.39,0.92,1.58,23.39
20110918,28.43,35.1,22.65,65.42,0.0,1.52,23.24
20110919,29.47,36.84,23.3,61.9,0.07,1.27,24.19
20110920,29.26,36.03,24.2,63.32,0.04,1.72,18.17
20110921,27.71,33.6,23.24,66.62,8.32,2.21,19.35
20110922,28.57,35.96,21.96,63.67,0.01,1.42,23.24
20110923,28.86,36.33,22.69,58.2,0.0,1.62,22.78
20110924,29.04,37.59,21.24,61.12,2.22,0.78,23.54
20110925,29.81,36.08,24.43,62.12,0.18,0.87,23.2
20110926,30.14,36.33,24.73,60.09,4.86,0.98,23.54
20110927,29.7,36.09,23.71,61.03,0.03,0.97,22.97
20110928,29.89,36.4,23.62,59.72,0.0,0.88,21.38
20110929,29.11,34.13,24.7,61.76,6.1,1.24,21.16
20110930,27.19,30.78,24.66,77.45,27.58,1.12,19.26
20111001,26.73,29.91,24.15,80.39,5.78,0.85,21.21
20111002,27.56,31.78,23.63,75.2,4.7,0.63,22.45
20111003,28.3,33.59,23.43,70.73,3.59,0.92,22.04
20111004,28.19,33.24,24.66,71.96,5.11,1.02,22.54
20111005,27.34,31.91,23.65,73.95,6.12,1.09,22.41
20111006,27.88,33.45,22.96,71.87,3.71,1.21,22.99
20111007,27.44,32.31,23.21,75.51,2.87,0.88,21.39
20111008,28.75,34.75,23.23,68.63,0.76,0.66,22.39
20111009,28.78,34.92,23.29,67.91,2.03,0.95,21.69
20111010,28.26,33.28,24.51,71.64,0.1,0.77,20.71
20111011,27.75,32.66,24.09,72.0,1.12,1.21,15.42
20111012,26.25,29.31,23.64,77.0,14.74,0.82,18.28
20111013,26.59,30.71,23.17,79.89,12.05,1.18,20.49
20111014,27.27,31.97,23.43,77.9,4.03,0.9,17.34
20111015,26.83,30.69,24.08,80.72,2.47,1.05,18.12
20111016,25.92,28.74,24.12,87.79,11.28,0.95,18.76
20111017,25.33,28.45,23.18,85.17,8.43,1.22,18.23
20111018,25.48,29.58,22.49,85.38,24.32,1.04,19.53
20111019,26.6,30.93,23.03,80.06,2.49,0.96,20.96
20111020,27.19,32.7,22.49,75.06,0.06,1.27,20.76
20111021,27.19,32.88,23.05,74.83,0.19,1.11,21.5
20111022,26.25,30.99,23.43,82.19,4.0,1.46,18.22
20111023,24.81,27.91,22.4,85.93,2.72,1.41,14.83
20111024,25.6,30.73,21.42,83.01,5.51,1.78,18.74
20111025,24.76,28.37,22.11,85.17,10.62,2.26,12.96
20111026,24.58,27.58,23.01,88.67,9.25,3.01,5.73
20111027,25.32,29.63,22.52,85.25,9.03,2.1,15.38
20111028,24.84,28.49,22.04,87.24,5.53,2.36,15.84
20111029,23.92,26.31,22.23,89.47,23.3,2.63,16.2
20111030,23.45,26.17,21.77,93.09,14.45,2.37,15.53
20111031,24.48,28.14,21.48,89.12,7.31,2.03,10.12
20111101,24.02,25.66,22.92,94.66,10.25,2.48,5.8
20111102,23.83,25.99,22.08,89.23,2.07,1.15,8.6
20111103,24.78,28.22,21.59,81.21,17.16,0.97,15.19
20111104,24.93,29.8,20.82,78.48,1.46,0.98,18.89
20111105,25.38,29.48,22.41,84.45,3.09,1.04,17.16
20111106,25.42,28.88,22.98,87.03,4.35,0.92,18.55
20111107,25.2,29.91,21.32,86.91,1.74,1.79,18.79
20111108,22.98,28.77,18.47,81.55,0.0,1.96,22.59
20111109,22.37,28.45,17.1,79.12,0.0,1.92,22.49
20111110,22.57,28.65,16.67,75.16,0.0,1.75,22.29
20111111,23.84,29.29,18.35,79.52,0.01,1.67,18.43
20111112,24.41,28.56,21.2,84.18,0.0,1.62,20.57
20111113,24.29,29.59,20.04,81.18,0.07,1.72,18.88
20111114,24.72,29.72,20.83,85.28,0.73,2.13,17.15
20111115,24.15,29.67,20.11,81.91,0.17,2.31,21.57
20111116,23.82,30.07,19.37,80.27,3.29,2.28,18.13
20111117,24.55,29.41,20.96,85.85,5.22,2.68,11.85
20111118,25.12,30.09,21.44,85.76,4.78,2.61,17.62
20111119,23.99,28.99,20.33,83.11,2.68,3.0,18.06
20111120,23.38,28.2,19.65,82.67,0.61,3.17,16.95
20111121,24.28,29.26,20.51,82.88,0.95,3.17,14.19
20111122,24.2,29.1,21.0,82.11,0.74,3.21,16.64
20111123,24.17,29.44,19.8,82.85,1.59,3.48,18.39
20111124,24.46,27.91,21.51,89.75,15.95,3.95,13.64
20111125,24.49,26.35,23.45,93.81,32.44,4.04,9.04
20111126,24.66,26.61,23.52,93.68,25.94,4.41,12.22
20111127,24.34,26.42,22.72,93.43,13.05,2.75,12.57
20111128,24.3,27.55,22.45,91.99,7.53,1.5,15.55
20111129,24.88,28.91,21.79,88.48,1.35,1.52,16.58
20111130,24.95,28.93,22.46,90.37,2.86,2.49,13.78
20111201,24.73,28.82,21.74,87.55,2.33,1.64,11.58
20111202,24.63,28.97,21.61,86.35,0.28,1.2,17.28
20111203,24.74,29.94,21.0,81.83,0.25,0.84,17.06
20111204,24.15,28.86,20.64,85.74,0.32,1.07,17.67
20111205,23.43,28.41,19.3,84.49,0.08,1.64,19.84
20111206,22.72,28.08,18.88,85.59,0.0,2.0,20.25
20111207,22.17,27.54,17.8,83.36,0.0,2.59,19.98
20111208,22.45,27.98,17.35,84.41,0.17,2.22,16.26
20111209,24.07,29.17,19.91,87.61,0.73,1.86,15.46
20111210,24.69,29.37,20.78,86.66,0.82,1.93,18.65
20111211,24.45,28.5,20.95,87.16,0.5,1.94,16.22
20111212,23.35,26.58,20.9,89.56,0.19,2.01,17.17
20111213,23.72,27.49,21.02,87.68,1.08,2.94,11.25
20111214,23.77,27.87,20.97,87.12,1.62,3.15,17.18
20111215,23.8,28.36,20.36,87.25,2.55,2.05,15.39
20111216,23.63,28.46,20.31,82.22,0.9,2.99,18.58
20111217,22.67,28.46,18.19,78.61,0.02,2.96,20.26
20111218,22.18,27.41,18.27,83.65,3.51,3.49,13.14
20111219,22.03,25.75,19.2,84.97,2.71,2.84,10.76
20111220,21.84,26.22,19.05,82.21,0.04,2.87,12.07
20111221,22.3,27.89,18.15,80.63,0.0,2.89,18.44
20111222,22.46,27.7,18.5,78.83,0.0,2.85,17.1
20111223,22.2,26.81,18.08,80.57,0.02,2.28,9.92
20111224,22.45,29.09,18.21,78.42,0.16,2.43,18.85
20111225,22.23,29.44,16.46,78.11,0.02,2.44,20.14
20111226,22.07,29.37,15.98,72.69,0.0,2.14,19.1
20111227,23.79,31.5,17.08,59.24,0.0,1.35,14.14
20111228,24.48,32.3,17.56,54.98,0.0,0.97,14.98
20111229,25.21,33.46,17.52,60.02,0.61,1.44,15.34
20111230,25.46,31.2,21.76,78.39,11.01,2.06,12.44
20111231,24.39,28.89,19.56,84.59,4.44,3.09,13.38
20120101,23.37,30.63,18.37,78.85,0.04,1.47,21.71
20120102,24.75,31.56,20.25,79.03,0.0,1.1,20.4
20120103,25.17,31.82,20.99,79.06,0.01,1.53,20.86
20120104,25.39,31.78,20.22,81.24,0.0,2.2,16.19
20120105,25.5,31.73,21.19,80.41,0.0,2.15,19.19
20120106,24.67,31.26,20.17,79.08,0.0,2.28,19.73
20120107,23.8,30.15,19.54,79.29,0.02,2.21,20.46
20120108,24.65,31.48,20.04,81.54,1.26,2.88,14.69
20120109,25.51,31.8,21.14,79.67,0.35,1.89,18.98
20120110,25.46,32.17,20.98,76.06,0.39,1.84,19.57
20120111,24.54,30.98,19.71,77.72,2.55,1.6,19.18
20120112,24.53,31.11,19.71,75.91,0.23,2.02,18.4
20120113,24.15,30.32,19.42,76.47,0.01,2.6,20.02
20120114,23.65,30.56,18.68,73.0,0.01,2.8,19.01
20120115,21.99,29.94,16.51,70.32,0.0,2.72,20.93
20120116,21.21,29.67,14.35,70.55,0.0,2.17,22.8
20120117,21.6,30.13,14.75,69.22,0.0,1.87,20.12
20120118,22.28,31.15,15.29,64.1,0.0,1.51,22.54
20120119,23.15,31.64,16.87,65.71,0.0,1.52,22.2
20120120,23.37,31.84,17.29,66.56,0.0,1.36,22.27
20120121,23.41,31.55,16.78,69.98,0.0,1.77,22.28
20120122,22.59,30.34,16.45,70.31,0.0,2.32,21.8
20120123,22.59,30.99,15.36,70.25,0.0,2.59,22.61
20120124,23.01,31.16,16.78,65.81,0.0,2.34,21.38
20120125,22.36,30.52,14.92,68.25,0.0,2.26,22.5
20120126,23.53,31.84,16.3,66.81,0.08,2.32,22.05
20120127,24.14,31.69,17.49,71.23,0.15,1.97,20.24
20120128,24.59,31.74,19.37,70.87,0.0,2.18,19.06
20120129,24.64,31.91,19.0,67.57,0.0,2.19,20.28
20120130,24.58,31.87,18.81,66.19,0.14,2.61,20.95
20120131,23.89,31.3,17.63,68.57,0.75,2.7,15.95
20120201,23.86,31.63,17.85,66.79,0.01,3.26,21.15
20120202,23.88,31.19,16.98,69.32,0.01,3.38,17.71
20120203,25.02,32.42,19.48,65.67,0.0,3.66,17.14
20120204,25.43,33.51,18.93,63.84,0.0,2.89,18.78
20120205,25.05,32.32,19.35,68.93,0.0,2.59,18.91
20120206,24.98,30.87,20.48,73.94,0.0,2.29,18.48
20120207,27.04,34.47,21.95,65.51,0.0,2.53,20.59
20120208,26.25,32.51,21.73,69.68,0.0,1.97,19.26
20120209,26.83,33.0,21.86,71.5,0.0,1.81,15.66
20120210,26.72,33.19,22.55,68.98,0.1,2.06,16.61
20120211,26.16,32.71,21.99,69.54,0.14,1.89,20.25
20120212,26.49,34.71,20.68,63.95,0.0,2.27,21.81
20120213,26.13,34.63,19.53,66.03,0.0,2.42,22.2
20120214,26.68,35.18,20.39,66.11,0.0,2.32,21.27
20120215,26.87,34.06,21.58,63.71,0.0,1.62,18.71
20120216,27.75,35.76,21.19,60.09,0.0,1.88,22.34
20120217,26.72,33.96,21.79,64.66,0.0,1.78,21.62
20120218,25.86,32.78,20.94,63.64,0.0,2.38,22.21
20120219,25.69,34.84,18.53,63.17,0.0,2.6,22.9
20120220,25.96,36.05,17.66,57.75,0.0,2.3,23.48
20120221,26.68,35.57,18.99,56.62,0.0,2.18,23.76
20120222,26.13,35.26,18.6,54.6,0.0,2.47,22.39
20120223,25.7,35.76,17.77,56.34,0.0,2.64,21.69
20120224,25.15,34.17,17.14,53.15,0.0,2.4,24.8
20120225,26.02,36.31,17.73,49.28,0.0,2.82,22.8
20120226,26.3,36.25,17.64,48.6,0.0,2.48,24.04
20120227,27.35,37.27,18.64,50.07,0.0,2.31,24.19
20120228,28.63,37.88,20.56,56.73,0.0,2.05,23.03
20120229,30.5,39.37,22.98,54.87,0.0,2.04,22.85
20120301,30.16,38.51,23.17,58.33,0.0,2.32,23.01
20120302,30.78,39.3,24.07,52.82,0.0,2.21,23.26
20120303,31.28,39.26,24.62,50.45,0.0,2.02,22.64
20120304,30.82,38.47,24.6,51.29,0.0,2.46,23.22
20120305,29.72,37.36,23.58,57.87,0.0,2.29,20.38
20120306,30.22,38.78,23.54,51.59,0.0,1.83,22.96
20120307,30.63,39.3,23.51,48.15,0.0,1.65,22.44
20120308,30.82,37.77,25.12,49.37,0.0,1.06,21.59
20120309,30.53,36.2,25.78,46.76,0.0,1.73,19.96
20120310,30.53,37.51,25.48,49.73,0.0,1.97,19.45
20120311,29.55,36.87,24.13,53.53,0.02,2.72,22.27
20120312,27.31,31.97,24.1,66.63,1.9,2.09,13.69
20120313,28.91,36.5,23.35,63.18,0.92,2.75,19.46
20120314,29.72,37.34,23.87,58.16,0.03,2.48,22.23
20120315,30.16,38.2,23.95,57.45,0.84,2.45,21.26
20120316,30.27,37.57,24.01,55.96,0.2,1.92,21.01
20120317,30.65,39.1,24.07,50.86,0.0,2.16,24.88
20120318,30.25,39.25,22.53,47.31,0.0,2.07,25.08
20120319,30.77,40.11,23.63,43.02,0.0,2.14,25.37
20120320,30.75,40.11,22.92,45.38,0.0,2.37,25.21
20120321,30.64,39.6,23.27,50.23,0.0,2.41,24.44
20120322,30.94,39.7,23.99,50.38,0.06,2.33,23.28
20120323,30.48,39.13,23.97,49.53,0.01,1.92,24.63
20120324,29.58,38.84,22.71,44.18,0.0,2.04,26.79
20120325,28.81,37.89,20.96,44.85,0.0,2.11,26.54
20120326,28.49,37.23,20.84,45.17,0.0,2.09,25.63
20120327,29.03,36.61,22.61,58.28,0.15,2.14,23.25
20120328,30.54,38.26,24.48,54.53,0.29,2.4,22.09
20120329,29.45,34.09,25.2,58.33,0.06,1.71,23.45
20120330,31.69,39.98,24.32,48.05,0.01,1.19,22.18
20120331,31.11,38.48,25.18,52.02,6.87,2.23,22.79
20120401,28.59,34.96,24.33,69.34,13.08,1.63,23.31
20120402,28.0,34.11,24.0,66.04,0.07,1.66,23.5
20120403,28.9,36.8,22.68,59.96,0.0,1.69,24.16
20120404,29.79,38.0,22.69,57.31,0.02,1.75,25.23
20120405,30.6,39.31,22.98,54.54,0.01,1.89,25.9
20120406,31.02,39.79,23.65,53.11,0.04,2.04,25.5
20120407,30.84,39.14,23.78,56.95,0.02,2.26,25.29
20120408,30.82,39.01,24.24,57.53,0.0,2.45,24.12
20120409,31.05,38.56,24.81,55.82,0.08,2.08,24.14
20120410,31.63,39.88,25.05,53.81,0.02,2.43,22.73
20120411,31.73,39.78,24.96,53.39,0.03,2.66,24.03
20120412,31.91,39.24,25.34,51.06,0.11,2.27,20.64
20120413,30.99,37.58,25.76,54.13,0.02,2.21,22.07
20120414,28.87,33.1,25.25,65.98,0.78,1.71,18.3
20120415,29.14,34.36,24.59,63.82,0.17,2.01,20.26
20120416,30.05,37.28,24.66,60.48,0.01,1.97,24.39
20120417,32.37,40.26,24.52,48.6,0.01,1.57,24.74
20120418,32.73,40.33,26.61,45.78,0.0,2.55,24.46
20120419,31.7,37.85,27.03,51.37,0.0,2.1,23.64
20120420,30.89,36.72,25.64,53.99,0.06,2.29,21.83
20120421,32.76,40.66,26.51,46.89,0.03,2.56,22.19
20120422,32.47,39.5,26.03,48.49,0.01,2.13,24.54
20120423,32.17,38.18,26.84,50.1,0.29,1.95,20.6
20120424,29.17,32.49,26.02,69.71,28.36,1.02,8.63
20120425,26.55,30.4,23.86,80.45,4.74,1.88,19.75
20120426,27.38,31.77,23.76,76.28,9.69,1.0,16.87
20120427,28.11,32.47,24.89,74.19,2.42,1.53,20.07
20120428,28.92,34.66,24.48,67.29,0.05,2.01,24.19
20120429,28.55,33.36,24.07,70.85,1.57,1.71,21.89
20120430,29.11,33.6,25.07,70.92,0.85,1.12,22.33
20120501,29.25,33.89,25.5,70.4,5.24,1.51,22.99
20120502,29.36,33.7,25.1,67.94,0.09,1.08,23.85
20120503,29.97,35.66,24.73,65.73,0.14,1.57,25.47
20120504,28.61,33.19,25.52,71.64,0.41,2.05,23.73
20120505,29.18,35.29,25.1,63.84,0.13,2.24,22.42
20120506,30.69,38.71,23.34,56.74,0.0,1.66,22.4
20120507,31.57,39.52,25.34,56.2,4.66,1.37,22.84
20120508,29.98,34.89,25.5,69.68,23.35,0.85,22.58
20120509,30.72,37.41,24.69,61.68,1.79,1.23,21.21
20120510,29.93,35.81,24.49,65.3,20.95,1.07,22.05
20120511,29.46,34.05,25.21,70.08,5.18,0.9,17.81
20120512,29.73,35.03,25.24,67.06,0.37,1.01,22.3
20120513,30.31,36.34,25.05,63.87,0.0,1.38,22.75
20120514,29.85,34.86,25.22,67.61,0.49,1.21,19.4
20120515,29.75,34.5,25.69,68.97,1.55,1.5,24.01
20120516,30.75,37.5,24.68,64.36,0.07,1.28,24.43
20120517,30.71,36.09,25.76,64.51,0.0,1.6,23.95
20120518,28.8,32.61,25.92,71.75,0.45,1.31,23.27
20120519,30.97,36.69,26.29,64.8,0.1,1.46,21.55
20120520,29.92,34.87,25.94,67.26,0.48,0.95,20.46
20120521,28.43,32.74,24.82,66.55,0.46,2.7,21.05
20120522,28.3,33.16,24.23,67.59,0.0,1.61,20.8
20120523,29.75,35.89,24.79,61.27,0.02,1.97,21.71
20120524,30.74,38.39,24.72,58.72,0.0,2.51,20.81
20120525,28.94,34.61,25.93,65.05,0.0,2.19,21.63
20120526,26.99,29.47,25.2,72.83,0.0,2.02,20.49
20120527,29.72,36.44,24.73,64.05,0.0,2.69,20.06
20120528,30.06,36.01,25.22,62.0,0.0,2.06,21.16
20120529,28.52,32.67,25.65,68.81,0.0,2.15,22.0
20120530,29.52,34.48,24.87,64.22,0.0,1.93,20.04
20120531,29.91,36.61,25.23,61.02,0.0,2.9,19.18
20120601,29.99,37.2,24.9,55.93,0.0,2.71,20.93
20120602,31.53,40.13,24.77,55.09,0.0,2.34,22.67
20120603,30.51,37.5,25.73,62.56,10.3,2.97,22.65
20120604,29.53,35.6,25.45,67.34,0.37,2.41,23.6
20120605,29.74,37.01,24.32,57.84,0.04,3.49,24.12
20120606,28.7,35.14,23.56,57.13,0.1,3.89,22.46
20120607,28.25,33.23,24.52,60.74,0.04,3.7,22.69
20120608,29.65,37.88,23.73,54.95,0.07,3.17,21.42
20120609,29.24,35.64,23.99,54.28,0.01,3.64,21.21
20120610,29.1,34.95,24.19,58.61,0.0,2.83,20.6
20120611,30.26,38.77,22.83,54.47,0.0,2.59,19.65
20120612,30.03,37.92,23.4,54.68,0.02,3.34,20.08
20120613,28.22,34.34,23.55,57.72,5.14,2.48,20.24
20120614,27.75,33.99,23.83,67.98,11.09,2.22,22.19
20120615,29.19,37.32,22.99,63.18,1.25,2.42,22.87
20120616,28.96,35.5,25.17,63.31,2.56,3.13,21.31
20120617,27.56,33.45,24.15,60.13,6.41,4.15,17.74
20120618,27.41,33.18,22.71,60.68,0.21,3.72,12.56
20120619,28.76,34.86,24.21,61.22,0.18,3.43,20.04
20120620,27.89,32.79,24.51,63.25,0.0,3.35,17.6
20120621,27.9,33.78,22.91,63.49,0.24,2.75,21.94
20120622,28.89,35.99,23.23,60.41,0.02,2.9,22.95
20120623,30.38,38.66,23.06,56.31,0.0,2.16,24.27
20120624,30.59,37.4,24.32,56.08,0.0,1.52,24.16
20120625,30.21,36.78,24.74,57.27,0.0,1.15,22.75
20120626,29.77,35.47,24.55,59.36,0.51,1.26,22.17
20120627,29.44,35.8,25.24,55.59,0.04,2.0,19.0
20120628,27.68,31.92,24.18,63.93,0.85,1.87,22.56
20120629,28.31,33.44,23.56,62.64,0.04,2.27,22.63
20120630,28.65,34.78,24.15,58.45,0.04,3.07,22.14
20120701,28.42,33.87,23.87,58.18,0.18,3.65,18.77
20120702,27.7,32.82,24.38,60.26,0.22,3.77,17.62
20120703,29.15,35.77,24.06,53.67,0.03,4.25,22.14
20120704,29.95,38.0,23.52,54.25,0.0,3.39,24.28
20120705,30.84,39.22,23.53,52.13,0.0,2.68,24.7
20120706,30.84,38.38,24.04,51.58,0.0,2.12,24.31
20120707,30.34,36.69,25.31,54.11,0.01,2.38,22.49
20120708,30.53,36.37,25.72,52.51,0.01,2.53,20.85
20120709,29.2,33.58,26.19,59.35,0.75,2.39,22.35
20120710,29.66,35.24,25.45,55.54,0.21,3.0,21.63
20120711,30.41,37.58,24.82,51.81,0.09,3.71,23.15
20120712,30.59,36.72,25.64,52.34,0.2,3.26,22.75
20120713,30.44,36.88,25.87,56.58,9.64,2.61,19.99
20120714,28.06,32.11,24.83,67.36,1.79,1.74,18.02
20120715,28.55,32.55,24.86,64.95,0.83,1.2,14.8
20120716,27.99,31.54,25.19,67.14,0.72,0.99,18.9
20120717,28.93,33.21,25.12,66.06,5.2,0.49,21.51
20120718,29.37,36.17,23.58,58.61,0.02,1.62,21.07
20120719,28.88,35.84,23.63,58.62,0.0,2.59,22.88
20120720,29.46,37.52,22.84,59.54,0.02,3.02,21.33
20120721,29.21,35.31,24.35,58.15,0.01,3.38,19.74
20120722,30.38,37.59,24.85,53.15,0.04,4.09,21.31
20120723,30.48,37.01,25.46,53.0,0.01,3.12,21.69
20120724,30.73,37.14,25.06,52.18,0.01,2.72,21.59
20120725,30.65,37.75,25.03,52.69,0.02,3.63,19.64
20120726,30.94,38.48,25.27,50.93,0.0,3.91,21.98
20120727,30.32,36.14,24.97,51.72,0.0,3.22,22.8
20120728,30.65,37.13,25.61,51.16,0.01,3.27,22.62
20120729,29.72,35.37,24.96,54.4,0.0,2.84,22.36
20120730,30.26,37.93,24.2,51.55,0.0,2.84,22.91
20120731,29.68,36.61,24.01,53.44,0.0,2.97,23.25
20120801,30.66,39.91,23.1,49.49,0.0,2.41,24.82
20120802,30.55,39.56,23.15,51.9,0.0,3.06,22.93
20120803,31.03,39.02,24.77,50.33,0.0,3.3,20.25
20120804,30.9,38.92,24.84,49.86,0.01,3.62,21.27
20120805,30.89,38.86,23.96,51.66,0.08,3.45,22.68
20120806,30.8,37.08,24.69,49.56,0.02,3.07,21.01
20120807,30.62,37.5,25.11,48.66,2.92,2.7,20.39
20120808,29.28,34.5,25.32,59.21,1.95,2.53,18.64
20120809,28.86,33.92,24.67,60.03,0.11,2.88,16.06
20120810,29.3,35.7,24.35,56.2,0.11,3.05,14.58
20120811,28.45,36.02,24.69,64.37,15.18,2.05,22.03
20120812,27.81,32.57,23.83,69.33,0.11,1.75,22.43
20120813,28.46,33.33,24.3,65.13,0.03,1.17,23.14
20120814,28.52,34.86,23.78,60.4,0.68,1.69,22.24
20120815,28.35,35.02,23.47,65.11,4.9,1.88,19.2
20120816,27.24,31.98,24.06,73.47,16.93,1.37,20.97
20120817,26.78,31.9,23.45,73.57,5.69,2.01,17.53
20120818,27.27,33.3,23.12,66.55,0.08,2.49,20.51
20120819,28.56,36.25,22.93,56.31,0.01,2.8,24.34
20120820,29.62,36.99,22.18,56.64,0.0,1.28,25.31
20120821,29.13,35.04,23.77,61.45,8.02,0.98,22.83
20120822,28.99,34.73,24.05,63.56,0.08,1.33,22.5
20120823,29.66,35.98,24.27,62.38,0.24,1.91,24.17
20120824,28.95,34.71,23.84,67.28,21.55,0.96,21.83
20120825,27.77,31.6,24.49,72.13,0.15,1.79,20.74
20120826,27.03,30.8,23.93,71.52,0.03,2.08,20.1
20120827,28.14,35.67,22.41,60.58,0.06,2.5,19.56
20120828,28.76,36.37,22.7,61.22,0.38,2.19,20.53
20120829,27.48,32.42,23.81,68.11,0.51,2.5,21.91
20120830,26.63,31.43,23.25,73.41,0.16,1.94,18.31
20120831,27.25,32.71,23.59,71.35,0.67,2.92,18.4
20120901,28.36,35.44,22.83,62.89,0.04,2.39,19.88
20120902,29.49,37.24,23.18,58.99,0.41,2.75,23.1
20120903,28.16,32.8,24.64,68.69,0.16,2.28,18.27
20120904,27.56,33.42,23.2,62.99,0.07,3.41,16.55
20120905,29.88,38.71,22.42,58.18,0.21,1.84,22.82
20120906,29.81,37.49,23.69,62.06,2.47,1.41,23.45
20120907,29.09,35.4,24.17,63.99,2.44,1.81,19.21
20120908,28.31,34.56,23.49,61.1,1.44,2.21,16.2
20120909,27.24,31.84,23.88,66.54,2.97,2.29,19.79
20120910,27.76,33.87,22.79,57.9,0.01,2.95,19.18
20120911,28.31,35.28,22.78,54.82,0.63,2.49,21.92
20120912,29.07,37.02,22.31,55.24,0.01,2.28,22.98
20120913,29.33,36.5,23.92,60.35,0.54,1.67,23.73
20120914,29.39,35.89,24.67,61.5,0.5,2.3,22.64
20120915,28.78,34.28,24.37,62.83,1.62,2.21,20.4
20120916,29.71,37.52,23.84,54.33,0.92,2.43,22.96
20120917,29.93,37.7,24.01,59.32,4.81,1.32,23.65
20120918,29.16,35.46,23.96,63.49,5.31,1.51,20.94
20120919,29.55,35.94,23.66,61.56,0.13,1.02,21.24
20120920,30.71,37.92,24.3,56.84,0.11,1.4,19.52
20120921,30.24,35.9,25.37,57.58,0.23,1.41,20.33
20120922,30.52,37.43,25.52,57.22,0.8,2.08,22.65
20120923,30.01,36.7,24.14,57.36,0.2,1.81,16.43
20120924,30.2,37.5,24.6,58.7,7.21,1.18,22.39
20120925,29.59,37.0,23.29,58.88,0.64,1.03,21.42
20120926,29.41,34.82,24.29,60.35,1.07,0.97,21.52
20120927,27.59,31.56,24.15,72.4,10.39,1.21,19.78
20120928,27.47,31.79,23.63,72.33,8.95,1.08,22.29
20120929,28.46,34.47,23.54,64.91,1.6,1.22,22.84
20120930,28.26,34.4,23.26,66.29,4.33,1.63,23.19
20121001,27.81,35.62,21.27,63.89,0.04,2.05,23.68
20121002,28.31,36.61,20.92,63.22,0.0,2.34,25.58
20121003,29.48,38.08,22.35,60.43,0.0,1.97,25.25
20121004,29.66,38.36,21.4,59.15,0.0,1.42,25.58
20121005,30.34,38.27,23.1,56.0,0.0,1.14,25.27
20121006,30.06,36.63,23.87,57.01,0.0,1.33,24.08
20121007,28.22,32.32,25.2,72.86,27.47,1.09,22.71
20121008,27.48,31.47,24.0,76.62,5.17,0.86,20.08
20121009,27.31,32.57,23.49,74.38,6.09,1.59,17.78
20121010,28.37,35.19,23.44,68.77,1.24,1.09,21.33
20121011,28.35,33.88,24.57,70.16,1.85,1.25,20.88
20121012,26.92,30.88,24.09,79.05,1.92,1.42,19.95
20121013,26.77,31.04,23.39,77.33,0.77,1.63,17.8
20121014,25.78,29.93,23.16,84.56,24.17,1.82,20.54
20121015,25.74,29.97,22.76,82.95,8.05,1.67,11.1
20121016,25.33,29.28,22.9,84.77,11.12,1.47,16.58
20121017,25.73,30.82,22.15,81.13,14.36,1.53,14.96
20121018,25.95,31.08,22.53,81.57,10.62,2.21,18.61
20121019,24.77,27.61,22.97,90.21,25.21,2.23,11.3
20121020,23.94,26.78,22.21,90.56,7.39,3.54,11.02
20121021,24.5,27.2,22.22,91.21,16.71,2.38,17.96
20121022,25.07,28.4,22.95,89.33,10.02,2.11,15.13
20121023,25.13,28.35,22.52,89.21,10.39,2.14,9.61
20121024,25.0,28.07,22.67,88.66,7.41,1.61,15.17
20121025,25.18,29.27,22.14,86.51,0.4,1.61,21.64
20121026,25.68,30.37,21.94,85.16,0.56,1.95,17.48
20121027,25.56,29.9,21.69,83.89,1.51,2.2,16.98
20121028,25.6,29.99,22.38,84.55,4.91,2.88,17.28
20121029,25.02,28.52,22.85,86.88,5.14,2.31,7.04
20121030,24.11,26.86,22.35,87.65,3.93,1.89,8.21
20121031,24.1,27.46,21.55,84.74,16.32,2.37,7.94
20121101,24.74,27.82,22.52,89.3,0.46,3.58,13.16
20121102,25.93,31.63,21.15,81.27,0.05,1.93,18.92
20121103,26.39,32.4,20.7,74.98,0.0,1.47,22.38
20121104,25.86,31.12,21.02,76.77,0.0,1.33,22.35
20121105,25.97,31.47,21.55,78.44,0.0,1.16,20.82
20121106,25.8,30.8,22.24,81.94,1.0,1.31,19.26
20121107,25.57,30.24,22.49,84.52,1.08,1.15,18.63
20121108,25.43,29.31,22.63,84.37,2.84,0.9,15.91
20121109,25.31,29.0,22.46,85.34,1.71,1.27,16.82
20121110,25.69,31.24,21.32,82.39,0.1,1.83,20.73
20121111,25.12,30.29,21.43,79.0,0.07,1.94,19.23
20121112,24.71,30.8,19.64,79.61,0.0,2.03,20.77
20121113,24.36,30.7,19.64,76.62,0.0,2.12,20.55
20121114,23.57,30.77,18.68,69.21,0.0,2.26,21.25
20121115,23.2,31.15,16.71,69.57,0.0,1.95,21.37
20121116,23.48,31.21,18.24,70.29,0.0,2.03,17.48
20121117,24.54,31.97,18.95,73.19,0.04,1.53,19.11
20121118,25.7,32.64,20.25,70.95,0.0,0.96,19.96
20121119,26.29,32.58,22.27,75.62,0.0,1.15,19.72
20121120,26.4,32.75,22.27,73.58,0.0,1.04,20.77
20121121,27.09,33.76,21.5,72.14,0.0,1.14,19.02
20121122,27.33,33.09,22.99,74.3,1.42,0.82,16.96
20121123,26.82,31.49,23.45,81.01,7.89,1.43,15.09
20121124,25.69,29.71,23.11,82.42,4.01,2.27,11.59
20121125,24.85,28.21,22.61,88.02,4.26,2.5,7.52
20121126,24.65,28.31,22.46,84.26,0.21,2.36,14.82
20121127,25.28,31.08,21.47,77.57,0.0,2.68,17.32
20121128,24.67,31.33,20.24,73.72,0.0,2.48,20.07
20121129,24.05,30.85,19.0,72.41,0.0,2.15,20.02
20121130,23.27,30.45,18.7,73.06,0.0,1.93,20.71
20121201,23.51,30.99,17.9,70.48,0.0,2.02,20.67
20121202,23.97,31.53,18.1,71.79,0.04,2.26,20.25
20121203,25.21,31.9,19.63,79.06,1.11,2.69,17.95
20121204,25.31,29.5,22.74,84.74,0.32,2.61,16.98
20121205,25.89,32.19,21.02,77.53,0.05,2.72,15.76
20121206,26.07,31.2,22.96,81.09,4.92,3.03,8.5
20121207,25.64,32.08,21.16,78.82,0.43,2.67,16.23
20121208,25.73,32.17,20.61,78.5,0.05,2.15,15.65
20121209,25.0,32.18,20.05,74.63,1.31,1.73,19.53
20121210,24.18,32.26,18.34,74.06,0.0,1.75,21.89
20121211,24.69,32.16,19.46,75.67,0.0,1.71,19.08
20121212,25.16,32.87,20.12,74.19,0.0,1.7,20.33
20121213,25.31,32.93,19.5,72.22,0.0,1.9,21.15
20121214,24.87,32.08,20.05,73.66,0.0,2.41,19.77
20121215,24.18,30.94,17.93,74.85,0.0,2.99,16.49
20121216,24.49,30.5,20.26,70.38,0.0,3.65,13.5
20121217,24.81,31.13,20.16,67.27,0.0,4.38,11.31
20121218,24.76,30.8,20.88,71.5,0.18,3.66,12.37
20121219,24.92,31.11,19.91,73.27,0.7,2.99,11.16
20121220,25.51,31.37,21.04,75.37,0.14,3.25,14.0
20121221,25.94,32.07,22.04,72.84,0.13,3.31,14.49
20121222,25.06,31.55,20.19,69.95,0.01,3.13,15.49
20121223,25.28,32.56,20.27,67.53,0.01,3.53,17.26
20121224,25.6,32.36,20.36,69.9,0.04,3.1,18.68
20121225,25.53,31.36,21.4,74.11,0.47,3.62,11.72
20121226,25.95,32.66,21.76,75.08,2.11,3.39,11.63
20121227,24.75,29.83,21.66,82.76,3.54,3.51,5.62
20121228,24.48,27.89,22.22,86.89,1.24,2.92,13.41
20121229,25.71,30.57,22.99,84.94,1.56,3.28,13.4
20121230,26.72,32.25,22.93,78.7,0.29,2.13,17.75
20121231,26.78,33.51,22.84,72.51,0.04,2.43,17.67
20130101,26.61,33.6,21.04,70.65,0.0,2.06,18.75
20130102,25.62,33.84,19.71,66.5,0.0,1.9,19.01
20130103,26.15,34.17,19.7,70.07,0.0,2.04,19.23
20130104,26.68,33.62,21.11,70.06,0.0,1.57,17.01
20130105,26.7,33.44,21.99,70.69,0.0,1.94,18.02
20130106,26.99,33.63,22.13,69.89,0.0,2.28,16.7
20130107,26.56,33.73,21.39,66.86,0.79,2.52,16.57
20130108,25.64,31.19,21.48,78.53,4.85,2.16,7.08
20130109,25.18,29.82,22.14,77.59,0.75,2.37,6.26
20130110,25.36,32.57,20.64,69.22,0.01,2.42,19.96
20130111,25.07,33.11,19.33,68.29,0.0,2.43,20.24
20130112,24.71,33.01,18.36,66.58,0.0,2.33,17.76
20130113,24.39,33.03,18.37,62.12,0.0,2.44,18.43
20130114,23.46,30.24,18.04,65.6,0.0,1.92,21.61
20130115,24.44,33.09,17.95,67.92,0.0,2.31,20.57
20130116,24.34,32.67,17.64,67.04,0.0,2.5,20.77
20130117,24.45,32.75,17.51,65.74,0.0,2.54,17.64
20130118,24.96,32.96,17.49,65.46,0.0,2.39,19.06
20130119,25.38,33.92,18.72,61.1,0.0,2.5,20.8
20130120,25.56,34.07,17.94,64.02,0.01,2.25,21.02
20130121,26.5,34.41,20.87,62.48,0.0,2.59,19.75
20130122,25.7,34.39,18.6,56.9,0.0,2.67,23.2
20130123,26.04,34.52,19.06,62.05,0.0,2.61,20.94
20130124,26.14,34.18,19.98,61.38,0.0,2.45,20.74
20130125,25.99,34.28,20.31,59.29,0.0,2.75,20.99
20130126,25.65,33.96,18.76,57.81,0.0,2.67,22.24
20130127,25.74,33.78,19.03,61.15,0.0,2.59,22.48
20130128,26.38,34.79,19.36,59.36,0.0,2.26,21.21
20130129,26.67,34.83,20.0,59.38,0.0,1.87,21.25
20130130,26.72,34.79,20.45,60.81,0.0,2.53,21.27
20130131,26.18,34.58,20.57,59.5,0.0,3.11,21.53
20130201,25.19,34.48,17.26,55.44,0.0,2.65,22.31
20130202,25.57,34.35,18.9,59.43,0.0,2.45,23.17
20130203,25.89,34.38,19.36,59.39,0.0,2.63,22.42
20130204,26.82,35.27,20.47,62.05,0.02,2.25,21.49
20130205,27.23,33.8,22.2,68.17,0.57,2.52,10.26
20130206,27.86,34.75,22.56,63.81,0.4,2.75,15.62
20130207,28.48,36.92,22.22,55.53,0.0,2.02,22.83
20130208,28.67,36.85,22.53,60.36,0.0,2.0,21.19
20130209,28.45,36.67,22.53,59.66,0.0,2.56,20.64
20130210,27.92,36.21,22.1,57.68,0.0,3.19,21.55
20130211,27.63,34.69,22.12,60.99,0.9,3.85,17.76
20130212,27.94,34.44,22.26,60.79,0.68,3.76,18.9
20130213,26.0,30.05,23.57,73.97,3.54,2.99,13.53
20130214,25.32,30.85,22.34,76.73,8.2,2.14,7.04
20130215,25.55,31.22,22.06,73.79,1.33,1.76,13.31
20130216,27.66,35.51,21.29,65.61,0.22,1.89,20.68
20130217,29.01,36.61,21.89,59.87,0.66,1.26,22.38
20130218,28.91,35.66,23.96,63.41,2.67,1.51,18.85
20130219,26.57,30.45,23.84,76.81,5.03,2.23,14.83
20130220,27.46,35.14,22.14,65.93,0.22,2.35,21.88
20130221,27.05,35.24,21.73,59.85,0.0,2.95,24.31
20130222,26.34,35.11,19.75,60.74,0.0,2.63,24.43
20130223,26.7,35.45,20.22,60.32,0.0,2.33,23.89
20130224,26.83,35.58,20.21,59.22,0.0,2.0,24.44
20130225,26.79,35.96,20.02,55.02,0.0,1.87,24.44
20130226,26.34,35.82,17.67,52.68,0.0,2.14,25.49
20130227,27.12,36.59,18.38,51.45,0.0,2.26,25.31
20130228,28.03,36.74,19.88,51.71,0.0,2.19,24.18
20130301,28.24,37.56,20.9,50.76,0.0,2.44,24.29
20130302,27.56,37.39,19.28,52.59,0.0,2.96,23.5
20130303,27.88,37.95,19.73,50.94,0.0,2.79,23.11
20130304,27.95,36.72,20.02,59.95,1.14,3.17,17.56
20130305,26.67,31.23,23.89,76.91,11.57,3.29,9.76
20130306,26.86,32.11,23.44,77.62,5.13,2.62,19.82
20130307,27.86,34.13,23.38,71.76,0.55,3.29,20.82
20130308,26.59,30.99,23.1,75.62,2.28,2.13,16.96
20130309,27.84,34.31,23.1,71.88,0.67,1.97,20.38
20130310,28.77,36.15,23.44,63.39,0.0,1.75,22.63
20130311,28.63,36.75,22.89,59.92,0.05,2.0,22.61
20130312,28.35,36.46,22.16,55.03,0.0,1.74,23.25
20130313,28.89,37.73,22.23,49.74,0.0,1.82,24.41
20130314,28.13,35.92,21.98,56.41,0.0,1.79,24.94
20130315,28.5,37.0,21.84,61.78,0.93,2.2,20.27
20130316,28.35,35.67,23.2,62.23,1.99,2.34,20.83
20130317,29.43,37.79,22.62,57.29,0.0,2.18,23.86
20130318,29.52,38.23,22.86,53.23,0.0,2.0,24.08
20130319,29.06,37.3,22.13,56.35,0.0,1.94,25.1
20130320,30.05,38.01,23.85,55.83,0.0,2.2,24.43
20130321,29.76,38.16,23.14,52.49,0.0,2.08,24.9
20130322,29.91,39.19,22.11,44.9,0.0,2.26,25.71
20130323,29.64,38.65,22.44,43.3,0.0,2.19,25.71
20130324,29.81,38.55,22.65,49.54,0.03,2.32,23.89
20130325,30.5,38.72,24.03,51.01,0.11,1.88,21.53
20130326,31.08,39.34,24.3,53.13,0.07,2.42,23.96
20130327,31.14,39.22,24.77,54.14,0.02,2.48,24.57
20130328,31.62,40.01,24.14,52.48,0.0,2.37,23.93
20130329,32.24,40.32,25.48,52.08,0.02,2.16,24.04
20130330,31.25,37.44,25.89,57.04,0.0,2.06,21.65
20130331,31.15,37.76,25.76,57.8,0.0,2.32,22.66
20130401,31.91,40.49,24.88,51.7,0.0,2.19,25.45
20130402,32.4,40.79,25.96,50.65,0.0,2.5,23.21
20130403,31.4,38.69,26.28,55.68,0.0,2.68,21.01
20130404,32.79,41.49,25.0,50.01,0.0,2.01,23.89
20130405,33.34,40.57,26.86,45.83,0.0,1.79,24.75
20130406,33.95,42.22,27.41,44.42,0.0,2.08,24.43
20130407,33.51,41.2,28.09,47.94,0.0,2.28,24.34
20130408,32.15,39.52,27.06,53.53,0.0,2.7,24.55
20130409,31.79,39.7,25.16,55.84,0.03,3.03,23.43
20130410,31.89,40.09,25.27,50.53,0.0,2.84,24.8
20130411,31.99,39.8,25.51,50.34,0.0,2.3,24.78
20130412,31.91,39.78,25.71,53.06,0.05,2.73,24.82
20130413,32.21,40.34,25.46,51.83,0.05,2.54,20.53
20130414,31.5,36.66,27.38,56.76,0.09,2.46,23.02
20130415,30.48,34.43,27.15,59.58,4.78,1.04,20.62
20130416,32.55,40.52,24.93,50.32,0.14,1.63,24.75
20130417,33.05,39.93,26.91,49.78,0.08,1.89,24.34
20130418,32.61,39.09,27.52,48.08,0.0,1.39,22.46
20130419,33.7,41.75,27.09,41.87,0.0,2.59,25.8
20130420,33.14,41.39,26.06,46.98,0.0,1.59,25.6
20130421,32.37,39.5,27.03,49.47,0.92,2.32,25.06
20130422,32.42,39.87,26.23,49.59,0.18,2.49,24.45
20130423,32.5,40.01,26.24,50.02,0.06,2.59,23.67
20130424,31.3,36.73,26.73,56.73,4.24,1.67,23.32
20130425,30.4,35.06,26.48,61.12,1.9,2.1,22.61
20130426,29.7,34.62,26.07,64.43,0.15,1.95,17.8
20130427,31.18,38.58,25.03,57.16,0.0,2.15,20.75
20130428,32.87,39.91,26.19,50.48,0.05,1.87,25.11
20130429,32.98,38.52,27.75,50.3,1.14,1.55,23.47
20130430,31.1,35.79,27.6,60.6,0.26,2.13,24.4
20130501,30.36,36.23,26.14,59.53,1.22,1.98,20.05
20130502,31.68,38.79,25.11,55.24,0.45,2.11,22.04
20130503,32.08,37.66,27.11,53.95,0.0,2.24,18.78
20130504,32.79,39.28,27.38,52.17,0.06,1.74,20.65
20130505,31.87,37.71,27.8,54.52,0.01,1.86,18.66
20130506,31.18,36.41,26.75,56.71,0.07,1.35,20.61
20130507,31.59,36.92,26.89,55.34,4.04,1.08,19.48
20130508,32.29,39.3,26.69,52.35,2.66,1.77,20.08
20130509,32.12,38.91,26.38,50.53,0.16,2.49,24.19
20130510,32.67,39.62,26.78,47.55,0.0,2.08,22.83
20130511,33.89,41.23,27.82,45.31,0.01,2.44,20.04
20130512,32.58,38.51,27.45,47.87,0.23,2.59,20.95
20130513,28.85,33.4,25.56,60.41,0.03,1.68,10.74
20130514,30.97,36.3,26.0,52.68,0.01,2.38,19.44
20130515,32.84,40.35,26.9,44.78,0.0,2.09,20.56
20130516,31.79,36.44,27.54,46.75,0.0,1.81,22.22
20130517,33.36,41.15,27.74,43.53,0.0,1.79,22.72
20130518,33.18,40.25,27.0,43.58,0.0,1.93,24.9
20130519,33.91,41.13,27.23,43.9,0.51,2.05,24.88
20130520,32.18,37.3,28.06,52.35,0.33,2.35,22.05
20130521,32.46,39.61,26.87,43.44,0.02,2.72,23.85
20130522,33.03,39.94,26.56,46.46,0.03,3.24,24.46
20130523,32.84,39.79,26.89,48.56,0.02,3.18,23.21
20130524,32.47,38.83,27.24,51.69,0.04,3.16,21.87
20130525,31.22,36.1,27.12,51.13,3.97,3.65,22.32
20130526,28.92,35.62,25.11,56.81,0.34,3.26,22.01
20130527,29.27,35.39,24.99,60.33,0.04,2.62,22.86
20130528,28.73,31.87,26.03,60.79,0.02,2.52,21.23
20130529,29.29,34.35,25.34,58.31,0.01,1.97,22.11
20130530,29.5,35.73,25.11,60.84,17.12,1.52,22.78
20130531,27.51,31.42,24.38,71.58,4.13,2.34,18.64
20130601,27.99,33.51,23.94,66.44,0.26,2.55,18.3
20130602,28.46,34.96,24.23,61.52,0.79,3.88,20.88
20130603,29.62,36.17,24.9,58.85,0.08,3.18,19.4
20130604,29.99,36.76,24.83,57.84,0.52,2.19,22.56
20130605,30.27,37.64,24.35,55.33,0.01,2.7,22.14
20130606,29.66,35.88,24.79,60.83,1.55,1.9,21.56
20130607,28.62,33.86,24.7,63.33,0.51,2.63,20.42
20130608,27.85,32.51,24.66,65.01,0.11,2.74,19.17
20130609,29.11,35.04,24.46,56.47,0.04,3.4,20.07
20130610,29.52,36.31,24.82,53.5,0.02,3.51,19.75
20130611,29.02,34.75,25.87,57.86,0.25,3.76,20.52
20130612,28.08,32.32,25.59,55.74,0.15,4.81,14.5
20130613,29.05,34.52,24.61,51.2,0.05,5.25,14.61
20130614,29.66,33.71,26.55,55.7,0.01,4.36,20.27
20130615,30.21,36.26,25.9,54.61,0.39,4.57,18.14
20130616,29.95,34.49,26.25,55.23,0.27,4.6,20.77
20130617,28.52,32.98,25.85,55.28,0.24,4.48,16.12
20130618,28.78,33.96,24.38,53.85,0.47,3.81,16.88
20130619,29.44,35.35,25.14,55.77,0.51,4.12,16.32
20130620,29.49,35.81,25.16,53.73,0.06,3.98,21.5
20130621,29.34,35.18,25.41,54.58,0.34,4.43,17.82
20130622,28.47,33.52,25.07,52.8,0.42,4.99,15.49
20130623,29.49,35.62,24.7,52.91,0.19,5.0,14.52
20130624,29.74,34.69,26.46,56.42,0.21,4.38,15.72
20130625,29.73,35.44,25.44,57.12,0.23,3.94,19.93
20130626,29.26,33.94,25.19,58.35,0.91,3.16,20.79
20130627,30.28,36.74,25.13,53.7,0.73,2.93,21.0
20130628,29.79,35.88,24.92,50.13,0.05,2.46,17.51
20130629,30.38,36.58,24.9,49.75,0.25,1.95,22.25
20130630,30.28,37.7,24.64,51.17,0.07,3.26,21.9
20130701,28.53,33.35,25.16,50.91,0.03,4.13,22.45
20130702,28.89,35.43,24.65,49.69,0.04,4.55,20.82
20130703,28.62,34.08,24.65,52.53,0.08,4.52,21.7
20130704,29.56,35.51,24.81,53.14,0.1,4.19,20.38
20130705,29.73,34.0,26.01,52.69,0.03,3.05,19.8
20130706,30.44,36.29,25.67,49.46,0.1,3.75,21.82
20130707,29.12,34.25,26.05,55.3,0.4,3.35,19.68
20130708,29.4,35.84,24.9,54.06,0.25,3.73,19.89
20130709,28.59,33.33,25.22,55.4,0.14,3.99,16.21
20130710,28.57,33.95,24.54,54.47,0.53,4.46,15.06
20130711,28.61,34.24,24.73,51.37,0.04,4.41,17.43
20130712,29.57,35.55,25.05,51.86,0.05,4.08,18.5
20130713,28.9,34.75,24.41,52.98,0.0,3.59,22.76
20130714,30.08,36.8,24.04,52.14,0.05,3.17,23.14
20130715,29.15,34.97,24.57,56.52,0.02,3.35,17.62
20130716,29.37,35.3,25.9,53.11,0.2,4.73,13.36
20130717,29.16,34.8,25.15,53.1,0.08,3.88,19.61
20130718,29.45,36.26,25.06,53.25,0.25,4.51,18.82
20130719,29.01,34.77,25.24,56.69,0.56,4.17,15.91
20130720,28.8,35.0,24.76,56.92,0.23,3.79,16.21
20130721,28.58,34.37,24.61,55.9,0.29,4.23,16.19
20130722,28.99,34.57,24.28,55.07,0.06,4.18,18.43
20130723,28.31,33.4,24.8,54.52,0.11,4.79,19.78
20130724,28.69,34.38,24.33,55.31,0.31,5.04,16.84
20130725,28.86,35.0,24.83,54.89,0.06,4.9,21.09
20130726,28.78,34.25,24.56,54.02,0.1,4.23,20.03
20130727,29.73,36.46,24.03,53.2,0.03,3.15,19.99
20130728,30.58,37.42,24.83,52.57,0.08,3.03,21.11
20130729,28.59,33.69,24.92,50.54,0.0,4.54,22.45
20130730,29.66,37.05,23.85,46.06,0.0,4.23,23.26
20130731,29.46,35.75,24.92,51.5,0.01,5.2,23.84
20130801,29.13,35.07,24.97,54.66,0.07,4.87,17.61
20130802,29.36,35.0,25.67,52.64,0.04,4.92,19.97
20130803,29.63,36.58,25.02,50.04,0.09,4.44,21.22
20130804,28.44,33.53,25.11,57.48,7.08,4.49,18.06
20130805,27.53,32.33,23.98,60.05,4.47,4.57,18.53
20130806,27.45,33.09,23.09,61.32,0.22,3.75,18.46
20130807,28.06,33.86,23.15,60.45,0.46,2.66,21.3
20130808,28.92,34.78,23.78,59.98,0.81,1.79,19.76
20130809,27.49,32.23,24.61,68.8,7.52,2.44,19.29
20130810,27.32,32.87,23.37,74.68,35.88,1.62,17.19
20130811,27.74,33.47,23.19,69.94,0.92,1.83,21.27
20130812,27.99,33.39,23.62,65.58,0.07,2.13,19.99
20130813,27.61,33.06,23.09,66.15,0.05,2.32,17.36
20130814,27.82,33.51,23.23,61.4,0.2,3.15,13.8
20130815,28.81,36.27,22.98,61.72,0.22,1.74,19.68
20130816,28.59,34.74,24.01,64.88,2.65,1.91,20.73
20130817,28.69,35.97,22.82,64.3,3.62,1.84,19.31
20130818,28.65,35.92,22.95,65.25,1.17,2.09,22.57
20130819,28.55,36.06,23.64,62.5,0.04,1.91,21.5
20130820,29.07,36.94,22.41,60.5,0.0,2.87,22.42
20130821,28.99,36.46,23.49,60.76,0.0,2.91,21.88
20130822,28.77,36.14,22.79,59.75,0.0,2.91,21.81
20130823,29.27,37.08,23.02,59.49,0.0,2.34,22.03
20130824,28.69,35.61,23.23,59.07,0.0,2.38,23.81
20130825,29.88,37.0,23.82,57.99,0.14,1.43,22.25
20130826,29.28,34.79,24.76,63.76,7.02,1.5,21.47
20130827,28.5,33.41,24.16,69.4,28.98,1.2,21.41
20130828,28.01,31.24,24.35,73.37,28.49,0.98,19.6
20130829,27.94,32.2,23.95,72.99,5.94,1.42,22.1
20130830,27.77,31.62,24.43,74.74,0.29,1.18,20.5
20130831,28.09,32.56,24.9,73.02,0.54,1.07,22.88
20130901,27.61,32.27,24.24,73.67,0.43,1.46,22.01
20130902,27.67,32.68,23.78,73.69,0.64,1.82,20.02
20130903,27.72,32.68,24.13,71.94,6.07,2.32,22.18
20130904,26.99,31.2,23.64,72.67,3.6,1.48,21.82
20130905,27.02,32.2,23.55,74.16,12.87,1.36,22.58
20130906,24.96,27.12,23.26,83.03,12.23,1.86,12.88
20130907,26.69,32.47,22.61,73.35,0.74,1.94,13.88
20130908,26.48,31.82,22.59,74.49,5.86,1.57,20.81
20130909,26.69,32.66,22.42,71.57,0.91,1.75,18.0
20130910,26.99,32.51,22.06,72.28,6.3,1.69,17.36
20130911,27.03,33.4,22.3,74.99,6.02,1.82,19.99
20130912,26.72,32.14,22.55,75.66,1.42,1.81,14.26
20130913,26.33,30.21,22.99,78.07,0.11,1.99,18.03
20130914,28.03,34.16,23.19,71.49,0.07,1.67,19.47
20130915,27.92,33.79,23.55,70.26,0.12,2.82,22.94
20130916,27.62,32.94,23.3,74.95,0.34,2.73,22.39
20130917,27.2,31.5,24.09,74.46,3.64,2.67,20.96
20130918,27.34,33.41,23.4,70.06,0.22,2.51,18.11
20130919,27.13,33.32,22.4,67.98,0.1,3.11,20.56
20130920,27.76,33.72,23.37,68.67,0.02,3.13,21.53
20130921,27.57,33.35,23.24,70.54,0.0,2.4,22.34
20130922,28.14,35.72,22.24,65.75,0.0,2.23,23.28
20130923,28.96,37.49,21.9,62.81,0.0,1.47,24.89
20130924,29.14,37.22,21.66,63.03,0.0,0.89,24.85
20130925,29.7,37.0,22.71,61.98,2.74,1.23,23.41
20130926,29.61,36.6,23.17,63.74,0.0,0.85,22.51
20130927,30.19,37.25,24.12,60.14,0.0,0.95,22.94
20130928,29.59,35.57,24.58,60.75,0.0,1.21,22.56
20130929,29.28,37.16,23.17,60.34,0.07,1.93,19.37
20130930,28.62,36.04,22.22,62.66,0.05,1.91,23.13
20131001,29.25,36.38,23.47,63.9,0.13,1.32,23.47
20131002,29.29,35.75,24.09,64.41,0.34,1.21,20.03
20131003,28.08,32.43,24.4,69.11,1.59,1.3,21.16
20131004,28.37,35.78,21.85,61.7,0.0,1.66,24.32
20131005,28.26,37.12,20.73,56.32,0.0,1.57,24.83
20131006,28.3,35.69,21.44,63.61,0.0,1.26,24.46
20131007,29.3,36.55,23.42,62.17,0.07,1.36,23.54
20131008,27.91,32.5,24.68,74.01,15.53,0.92,20.7
20131009,26.45,30.37,23.77,71.51,0.43,1.86,17.67
20131010,27.77,34.35,22.52,67.79,2.16,1.23,18.51
20131011,28.87,35.97,22.78,64.41,0.03,1.19,22.03
20131012,28.03,34.75,22.74,62.4,0.01,2.12,22.35
20131013,29.05,36.85,22.8,62.65,0.02,2.04,20.49
20131014,29.59,36.65,23.36,61.71,0.05,0.95,23.32
20131015,29.08,34.08,25.13,68.47,10.18,0.97,21.38
20131016,27.63,31.3,24.25,79.24,23.47,0.58,21.05
20131017,26.55,29.66,24.39,82.14,4.27,1.2,20.08
20131018,25.12,27.37,23.26,87.58,6.59,0.85,16.23
20131019,25.11,28.09,23.09,87.24,43.69,0.93,13.42
20131020,24.73,27.25,22.7,85.74,13.81,0.43,16.71
20131021,24.97,28.21,22.4,85.97,18.64,0.99,17.14
20131022,25.44,28.86,22.98,87.15,4.1,0.85,17.03
20131023,26.33,30.81,23.24,81.46,0.04,1.46,15.27
20131024,26.55,31.59,22.67,78.82,0.79,1.3,20.51
20131025,26.82,32.02,22.78,79.29,2.72,1.55,19.73
20131026,26.91,31.45,22.56,77.75,0.27,1.12,20.24
20131027,27.81,32.97,23.27,71.37,0.0,0.81,20.4
20131028,26.53,32.09,22.18,73.53,0.0,0.98,22.16
20131029,26.75,32.53,22.26,74.4,0.14,1.46,20.45
20131030,26.7,32.2,21.78,74.49,0.01,1.44,19.27
20131031,25.78,29.23,23.23,82.73,2.55,1.14,16.67
20131101,25.81,30.01,22.37,81.36,0.69,1.37,20.67
20131102,25.36,28.34,23.03,88.39,6.84,1.54,14.76
20131103,25.29,28.78,22.97,86.96,3.48,1.95,11.35
20131104,24.99,28.4,22.54,85.86,5.86,1.6,16.48
20131105,25.12,28.45,22.78,87.78,9.57,2.38,16.03
20131106,25.47,30.21,22.13,83.19,3.08,2.52,17.91
20131107,25.21,30.56,21.6,81.7,0.25,2.99,20.08
20131108,25.16,30.62,21.03,77.01,0.06,2.45,19.44
20131109,24.74,30.81,19.25,76.0,0.03,2.2,20.31
20131110,25.85,31.86,20.73,74.71,0.13,2.19,19.81
20131111,26.11,32.05,21.49,75.82,0.09,2.37,18.8
20131112,25.73,31.02,21.55,77.38,1.34,1.85,12.4
20131113,24.76,29.35,21.04,73.67,0.82,1.8,13.84
20131114,25.15,29.69,21.53,74.38,0.11,1.28,17.28
20131115,24.9,30.95,21.2,75.34,2.41,2.43,18.15
20131116,24.49,29.15,20.61,81.87,16.9,3.1,16.17
20131117,24.79,28.71,21.74,85.53,13.24,1.74,17.05
20131118,25.21,29.99,21.51,84.6,4.97,2.43,15.41
20131119,25.34,30.13,21.82,81.81,1.55,1.76,18.64
20131120,25.94,31.67,20.45,74.82,3.77,1.18,18.74
20131121,26.12,31.39,22.1,77.69,2.63,1.0,17.68
20131122,26.35,32.06,22.34,78.79,0.67,0.94,18.46
20131123,26.07,31.49,22.21,79.83,2.13,1.14,17.91
20131124,25.24,30.01,22.39,83.54,5.7,0.82,9.55
20131125,25.21,30.45,21.18,82.64,1.03,1.5,19.86
20131126,25.79,31.76,21.34,78.72,0.14,1.41,20.52
20131127,25.69,31.01,21.67,78.19,0.04,1.48,18.86
20131128,25.44,31.77,21.15,76.4,0.0,1.28,17.63
20131129,25.05,31.33,21.16,76.1,0.0,1.43,15.73
20131130,24.72,31.1,19.18,80.97,1.26,2.07,14.62
20131201,24.42,27.97,21.95,87.19,8.76,2.22,8.97
20131202,23.39,26.3,21.29,89.18,12.51,2.02,10.08
20131203,23.55,27.59,20.73,87.07,7.02,2.19,16.33
20131204,23.59,27.36,20.79,87.75,2.8,2.78,14.81
20131205,24.29,29.31,20.69,81.62,0.54,2.81,12.36
20131206,24.72,30.68,20.78,75.88,0.0,2.6,19.37
20131207,24.72,31.24,19.44,72.9,0.0,2.21,14.98
20131208,26.2,31.98,21.61,76.07,0.0,1.82,15.86
20131209,25.34,30.18,22.17,80.14,0.0,1.21,15.52
20131210,25.63,31.48,21.63,78.99,0.0,1.27,14.85
20131211,26.07,32.43,21.93,74.0,0.07,1.16,15.94
20131212,25.07,29.05,21.33,79.71,31.69,2.12,7.26
20131213,24.51,27.89,21.92,89.01,12.98,2.91,10.56
20131214,24.87,30.02,20.56,84.99,1.07,1.77,15.26
20131215,24.59,30.45,19.48,82.0,0.14,2.26,18.96
20131216,21.81,28.82,16.85,74.18,0.0,2.29,20.89
20131217,21.63,28.15,16.01,79.03,0.0,2.55,17.89
20131218,22.63,28.8,17.55,79.77,0.0,2.3,19.85
20131219,23.15,29.79,17.98,79.21,0.0,1.93,18.95
20131220,23.11,29.55,17.98,79.57,0.0,1.97,19.03
20131221,22.86,29.51,17.73,77.74,0.0,1.9,20.05
20131222,22.39,29.4,16.89,76.92,0.0,2.2,17.12
20131223,22.47,29.9,15.89,75.7,0.0,2.39,21.46
20131224,23.35,29.22,19.56,77.59,0.0,2.97,12.5
20131225,23.76,30.52,18.65,73.36,0.0,2.69,10.3
20131226,23.1,29.78,17.4,75.68,0.0,2.43,15.57
20131227,23.15,30.06,17.2,73.04,0.0,2.31,18.05
20131228,23.3,30.44,17.05,71.65,0.0,1.73,15.1
20131229,22.81,30.14,16.73,71.02,0.0,2.16,17.49
20131230,22.66,30.47,15.83,69.38,0.0,2.32,20.38
20131231,23.28,30.7,16.72,72.93,0.01,2.38,19.65
20140101,23.52,30.86,18.36,74.58,0.01,2.7,17.41
20140102,23.45,30.63,17.18,73.75,0.0,2.54,18.4
20140103,23.86,30.31,18.88,75.6,0.0,2.42,14.1
20140104,23.91,29.84,19.84,72.72,0.02,2.63,11.78
20140105,24.03,31.62,17.98,70.53,0.08,2.41,17.82
20140106,24.24,31.26,18.81,71.68,0.63,2.82,16.84
20140107,24.04,30.17,20.68,78.36,5.71,3.35,10.2
20140108,23.77,28.98,20.4,82.46,3.4,2.93,8.25
20140109,24.56,30.97,20.51,76.8,0.38,2.61,13.34
20140110,24.14,31.63,18.95,72.22,0.0,2.11,17.92
20140111,23.79,31.58,18.13,72.6,0.0,1.75,21.01
20140112,24.49,32.45,18.68,71.15,0.0,1.83,20.29
20140113,24.59,30.87,19.72,74.42,0.33,2.11,14.92
20140114,25.02,31.24,20.8,73.99,0.63,2.38,9.99
20140115,24.82,31.41,19.83,71.93,0.08,1.92,15.21
20140116,25.11,32.32,19.56,71.94,0.0,2.14,18.37
20140117,24.55,31.2,20.14,70.05,0.02,2.17,17.45
20140118,24.39,32.22,19.18,67.19,0.0,2.37,19.48
20140119,24.56,32.31,18.74,72.52,0.0,2.53,17.29
20140120,24.83,32.02,19.18,67.58,0.0,2.67,19.25
20140121,24.71,32.54,17.89,66.6,0.0,2.67,20.14
20140122,24.75,32.15,18.8,69.16,0.07,2.53,19.71
20140123,25.03,32.76,18.35,68.34,0.04,2.27,20.58
20140124,25.44,33.25,19.88,67.81,0.04,2.22,19.47
20140125,25.01,32.4,20.03,67.19,0.0,2.69,19.19
20140126,24.22,32.04,18.31,65.77,0.0,3.17,19.88
20140127,24.25,32.31,17.6,66.45,0.0,2.94,20.8
20140128,24.75,32.7,18.9,63.57,0.0,2.63,20.85
20140129,24.6,33.13,17.35,60.28,0.0,2.5,20.02
20140130,24.86,33.13,18.28,61.52,0.0,2.59,21.15
20140131,25.39,33.44,18.9,65.15,0.0,2.69,20.78
20140201,26.0,33.39,20.72,65.49,0.01,2.92,19.05
20140202,25.81,33.4,20.45,66.43,0.11,3.04,18.81
20140203,25.08,33.48,18.97,64.05,0.0,2.33,22.71
20140204,24.57,33.7,18.19,63.22,0.0,1.86,23.12
20140205,24.47,34.28,17.15,60.67,0.0,1.94,23.78
20140206,24.59,34.11,16.76,62.46,0.0,2.06,23.24
20140207,24.54,33.94,17.11,60.69,0.0,2.02,24.01
20140208,24.7,34.08,16.83,61.3,0.0,2.01,24.09
20140209,24.91,34.33,17.04,56.72,0.0,1.43,24.42
20140210,25.93,35.22,18.32,54.86,0.0,1.76,24.12
20140211,26.21,35.09,19.25,55.92,0.0,1.62,24.04
20140212,27.11,35.36,20.28,53.74,0.0,1.53,22.61
20140213,27.32,35.52,20.83,58.94,0.0,1.91,22.19
20140214,27.91,36.04,21.32,59.0,0.0,1.85,20.5
20140215,28.33,35.83,22.09,58.28,0.01,1.67,18.39
20140216,28.95,35.96,23.43,58.58,0.01,1.98,17.83
20140217,29.31,36.91,23.23,60.75,0.0,2.17,19.87
20140218,28.4,34.97,23.69,60.65,0.0,3.29,18.09
20140219,28.13,35.58,22.39,59.17,0.0,2.68,20.9
20140220,28.02,35.04,22.72,60.3,0.02,2.71,17.06
20140221,27.81,35.53,21.89,56.35,0.15,2.63,22.93
20140222,27.62,35.8,20.84,55.44,0.06,2.21,22.95
20140223,27.24,35.84,20.26,53.61,0.0,2.36,23.54
20140224,26.38,31.8,22.04,71.08,2.82,3.44,15.34
20140225,26.97,33.88,21.94,66.14,0.33,3.28,21.92
20140226,27.43,36.1,20.44,56.69,0.0,2.47,25.35
20140227,27.7,36.05,21.3,59.96,0.31,2.19,18.64
20140228,28.42,34.69,22.94,60.49,0.52,2.34,19.09
20140301,28.54,35.42,23.18,57.78,0.06,2.52,15.97
20140302,28.17,34.18,23.48,57.4,0.02,2.22,17.93
20140303,28.69,35.78,23.62,57.53,0.02,2.68,19.84
20140304,28.93,36.48,23.55,59.19,0.18,2.88,21.6
20140305,28.19,33.47,23.55,60.46,0.66,2.8,19.65
20140306,29.06,36.93,23.35,56.26,0.37,2.87,21.06
20140307,28.28,34.08,23.76,57.99,0.03,2.82,21.33
20140308,28.38,35.18,23.11,59.23,0.0,2.81,21.54
20140309,28.34,35.25,22.8,56.17,0.0,3.21,18.11
20140310,28.95,36.93,23.29,54.2,0.0,3.01,22.74
20140311,28.32,36.11,22.79,54.73,0.0,3.25,24.14
20140312,27.69,36.68,21.42,54.97,0.0,2.76,23.75
20140313,27.51,36.41,20.38,58.8,0.0,2.65,23.84
20140314,27.77,36.93,20.57,55.59,0.0,2.59,25.63
20140315,27.39,36.98,18.64,51.32,0.0,2.56,23.23
20140316,27.85,37.6,19.9,50.74,0.0,2.78,22.85
20140317,28.58,37.96,20.0,55.4,0.0,2.88,21.94
20140318,29.9,39.07,22.35,51.48,0.0,2.77,22.49
20140319,29.55,37.33,22.38,55.28,0.0,2.57,19.93
20140320,30.48,38.06,24.08,56.45,0.08,2.28,21.36
20140321,30.67,39.12,23.81,49.53,0.01,1.91,23.9
20140322,31.13,39.38,24.67,45.43,0.0,2.09,23.97
20140323,30.56,38.85,23.95,46.25,0.0,2.07,24.05
20140324,29.95,38.6,23.39,48.3,0.0,2.02,24.61
20140325,29.46,38.77,21.95,47.06,0.0,2.11,24.59
20140326,28.81,38.52,20.25,51.24,0.0,2.52,23.91
20140327,28.76,38.06,20.15,53.12,0.0,2.07,24.73
20140328,28.91,38.06,20.67,47.09,0.0,1.9,24.12
20140329,30.06,39.51,22.64,39.08,0.0,1.9,26.95
20140330,30.09,39.45,22.28,35.73,0.0,1.89,26.46
20140331,30.84,40.1,22.91,35.78,0.0,2.14,25.33
20140401,31.5,40.34,23.34,42.72,0.0,2.15,22.48
20140402,31.71,40.51,24.51,44.18,0.0,2.51,22.01
20140403,30.5,38.86,23.19,56.48,0.0,1.93,23.68
20140404,30.71,39.57,23.34,51.36,0.0,2.02,25.29
20140405,30.91,39.05,24.39,54.59,0.0,2.26,21.8
20140406,30.32,37.22,24.76,57.01,0.01,2.34,22.87
20140407,30.74,37.41,24.42,54.19,0.06,2.26,22.8
20140408,31.48,38.14,25.71,49.44,0.01,1.9,22.22
20140409,32.55,40.31,25.85,45.15,0.0,1.96,24.13
20140410,31.56,38.89,25.38,50.8,0.0,2.25,23.73
20140411,32.02,39.35,25.09,42.7,0.0,1.33,24.49
20140412,33.03,40.37,26.44,43.71,0.08,2.15,23.89
20140413,32.32,38.87,26.73,49.49,0.01,2.33,22.7
20140414,30.11,35.14,25.55,60.41,0.06,2.31,21.97
20140415,29.33,34.65,25.2,59.64,0.03,1.7,21.87
20140416,31.42,39.67,23.75,48.47,0.01,2.22,23.76
20140417,32.89,41.14,25.49,45.63,0.01,2.08,24.56
20140418,32.15,38.8,25.65,48.2,0.0,2.3,25.24
20140419,30.87,37.12,25.68,55.59,0.02,2.27,24.19
20140420,31.21,38.35,25.7,53.46,0.0,2.1,24.63
20140421,31.03,37.27,25.1,54.42,0.0,2.03,23.5
20140422,30.36,35.94,25.44,55.48,0.02,1.81,22.72
20140423,30.81,37.03,25.79,56.42,4.56,2.11,19.95
20140424,31.35,37.43,26.34,55.08,0.54,1.63,23.32
20140425,32.3,39.47,26.32,52.21,0.02,1.97,23.28
20140426,31.31,36.54,26.77,56.08,0.0,1.8,23.43
20140427,31.73,38.26,26.2,55.84,0.14,2.36,23.36
20140428,31.51,37.15,26.52,55.87,0.02,1.29,22.05
20140429,30.35,35.46,26.51,52.02,0.14,1.95,15.83
20140430,30.52,37.62,25.47,50.62,7.27,2.25,19.51
20140501,29.67,36.26,24.61,58.62,1.43,1.69,22.65
20140502,30.32,37.21,25.01,59.87,0.73,2.18,19.95
20140503,30.2,36.08,25.57,63.43,0.98,1.92,20.71
20140504,28.86,33.73,25.53,71.9,9.53,1.72,14.57
20140505,27.23,31.69,24.78,79.46,9.45,1.84,7.24
20140506,25.89,28.39,24.16,87.29,34.35,2.36,12.63
20140507,25.84,28.64,24.23,88.9,40.03,4.22,9.09
20140508,26.88,31.06,23.88,81.47,6.37,4.01,17.88
20140509,28.13,33.75,23.52,78.5,0.22,2.36,24.18
20140510,29.31,35.69,24.01,70.45,0.0,1.53,24.49
20140511,29.17,33.69,25.15,70.9,0.02,1.47,23.37
20140512,29.11,33.0,25.72,75.08,12.03,1.07,23.76
20140513,28.83,33.49,25.67,74.94,8.83,1.18,22.95
20140514,29.58,35.07,24.48,69.26,0.34,1.31,20.05
20140515,28.64,32.27,25.81,69.66,0.0,1.71,21.55
20140516,29.47,35.72,25.27,63.37,0.0,1.51,23.2
20140517,28.81,34.89,24.19,63.33,0.0,1.43,23.43
20140518,29.79,35.56,24.58,64.78,0.0,1.72,21.78
20140519,30.11,36.34,24.79,65.74,0.05,1.42,23.5
20140520,29.83,35.18,25.64,70.31,6.85,1.24,23.79
20140521,29.12,35.27,24.76,67.31,6.87,1.93,22.65
20140522,30.13,37.67,23.48,65.28,0.21,1.85,23.49
20140523,30.0,35.63,25.4,66.39,0.62,1.8,22.18
20140524,28.98,34.06,24.8,72.56,4.65,1.7,16.3
20140525,28.4,32.87,24.89,71.63,0.03,2.21,19.33
20140526,29.46,35.74,24.09,68.31,10.97,1.84,20.59
20140527,29.63,36.11,24.33,66.53,0.36,1.71,20.32
20140528,29.5,34.68,25.81,72.22,7.35,1.64,21.07
20140529,29.46,34.89,25.06,70.37,0.29,1.53,22.79
20140530,29.85,35.47,24.7,67.13,0.0,1.41,23.64
20140531,31.17,38.22,24.67,63.1,0.0,1.35,24.33
20140601,30.79,36.29,26.16,68.36,6.44,1.6,22.75
20140602,29.16,33.46,25.73,71.91,3.47,1.72,20.36
20140603,27.61,30.92,24.84,74.21,0.12,1.23,18.77
20140604,29.76,36.45,24.36,65.14,0.01,1.81,23.7
20140605,29.73,35.51,24.71,66.43,0.12,1.69,23.93
20140606,29.87,35.48,24.96,66.04,0.04,2.0,23.96
20140607,29.88,37.23,24.88,61.59,0.08,3.58,24.94
20140608,30.53,38.22,25.55,56.69,0.08,3.87,22.29
20140609,28.94,33.79,25.46,67.89,0.05,2.3,19.95
20140610,28.43,33.34,24.72,69.98,0.06,2.76,21.85
20140611,29.07,35.69,24.65,63.23,0.1,3.2,24.96
20140612,29.24,36.04,24.54,62.87,0.03,2.89,23.63
20140613,28.72,34.38,23.89,61.4,0.04,2.84,20.96
20140614,29.36,35.61,24.16,62.52,0.32,2.65,22.86
20140615,29.48,37.34,23.02,56.84,0.0,3.06,24.52
20140616,29.74,38.25,22.87,59.59,0.0,3.0,24.83
20140617,29.99,37.95,24.2,59.65,0.03,3.54,21.91
20140618,29.62,36.0,25.26,61.75,0.15,3.54,21.34
20140619,29.45,36.45,24.99,62.83,0.1,3.36,20.85
20140620,29.47,34.93,25.02,63.31,0.0,3.38,21.09
20140621,30.04,36.97,25.64,56.04,0.28,4.4,21.85
20140622,29.56,36.47,24.23,57.36,0.36,3.23,23.12
20140623,30.12,37.74,23.67,58.21,0.0,3.24,23.91
20140624,30.83,38.46,24.54,57.32,0.0,3.59,23.02
20140625,30.23,36.76,25.52,56.95,0.0,3.55,22.89
20140626,30.56,36.49,25.2,57.89,0.0,1.57,21.42
20140627,30.54,36.06,25.71,60.75,0.0,1.29,23.89
20140628,29.87,34.59,25.62,64.69,0.8,1.22,24.4
20140629,30.98,38.1,25.12,58.33,0.27,1.93,24.13
20140630,29.92,36.58,24.56,61.43,10.89,2.08,16.96
20140701,28.79,34.05,24.89,69.4,0.53,2.03,20.63
20140702,29.42,36.18,24.68,62.38,0.0,2.04,21.85
20140703,29.52,35.42,24.12,58.93,0.0,2.58,23.66
20140704,30.1,37.02,24.11,57.84,0.14,2.96,24.02
20140705,30.12,35.71,25.86,60.17,0.43,2.45,22.2
20140706,30.2,37.47,24.81,54.65,1.12,2.55,22.26
20140707,28.65,35.79,24.59,57.18,2.8,3.26,20.69
20140708,28.26,34.29,23.9,56.84,0.01,3.46,20.3
20140709,28.96,35.47,23.64,53.03,0.05,3.73,21.14
20140710,28.98,35.3,24.93,55.86,0.11,4.37,14.18
20140711,28.66,33.72,24.5,61.3,0.01,3.72,16.79
20140712,29.16,34.47,25.08,58.56,0.01,4.38,20.09
20140713,29.32,34.99,25.72,54.56,0.12,5.03,18.96
20140714,29.33,35.02,25.76,52.82,0.11,4.88,19.09
20140715,29.08,34.21,25.04,54.88,0.43,4.2,19.77
20140716,29.0,34.88,24.63,55.7,0.0,3.62,23.02
20140717,29.57,35.84,24.57,55.14,0.0,2.83,24.83
20140718,30.12,37.2,23.7,52.45,0.04,3.36,22.41
20140719,30.47,37.82,25.45,51.86,0.04,4.37,22.7
20140720,30.43,36.75,25.62,52.63,0.07,4.37,22.79
20140721,29.55,34.48,25.92,55.64,0.14,4.08,20.94
20140722,29.46,35.45,25.49,52.8,0.04,4.6,21.18
20140723,29.02,34.34,25.45,52.39,0.31,5.33,20.08
20140724,29.87,36.67,25.39,44.93,0.04,4.58,23.8
20140725,28.94,35.28,24.37,51.66,0.05,4.19,23.17
20140726,30.43,38.21,24.31,47.75,0.09,4.49,21.58
20140727,29.82,36.21,24.69,53.42,0.02,3.94,20.94
20140728,29.76,35.69,25.92,53.25,0.02,4.47,20.67
20140729,30.48,37.27,25.71,50.38,0.01,4.37,21.98
20140730,30.74,39.36,23.82,50.96,0.01,4.24,23.56
20140731,30.18,36.07,25.36,53.68,0.6,3.81,22.08
20140801,29.7,34.63,26.22,58.38,0.47,3.75,19.88
20140802,29.31,34.81,25.54,55.6,0.11,3.49,18.61
20140803,29.89,37.2,24.53,54.86,0.17,3.9,20.04
20140804,29.42,35.06,25.83,50.84,0.18,4.84,21.28
20140805,29.73,35.95,25.84,51.23,0.06,4.6,20.52
20140806,30.18,37.66,24.83,50.78,0.81,3.51,23.32
20140807,30.2,37.39,24.43,50.21,0.36,2.79,20.21
20140808,30.09,37.0,25.34,51.52,1.02,3.15,17.85
20140809,28.33,33.95,24.05,62.19,13.26,1.54,19.14
20140810,27.73,33.59,22.67,65.14,4.54,2.05,17.66
20140811,27.94,33.71,23.73,64.41,0.59,2.1,18.87
20140812,27.61,32.47,23.42,67.96,0.03,1.65,21.77
20140813,27.29,31.05,24.02,67.06,0.19,1.4,18.98
20140814,27.54,32.59,23.79,66.65,0.16,1.52,20.76
20140815,26.93,31.86,23.79,70.75,2.28,1.18,20.61
20140816,26.52,30.78,23.5,72.34,19.12,1.71,21.29
20140817,27.01,31.85,23.24,71.68,4.53,1.19,20.19
20140818,26.79,30.66,23.63,77.79,39.61,1.36,20.35
20140819,27.53,32.07,23.7,75.35,2.95,1.13,20.97
20140820,28.26,33.55,23.87,70.71,0.34,1.82,20.9
20140821,28.6,34.37,23.77,70.89,0.34,1.62,21.56
20140822,27.51,32.08,24.2,77.15,6.45,1.84,19.08
20140823,26.99,32.69,22.5,76.07,10.81,3.46,17.97
20140824,27.29,32.28,22.99,74.87,2.4,2.14,23.36
20140825,27.91,34.58,22.6,67.68,0.01,1.73,24.47
20140826,27.37,33.4,23.23,69.61,0.0,2.3,24.28
20140827,26.97,33.21,22.38,70.38,0.01,2.49,20.51
20140828,27.49,33.57,22.72,67.92,0.08,2.86,21.16
20140829,27.59,33.71,22.74,67.77,0.34,2.92,19.1
20140830,28.01,35.05,23.1,64.8,0.52,3.68,19.72
20140831,27.46,33.66,22.79,66.32,0.19,2.93,21.24
20140901,27.92,34.35,22.73,69.16,0.15,2.95,22.05
20140902,27.98,34.56,23.1,69.84,2.35,2.5,21.48
20140903,26.92,32.11,23.57,69.01,0.49,2.65,21.19
20140904,28.37,36.07,22.81,63.74,0.05,1.6,14.92
20140905,27.78,34.35,22.82,62.71,2.96,2.3,21.91
20140906,27.66,34.88,22.48,61.35,0.07,3.0,19.8
20140907,26.68,31.72,23.12,66.91,0.1,2.93,22.31
20140908,28.42,36.41,22.8,63.0,0.0,2.73,24.37
20140909,28.52,35.57,22.9,62.14,0.17,2.31,23.47
20140910,29.22,36.82,22.91,60.6,0.44,1.84,24.13
20140911,29.5,36.54,23.05,58.12,0.0,1.64,24.43
20140912,27.61,32.74,23.69,68.02,19.02,1.81,22.61
20140913,28.63,35.06,23.13,64.76,0.06,1.57,21.7
20140914,28.6,34.7,24.45,66.94,1.7,1.86,22.3
20140915,28.63,34.58,24.24,64.42,0.02,2.04,22.49
20140916,28.07,33.91,23.37,64.3,0.0,2.3,19.69
20140917,29.3,37.87,22.74,61.44,0.0,2.72,21.34
20140918,28.58,35.61,23.01,61.75,0.0,2.44,18.82
20140919,29.28,37.21,22.98,60.76,0.0,2.09,21.38
20140920,29.51,37.53,22.02,58.5,0.0,2.21,24.28
20140921,29.47,35.45,24.48,61.19,0.11,1.28,22.85
20140922,29.12,34.17,25.21,67.26,1.09,1.48,20.44
20140923,29.74,35.2,25.39,68.31,4.84,0.77,22.51
20140924,28.87,33.87,25.4,72.89,3.11,0.8,21.48
20140925,28.19,32.96,24.31,73.24,4.41,1.52,19.6
20140926,27.84,32.83,24.62,74.15,3.51,1.36,19.19
20140927,26.71,30.85,24.12,81.28,8.59,1.32,19.14
20140928,26.19,29.82,23.67,82.54,8.64,1.31,19.78
20140929,26.81,31.47,23.67,80.02,6.58,1.32,21.65
20140930,26.63,31.32,23.79,81.53,10.99,1.36,18.69
20141001,27.42,32.64,23.46,75.34,1.32,1.23,22.01
20141002,28.37,35.11,23.98,68.37,0.09,1.53,22.1
20141003,28.38,34.29,23.9,67.15,0.02,1.16,19.01
20141004,27.73,31.84,23.37,71.86,0.23,0.73,19.65
20141005,28.26,32.44,24.65,71.77,1.68,1.06,20.74
20141006,28.39,33.71,23.95,71.14,8.46,1.03,19.87
20141007,27.61,32.92,23.51,72.74,3.01,1.46,21.62
20141008,28.01,34.48,22.71,70.07,2.68,1.23,20.88
20141009,28.08,33.13,23.75,72.49,4.66,1.06,18.15
20141010,27.85,31.84,24.61,75.69,0.44,0.91,17.9
20141011,28.13,35.91,23.26,61.17,0.0,2.32,21.97
20141012,27.97,35.67,21.17,62.0,0.17,1.68,20.63
20141013,28.68,34.88,23.52,68.51,0.51,1.46,21.65
20141014,27.81,32.04,25.21,76.9,0.41,1.33,19.83
20141015,27.13,31.6,24.44,79.24,7.02,1.7,16.75
20141016,27.0,32.58,23.39,75.41,8.72,1.79,16.45
20141017,25.05,27.84,22.45,80.11,28.52,1.14,12.1
20141018,24.57,27.66,22.52,87.63,14.69,2.67,6.8
20141019,24.46,28.63,21.76,85.89,17.17,2.31,9.1
20141020,24.44,28.37,21.75,86.59,9.69,1.91,11.41
20141021,24.27,27.61,21.97,86.09,9.01,2.2,7.3
20141022,24.61,28.47,20.99,86.17,10.06,2.09,16.81
20141023,25.27,29.86,21.92,85.35,6.21,1.5,11.47
20141024,25.61,30.18,21.85,81.94,0.86,1.2,20.4
20141025,26.05,29.99,22.93,85.54,24.99,1.38,19.07
20141026,25.21,27.02,23.85,89.1,5.65,0.73,19.37
20141027,25.43,29.17,22.4,86.5,7.89,1.2,21.09
20141028,25.81,29.99,22.56,84.15,2.59,1.09,21.34
20141029,24.85,27.57,22.18,87.83,8.61,0.92,16.34
20141030,24.77,27.83,22.72,88.39,2.72,1.62,16.09
20141031,24.69,28.41,21.51,79.95,0.01,1.4,10.37
20141101,24.39,27.86,21.02,84.13,41.63,1.04,18.16
20141102,24.85,28.39,21.49,83.79,31.05,1.28,12.59
20141103,24.61,28.75,21.9,82.95,20.69,1.39,12.95
20141104,23.62,26.88,21.16,84.37,2.28,0.93,7.41
20141105,25.41,30.45,21.54,77.11,0.01,1.45,16.87
20141106,25.04,30.44,19.99,67.44,0.0,1.48,18.55
20141107,25.47,30.67,20.52,65.5,0.0,0.95,20.16
20141108,25.43,30.37,21.15,76.97,0.0,0.87,18.83
20141109,25.92,30.67,22.24,82.68,0.53,0.78,17.39
20141110,25.61,29.91,22.31,84.42,0.26,1.39,17.16
20141111,25.52,29.89,22.38,86.03,3.14,1.51,17.59
20141112,24.94,28.29,22.64,87.89,3.58,2.3,15.95
20141113,24.24,27.01,21.91,90.77,10.13,1.48,11.21
20141114,25.11,28.27,23.43,90.54,6.7,1.92,16.87
20141115,25.15,29.08,22.35,88.27,8.37,2.17,17.52
20141116,24.39,28.39,21.71,88.61,1.96,2.11,18.67
20141117,24.23,28.62,21.19,87.37,1.95,2.7,16.28
20141118,24.1,28.6,20.56,88.85,7.97,2.91,5.92
20141119,24.49,28.51,22.14,89.08,3.83,3.08,16.47
20141120,24.06,28.16,21.12,87.92,3.43,2.8,13.78
20141121,23.59,26.78,20.91,90.56,9.13,2.38,10.55
20141122,24.2,28.39,21.03,88.03,3.71,2.16,8.51
20141123,23.66,26.85,21.84,90.59,2.38,2.3,15.78
20141124,23.73,28.21,20.56,87.33,0.68,3.05,8.98
20141125,22.71,27.43,19.19,84.71,0.12,2.76,9.62
20141126,22.75,26.55,19.73,86.25,0.6,2.4,9.85
20141127,22.81,26.52,20.1,88.64,11.31,2.09,6.27
20141128,21.02,24.65,19.49,87.85,8.63,2.13,9.29
20141129,20.54,23.37,18.88,84.12,7.06,2.17,10.04
20141130,21.43,24.52,18.46,85.38,2.11,3.38,12.59
20141201,22.59,25.42,20.33,90.51,5.29,3.21,8.03
20141202,23.49,27.92,20.61,86.75,0.11,2.94,10.01
20141203,22.67,28.1,18.12,81.55,0.0,2.17,20.07
20141204,21.46,27.43,16.85,84.03,0.0,1.87,20.08
20141205,21.32,27.13,16.15,83.75,0.0,1.84,17.6
20141206,22.24,27.82,17.34,84.9,0.0,1.98,19.38
20141207,23.7,28.54,19.4,87.66,0.07,1.83,17.18
20141208,24.45,28.42,21.47,88.04,1.16,1.96,12.2
20141209,24.14,27.82,21.77,88.3,0.86,1.74,15.57
20141210,24.2,28.22,21.11,89.72,5.94,1.76,14.04
20141211,23.71,27.44,20.86,88.94,0.47,1.52,16.21
20141212,23.9,27.71,21.51,89.02,1.99,1.79,14.67
20141213,23.93,27.8,21.05,88.53,0.67,1.89,13.32
20141214,24.18,28.27,21.22,87.95,1.34,1.98,14.82
20141215,24.26,29.67,19.99,84.59,0.05,1.88,20.29
20141216,24.77,29.35,21.78,88.43,1.7,2.83,12.52
20141217,24.16,27.84,22.13,89.14,4.92,3.55,7.67
20141218,23.96,27.27,21.61,88.9,3.28,3.59,12.74
20141219,24.1,28.71,21.73,87.83,2.07,3.67,10.67
20141220,22.4,25.88,20.25,87.06,0.19,2.74,9.61
20141221,23.26,28.32,19.34,82.18,0.01,2.27,19.32
20141222,23.58,28.45,19.51,83.23,0.0,2.62,13.22
20141223,24.38,29.91,20.1,82.79,0.22,2.45,18.65
20141224,24.5,29.93,21.12,83.42,0.43,2.81,13.61
20141225,24.09,29.92,20.41,79.61,0.0,2.54,16.14
20141226,22.53,29.0,18.32,74.08,0.0,2.34,7.34
20141227,22.58,28.05,18.09,76.34,0.43,2.31,13.01
20141228,22.29,25.87,19.51,86.41,3.05,2.24,9.84
20141229,24.6,30.2,20.85,81.63,2.75,2.29,14.59
20141230,25.75,31.35,20.97,76.07,0.1,1.46,14.05
20141231,24.63,28.25,22.58,87.57,7.44,1.93,14.68
20150101,25.97,31.46,22.25,82.08,3.08,1.82,16.57
20150102,25.08,31.31,20.36,76.53,0.0,1.34,19.84
20150103,24.3,30.87,19.33,75.08,0.0,1.23,21.3
20150104,24.9,31.05,20.89,79.61,0.0,1.32,19.6
20150105,24.59,31.06,20.02,78.88,0.0,1.76,21.03
20150106,24.46,30.82,19.83,77.93,0.0,1.6,20.54
20150107,23.84,30.71,18.37,77.8,0.0,1.68,20.73
20150108,24.23,30.75,19.28,77.66,0.0,1.47,18.79
20150109,24.06,29.87,19.87,78.98,0.0,1.96,18.19
20150110,23.32,30.37,17.71,72.12,0.0,2.42,17.52
20150111,21.87,29.58,15.73,71.68,0.0,2.62,21.71
20150112,21.75,29.63,15.26,69.75,0.0,2.31,21.37
20150113,21.79,29.84,15.28,71.14,0.0,2.31,22.1
20150114,22.35,30.19,15.84,72.3,0.0,1.97,20.13
20150115,22.31,30.35,15.81,70.64,0.0,1.9,21.4
20150116,23.71,31.1,17.08,76.72,0.0,2.03,20.02
20150117,24.39,31.28,19.27,76.96,0.0,2.35,18.53
20150118,24.01,31.15,18.59,74.22,0.0,2.26,19.74
20150119,23.51,30.95,17.73,71.23,0.01,2.29,20.25
20150120,23.03,30.45,17.15,73.48,0.0,2.03,20.26
20150121,22.84,30.27,17.61,73.37,0.02,2.45,19.69
20150122,23.65,31.43,16.66,74.14,0.14,2.29,21.5
20150123,25.01,31.75,20.2,75.31,0.37,2.33,18.95
20150124,24.92,31.25,20.15,74.75,0.13,2.51,19.66
20150125,24.89,32.14,19.55,67.59,0.0,2.7,21.41
20150126,24.02,31.44,18.17,71.63,0.0,2.64,21.46
20150127,24.47,31.76,18.43,72.93,0.0,2.7,19.39
20150128,25.14,31.98,19.82,72.72,0.0,2.49,16.44
20150129,25.41,32.33,20.28,70.95,0.0,2.19,16.84
20150130,25.39,31.65,20.27,70.41,0.0,2.09,14.29
20150131,25.05,32.58,19.66,64.78,0.0,2.65,19.58
20150201,24.57,32.49,18.29,70.02,0.0,2.39,21.04
20150202,24.39,32.49,18.5,67.25,0.0,2.86,20.9
20150203,24.77,32.24,19.22,67.97,0.0,3.3,21.05
20150204,23.68,28.46,19.89,74.05,0.57,2.77,13.31
20150205,25.18,32.37,19.39,69.1,0.16,2.82,15.98
20150206,24.87,31.6,19.8,68.78,0.01,2.56,21.33
20150207,24.96,32.02,20.08,66.62,0.05,2.3,21.96
20150208,25.22,33.61,19.17,62.32,0.0,2.24,23.14
20150209,25.34,33.36,19.66,65.58,0.0,2.45,20.45
20150210,24.99,30.99,20.3,68.34,0.0,2.56,14.02
20150211,26.21,32.9,20.96,67.38,0.0,2.57,21.38
20150212,26.9,34.28,21.62,66.59,0.02,2.81,21.59
20150213,27.07,34.54,21.51,65.8,0.01,2.3,21.32
20150214,26.67,34.81,20.52,62.71,0.0,2.03,21.57
20150215,26.17,34.82,18.87,59.0,0.0,2.12,24.62
20150216,25.65,34.53,18.46,59.95,0.0,2.08,23.33
20150217,25.31,34.07,18.49,57.34,0.0,1.68,23.33
20150218,25.29,34.24,18.02,55.1,0.0,1.66,21.36
20150219,25.62,34.64,18.52,55.14,0.0,1.74,24.75
20150220,25.39,34.66,17.97,59.16,0.0,2.46,25.09
20150221,25.46,34.56,18.53,61.56,0.0,2.66,23.8
20150222,25.45,35.05,17.94,57.65,0.0,2.77,25.1
20150223,25.66,35.48,18.11,57.49,0.0,2.43,24.71
20150224,26.35,35.5,17.84,57.26,0.0,2.14,21.33
20150225,27.77,36.04,20.95,61.74,0.0,2.16,19.31
20150226,28.55,35.98,22.78,63.38,1.55,1.79,20.73
20150227,28.2,34.36,23.39,67.34,1.66,1.75,20.23
20150228,28.53,35.24,23.34,64.18,0.2,2.19,21.15
20150301,28.88,36.66,23.03,62.02,0.01,2.38,20.62
20150302,29.39,36.71,23.59,62.27,0.1,2.22,19.96
20150303,29.28,36.02,24.09,59.4,0.16,2.38,20.82
20150304,28.38,34.05,23.64,53.55,0.05,1.39,22.0
20150305,29.46,37.15,23.33,57.0,0.0,2.11,21.07
20150306,29.94,37.43,24.22,57.79,0.58,2.1,20.96
20150307,29.36,36.51,23.7,59.44,1.55,2.37,21.6
20150308,28.55,35.88,23.02,59.1,0.51,2.34,22.11
20150309,28.74,36.46,22.73,59.92,0.02,2.37,20.18
20150310,28.23,36.68,21.9,54.29,0.0,2.37,24.05
20150311,27.79,36.21,21.41,57.18,0.0,2.76,23.34
20150312,28.8,37.07,22.22,58.78,0.0,3.31,20.68
20150313,28.94,37.06,23.28,58.39,0.01,3.24,22.9
20150314,28.11,34.76,22.79,62.31,3.02,2.82,16.97
20150315,27.93,33.94,23.9,69.25,2.33,2.42,21.69
20150316,27.71,33.95,23.74,70.66,4.49,2.32,17.39
20150317,27.11,34.32,22.8,65.01,1.54,1.75,24.21
20150318,27.31,36.29,20.98,56.04,0.0,1.53,24.9
20150319,27.44,35.81,20.29,49.88,0.0,1.46,25.28
20150320,28.2,36.75,20.96,56.75,0.0,1.84,24.2
20150321,28.55,37.54,22.28,56.04,0.0,2.18,24.63
20150322,28.98,38.7,20.54,54.64,0.0,1.92,25.26
20150323,29.94,38.84,22.27,51.17,0.0,1.92,24.42
20150324,30.35,38.67,24.22,53.24,0.0,2.14,23.39
20150325,29.44,37.69,23.18,56.45,0.0,2.17,23.48
20150326,29.48,37.89,22.47,54.2,0.0,2.27,24.2
20150327,29.52,38.51,21.9,54.84,0.01,2.49,22.17
20150328,29.62,38.0,23.01,58.12,0.18,2.58,21.61
20150329,30.29,38.24,24.62,57.65,0.37,2.63,22.5
20150330,30.45,38.02,24.9,55.28,0.11,2.48,21.57
20150331,30.14,36.71,25.21,58.23,0.68,2.01,20.95
20150401,29.39,37.07,25.06,66.78,14.64,1.98,22.08
20150402,29.25,36.42,23.48,67.31,3.18,1.85,19.53
20150403,30.95,38.56,24.07,59.53,0.07,1.41,25.61
20150404,30.98,36.89,26.09,60.62,0.06,1.41,24.24
20150405,30.56,37.74,26.02,61.73,0.0,2.3,25.16
20150406,30.12,37.33,24.41,63.67,0.07,2.26,25.02
20150407,29.49,35.38,24.79,66.1,0.26,2.09,25.59
20150408,28.44,33.21,25.19,64.03,0.64,1.06,15.24
20150409,28.46,34.04,23.58,60.86,0.54,1.76,23.01
20150410,28.9,34.67,25.0,67.53,0.4,1.49,23.3
20150411,30.35,38.55,23.34,60.4,1.13,2.06,24.41
20150412,28.67,34.08,24.87,68.67,3.68,1.27,22.69
20150413,26.83,30.93,23.24,71.86,3.7,1.92,18.79
20150414,27.36,33.65,21.91,68.08,1.83,1.3,25.2
20150415,26.46,30.75,23.8,80.48,31.26,2.23,23.2
20150416,26.8,31.24,23.64,80.57,17.22,1.4,21.32
20150417,27.54,31.75,23.36,74.95,22.97,1.09,23.48
20150418,28.18,33.97,23.6,71.92,6.93,1.32,25.32
20150419,28.62,34.18,24.16,71.41,0.11,1.32,21.01
20150420,28.58,34.73,23.78,72.06,2.57,1.73,19.09
20150421,27.62,32.09,23.92,76.19,2.8,1.56,19.78
20150422,26.84,30.6,23.76,78.2,1.03,1.1,22.63
20150423,29.01,35.63,23.51,67.13,1.12,1.63,26.04
20150424,28.78,35.51,24.04,69.89,3.38,1.39,20.25
20150425,27.08,31.01,24.18,71.99,6.6,1.19,18.55
20150426,28.29,35.37,22.74,64.33,1.4,1.68,24.39
20150427,28.19,34.37,23.13,70.78,0.15,1.58,21.99
20150428,28.81,35.37,23.57,69.31,0.01,1.59,23.92
20150429,29.55,36.84,23.45,66.0,0.14,2.02,25.26
20150430,30.47,37.91,24.53,63.36,0.1,1.53,24.69
20150501,29.76,35.85,25.03,65.07,0.0,1.98,23.83
20150502,30.28,37.69,24.55,61.2,0.0,1.43,23.8
20150503,30.28,36.62,24.94,63.78,0.0,1.58,23.26
20150504,29.38,34.44,25.52,69.37,1.15,1.42,21.23
20150505,29.01,35.14,25.01,69.98,3.81,1.25,19.72
20150506,28.11,32.17,24.88,75.1,6.56,1.13,22.39
20150507,27.75,32.79,24.62,77.14,10.71,1.36,21.43
20150508,29.4,35.27,24.32,69.38,12.37,1.26,22.58
20150509,28.77,32.84,25.27,74.18,13.73,0.92,22.24
20150510,28.74,33.59,24.93,68.88,2.49,1.47,12.32
20150511,27.03,31.04,23.95,71.6,12.8,1.57,6.49
20150512,27.66,32.77,23.21,65.03,19.01,1.08,13.57
20150513,26.69,31.72,23.32,76.12,13.03,1.36,13.71
20150514,27.29,32.16,23.52,78.57,13.53,1.22,18.35
20150515,26.19,28.43,24.44,88.66,29.37,1.24,14.81
20150516,26.77,29.76,24.76,87.75,3.86,2.04,9.98
20150517,26.1,28.66,24.47,90.75,8.18,2.65,14.63
20150518,27.57,32.47,23.63,80.15,3.12,2.08,22.9
20150519,27.83,32.87,23.79,78.26,0.9,2.34,23.61
20150520,28.31,33.85,23.63,74.79,0.15,2.35,24.93
20150521,28.83,34.95,24.13,72.29,0.02,2.59,23.43
20150522,29.0,34.68,24.53,72.78,0.0,2.77,22.95
20150523,29.0,33.52,25.28,72.9,0.24,2.34,22.06
20150524,29.19,35.22,23.67,68.2,0.06,1.84,23.07
20150525,29.58,35.41,24.92,67.61,0.0,1.84,23.21
20150526,29.73,35.76,24.63,67.7,0.0,2.47,24.06
20150527,28.56,33.76,25.38,72.47,3.78,1.97,23.23
20150528,28.23,33.48,23.57,67.4,2.36,1.89,17.52
20150529,29.37,35.55,23.38,67.73,0.3,1.48,22.52
20150530,28.67,34.64,24.99,74.87,13.79,1.76,21.17
20150531,28.56,33.52,24.4,73.98,2.52,1.73,21.2
20150601,28.58,34.43,24.49,70.77,0.17,2.33,22.15
20150602,28.04,34.08,23.61,75.53,28.78,1.29,24.03
20150603,28.21,32.54,24.57,77.12,2.18,1.24,17.89
20150604,28.01,32.11,24.62,78.88,1.02,0.96,20.61
20150605,26.93,29.68,24.67,83.84,9.61,1.16,20.52
20150606,28.71,34.24,24.06,71.29,0.05,0.79,21.92
20150607,28.43,34.51,23.7,72.0,0.8,2.39,23.25
20150608,27.77,34.39,22.64,72.6,0.65,2.42,23.49
20150609,28.43,35.27,22.9,71.13,0.08,1.5,24.65
20150610,27.89,31.31,24.52,76.58,0.54,1.39,24.07
20150611,28.23,33.95,23.62,73.43,1.31,1.8,19.43
20150612,27.84,32.91,24.36,73.04,0.07,1.9,22.34
20150613,27.56,34.09,22.91,73.92,4.08,2.05,23.71
20150614,27.79,34.18,23.21,69.23,0.27,2.24,23.86
20150615,27.88,35.18,23.09,65.32,0.43,2.87,21.9
20150616,26.4,31.42,22.91,68.09,0.56,2.89,19.5
20150617,26.61,31.2,23.33,68.97,0.48,2.79,16.13
20150618,27.06,33.51,22.42,69.93,1.12,2.85,13.4
20150619,27.87,34.37,23.15,66.77,0.9,3.64,19.13
20150620,28.54,34.8,23.86,65.66,0.36,3.91,21.53
20150621,28.13,32.98,24.47,67.27,1.02,4.16,22.12
20150622,28.74,35.23,23.96,67.08,0.36,3.57,21.97
20150623,28.09,33.23,24.04,73.75,0.79,2.82,22.58
20150624,28.74,35.84,23.51,70.07,0.22,3.12,22.72
20150625,28.33,33.82,24.14,73.17,0.55,2.87,22.92
20150626,27.0,30.02,23.42,63.02,1.59,4.55,16.56
20150627,27.81,34.89,22.18,62.72,0.8,3.99,19.16
20150628,29.11,35.95,23.54,67.12,0.59,2.39,20.23
20150629,27.76,32.44,24.02,69.97,1.35,3.43,20.82
20150630,28.8,36.79,22.69,59.71,10.61,2.95,23.14
20150701,27.9,33.91,22.5,74.48,14.76,2.01,24.31
20150702,29.19,36.41,23.26,65.76,0.04,2.19,23.09
20150703,29.25,36.23,23.23,66.41,0.09,2.17,23.61
20150704,29.12,35.31,24.07,67.09,0.22,2.46,23.56
20150705,29.46,35.9,23.99,64.9,0.04,3.14,22.65
20150706,28.55,33.83,24.64,63.41,0.0,3.69,21.51
20150707,28.21,34.96,23.18,63.81,0.02,3.06,21.75
20150708,28.24,34.7,23.25,64.8,0.18,2.88,21.33
20150709,29.76,37.2,24.18,61.64,0.13,3.17,21.74
20150710,29.06,35.51,24.06,65.57,0.44,2.96,19.97
20150711,28.54,34.08,24.12,67.42,0.24,2.79,20.48
20150712,29.19,36.36,23.3,61.12,0.03,2.77,22.22
20150713,29.4,36.12,23.96,61.18,0.09,2.53,23.58
20150714,29.73,36.85,24.14,62.6,0.27,3.0,22.4
20150715,29.04,34.02,25.54,65.81,0.31,2.96,17.98
20150716,29.34,34.97,24.98,61.07,0.14,3.53,21.33
20150717,28.12,33.54,24.99,59.91,1.34,4.51,17.76
20150718,28.52,35.15,23.98,57.59,0.28,4.6,19.87
20150719,27.33,32.15,23.77,62.62,1.64,3.7,19.69
20150720,27.8,34.58,22.11,64.2,0.41,2.77,20.56
20150721,28.59,35.33,23.57,65.88,3.24,2.56,17.77
20150722,28.32,34.29,24.1,65.23,1.03,2.67,19.87
20150723,28.24,34.3,23.38,64.97,1.28,1.93,20.88
20150724,28.13,33.88,23.18,66.93,0.21,2.17,22.09
20150725,28.23,34.3,22.9,63.99,0.2,1.92,22.36
20150726,27.76,34.52,23.01,62.06,0.02,2.15,21.08
20150727,29.16,36.96,22.44,57.02,0.08,2.16,22.77
20150728,29.21,36.2,23.55,62.21,8.82,1.52,21.39
20150729,28.71,35.0,22.66,63.69,3.68,1.18,23.29
20150730,28.63,34.8,22.9,62.43,0.0,1.77,23.61
20150731,29.25,36.26,23.43,60.27,0.02,1.81,23.05
20150801,28.82,34.81,23.76,63.05,0.97,1.87,23.12
20150802,28.92,34.4,23.82,62.94,1.02,1.61,17.28
20150803,28.21,33.87,24.14,66.33,2.11,2.08,20.68
20150804,29.16,37.3,22.69,60.75,0.28,2.55,21.42
20150805,28.6,36.09,22.79,59.48,0.06,3.36,21.82
20150806,29.38,37.15,23.06,56.47,0.03,3.13,24.8
20150807,28.23,34.22,23.46,62.96,0.04,2.71,24.86
20150808,29.65,36.65,23.44,60.55,0.66,2.37,24.23
20150809,29.5,35.69,24.13,59.83,0.13,3.34,22.94
20150810,29.08,35.17,25.1,60.07,0.98,3.44,19.8
20150811,29.54,37.15,23.96,61.11,0.08,2.42,21.72
20150812,29.45,34.93,24.77,59.04,0.09,3.05,19.9
20150813,28.65,33.77,24.84,64.24,0.58,2.56,22.17
20150814,30.27,37.76,23.51,56.75,0.64,2.53,21.76
20150815,29.92,35.84,24.88,61.85,1.51,1.86,20.51
20150816,27.3,30.73,24.58,75.97,25.32,1.79,19.03
20150817,28.62,34.94,23.86,69.0,4.71,1.59,22.86
20150818,28.24,33.95,23.85,72.16,4.81,2.13,22.28
20150819,27.49,32.9,23.73,74.3,3.02,2.52,24.65
20150820,27.84,32.81,23.11,70.2,0.03,2.52,25.18
20150821,28.62,35.29,23.42,69.19,4.85,2.33,22.05
20150822,28.63,34.32,24.09,68.76,5.06,1.33,13.12
20150823,28.64,36.25,23.16,61.15,1.01,1.91,19.81
20150824,28.62,35.29,22.51,60.64,0.18,1.65,22.67
20150825,29.19,36.2,23.81,58.07,0.02,2.05,24.3
20150826,29.12,36.46,23.86,58.35,0.0,1.92,21.01
20150827,28.45,35.25,23.22,63.8,0.01,2.27,23.84
20150828,29.39,37.25,22.77,59.45,0.0,2.15,23.88
20150829,30.31,38.3,23.14,60.11,0.0,1.96,24.68
20150830,30.89,38.63,23.45,55.4,0.0,1.28,25.24
20150831,30.93,38.43,23.73,55.06,0.0,1.2,25.31
20150901,30.36,36.37,25.48,61.19,1.67,1.05,22.5
20150902,28.3,33.58,25.21,70.39,15.55,1.58,20.84
20150903,28.43,33.21,24.45,70.18,8.82,0.79,17.65
20150904,27.83,31.97,25.04,71.89,0.36,1.34,18.51
20150905,27.78,33.26,23.87,73.2,4.77,2.25,19.35
20150906,26.91,31.68,23.42,76.74,1.82,2.59,21.69
20150907,26.36,30.02,23.28,74.88,0.91,2.62,12.09
20150908,27.57,34.76,21.94,63.97,0.55,2.96,19.14
20150909,27.46,33.92,22.06,67.12,0.82,2.69,22.58
20150910,28.02,34.88,22.76,67.97,0.6,2.54,22.05
20150911,27.71,33.23,23.11,71.27,0.68,2.24,21.25
20150912,29.22,37.14,23.61,63.45,0.31,2.4,21.3
20150913,28.96,36.4,23.21,63.01,0.01,2.26,22.96
20150914,29.56,38.38,22.54,59.42,0.03,3.12,24.18
20150915,28.51,35.99,22.82,65.84,0.25,2.98,22.63
20150916,29.31,37.78,22.92,62.81,0.95,3.5,21.76
20150917,28.49,34.31,23.97,60.28,0.28,3.14,21.47
20150918,29.17,35.78,23.51,61.0,0.31,2.06,21.65
20150919,29.12,35.23,24.49,64.54,0.44,2.01,20.24
20150920,28.92,34.96,24.37,66.89,0.42,1.69,20.77
20150921,28.29,34.28,23.64,63.42,0.02,1.43,21.92
20150922,30.62,38.07,23.95,60.53,0.07,1.08,22.51
20150923,29.15,32.83,25.67,67.38,0.9,1.19,19.7
20150924,29.27,35.43,25.33,64.58,0.54,2.35,20.62
20150925,30.31,37.75,23.84,61.47,0.77,1.59,22.65
20150926,31.1,38.72,25.08,58.28,1.39,1.75,22.16
20150927,26.94,29.58,24.91,82.36,47.98,1.14,18.35
20150928,27.28,32.37,23.51,76.33,6.03,1.6,19.96
20150929,25.83,29.38,23.65,87.27,47.74,1.57,18.81
20150930,25.97,29.97,22.84,80.96,4.17,1.43,15.77
20151001,25.68,29.47,22.45,83.05,2.76,2.04,12.72
20151002,26.23,30.45,22.83,81.98,6.85,2.2,21.18
20151003,28.03,34.71,22.07,74.15,1.81,1.33,21.35
20151004,27.05,30.72,24.31,77.97,1.38,1.33,16.93
20151005,26.51,31.29,23.2,81.25,6.46,1.04,14.66
20151006,27.73,34.92,22.61,69.59,3.83,1.55,20.83
20151007,27.34,34.27,21.73,72.93,3.12,1.93,22.8
20151008,27.08,32.93,23.12,75.81,2.15,2.28,23.52
20151009,27.09,33.85,22.69,73.18,0.98,2.25,23.18
20151010,27.28,32.85,23.04,75.79,1.54,1.86,23.28
20151011,27.72,33.02,23.03,75.21,3.79,0.94,22.6
20151012,26.03,29.0,24.05,87.17,10.2,1.27,20.98
20151013,26.8,32.27,23.04,76.28,0.4,1.27,18.77
20151014,27.05,32.68,23.11,74.71,1.1,1.41,20.06
20151015,27.03,33.07,22.93,73.02,0.23,1.21,21.14
20151016,27.24,33.77,21.95,71.07,0.06,1.51,20.74
20151017,27.04,33.73,21.55,74.27,0.1,1.89,22.02
20151018,26.41,30.24,23.15,84.75,7.61,1.66,11.96
20151019,26.41,29.81,24.1,85.51,6.54,1.54,18.34
20151020,26.89,31.88,23.2,80.29,1.71,1.56,19.62
20151021,27.46,33.34,23.1,75.22,0.11,1.71,19.05
20151022,27.43,33.46,22.68,73.45,0.15,1.54,20.36
20151023,27.48,33.64,22.78,70.65,0.36,1.36,20.35
20151024,26.94,31.97,22.85,78.55,4.42,1.94,11.92
20151025,26.3,32.38,21.23,73.07,2.06,2.52,21.57
20151026,26.36,32.43,21.15,71.29,0.06,2.19,11.81
20151027,25.91,30.68,22.48,73.44,1.36,1.41,11.31
20151028,25.35,28.7,22.97,82.78,5.97,1.55,16.24
20151029,26.28,32.23,21.13,75.16,0.73,1.87,16.15
20151030,25.75,29.84,22.25,81.16,5.37,1.57,12.33
20151031,24.78,27.37,23.34,90.15,11.49,1.61,10.89
20151101,25.31,28.93,23.1,88.35,11.63,2.43,10.4
20151102,24.99,28.47,22.2,87.18,12.71,1.43,12.14
20151103,26.11,31.13,22.53,82.18,8.49,1.13,17.38
20151104,26.01,30.69,23.1,84.51,16.11,1.36,18.18
20151105,25.9,29.43,23.07,84.91,12.0,0.93,16.84
20151106,25.77,30.03,22.7,84.53,4.81,1.68,19.8
20151107,25.1,28.58,22.72,89.14,11.03,2.12,16.36
20151108,24.62,27.19,22.58,90.33,7.87,1.85,5.98
20151109,25.1,28.73,22.47,86.71,5.25,2.0,8.2
20151110,26.6,31.96,22.66,79.64,2.69,1.56,19.63
20151111,25.36,29.94,21.72,83.64,1.79,1.16,17.82
20151112,25.71,29.12,22.96,84.58,3.12,1.15,15.57
20151113,23.94,27.16,22.14,88.99,9.68,1.95,7.4
20151114,23.83,26.38,22.14,90.27,3.63,2.13,5.65
20151115,24.29,28.25,21.85,88.19,6.98,1.8,8.96
20151116,24.51,27.98,21.84,87.32,4.25,1.38,14.68
20151117,25.13,28.6,22.44,88.1,4.5,1.22,19.06
20151118,24.68,26.37,23.38,93.63,13.7,1.8,15.69
20151119,24.77,26.78,23.54,92.13,2.5,1.48,14.63
20151120,24.78,27.77,22.48,91.26,4.89,1.69,18.77
20151121,24.7,28.25,22.73,87.3,5.77,2.08,17.29
20151122,24.8,28.15,22.77,91.4,23.21,2.63,15.19
20151123,24.55,26.81,22.64,89.49,5.29,1.42,17.17
20151124,25.23,29.09,22.77,89.49,2.51,2.23,20.42
20151125,24.09,28.68,19.98,85.36,0.03,2.23,22.21
20151126,23.46,28.87,18.71,85.53,0.01,1.88,21.31
20151127,24.18,28.2,21.13,88.82,0.13,1.96,17.11
20151128,23.99,28.14,20.95,86.24,0.26,1.92,18.13
20151129,24.1,28.06,21.14,89.98,28.29,2.19,15.12
20151130,23.92,26.85,21.88,89.81,10.0,2.05,16.67
20151201,24.38,27.31,22.27,90.27,2.0,2.32,13.84
20151202,24.19,26.0,22.68,93.26,4.93,1.02,15.03
20151203,24.43,28.93,21.28,88.01,2.32,2.77,13.24
20151204,24.56,28.29,22.22,89.22,4.6,3.07,13.33
20151205,24.04,26.58,22.43,93.08,7.27,3.28,9.38
20151206,24.48,26.54,23.02,94.72,5.37,2.99,14.69
20151207,24.57,27.47,22.63,92.55,13.24,2.99,9.16
20151208,23.18,25.38,21.89,91.86,8.77,3.36,8.07
20151209,23.69,26.82,21.21,92.49,3.18,2.07,13.54
20151210,24.62,28.06,22.26,92.72,7.28,1.88,15.48
20151211,24.8,28.5,22.23,90.06,3.15,1.69,14.84
20151212,24.72,28.05,22.57,91.06,3.51,1.52,16.71
20151213,25.06,29.09,22.06,87.06,0.6,0.99,18.01
20151214,25.32,29.37,22.07,89.2,7.73,1.43,14.01
20151215,24.94,29.37,21.89,88.57,1.89,1.72,13.68
20151216,23.06,27.95,19.21,87.24,0.05,1.81,18.81
20151217,23.49,28.59,18.47,88.2,0.57,1.49,18.22
20151218,24.16,28.19,21.23,90.62,9.66,1.77,12.74
20151219,24.41,28.68,21.54,89.91,6.43,2.12,15.35
20151220,24.06,28.15,21.19,89.62,1.6,2.05,16.74
20151221,22.66,27.9,18.88,82.17,0.02,1.58,20.97
20151222,22.18,28.09,17.23,84.89,0.0,1.66,21.27
20151223,22.93,27.91,18.96,86.99,0.0,1.86,19.45
20151224,22.62,27.93,17.99,86.63,0.0,1.79,17.13
20151225,22.5,28.05,17.56,85.94,0.0,2.21,20.19
20151226,22.72,27.64,18.49,87.11,0.0,2.65,16.93
20151227,23.62,28.68,20.06,87.11,3.36,3.17,13.96
20151228,23.51,28.01,20.11,86.8,1.01,3.64,8.64
20151229,23.6,28.71,19.06,86.15,0.47,3.02,11.29
20151230,23.33,28.66,19.48,82.17,0.01,2.53,20.05
20151231,22.51,28.26,17.71,83.83,0.0,2.64,18.84
20160101,22.0,28.05,16.53,82.02,0.0,2.67,19.63
20160102,21.91,28.43,17.06,81.18,0.0,2.57,19.14
20160103,21.35,28.31,16.11,78.93,0.0,2.23,21.46
20160104,21.59,28.23,16.07,82.24,0.0,2.12,21.1
20160105,22.67,29.05,17.27,81.54,0.0,2.1,19.82
20160106,23.26,29.06,18.36,81.91,0.01,2.22,16.14
20160107,23.18,28.54,18.55,83.88,0.0,2.14,18.39
20160108,22.85,28.77,18.0,80.82,0.0,2.13,17.75
20160109,22.84,28.69,19.11,81.3,0.0,2.0,18.1
20160110,22.63,29.08,17.47,81.58,0.0,2.27,19.5
20160111,22.42,28.98,17.36,78.82,0.0,2.25,20.76
20160112,22.0,29.14,16.39,78.35,0.0,2.21,20.55
20160113,22.41,29.27,17.01,78.45,0.0,1.85,19.01
20160114,21.27,26.94,17.26,78.19,0.0,1.85,20.4
20160115,21.14,27.68,15.91,78.58,0.0,1.76,21.2
20160116,22.48,29.6,16.16,78.4,0.0,1.83,20.45
20160117,23.0,28.92,18.9,78.69,0.0,1.76,18.69
20160118,23.44,30.03,17.44,77.53,0.0,1.76,19.07
20160119,24.66,30.94,19.62,79.03,0.0,1.62,19.54
20160120,25.35,31.7,20.64,78.32,0.23,1.68,17.51
20160121,25.6,31.77,21.38,79.97,0.23,1.99,13.79
20160122,25.2,31.3,20.75,78.39,0.03,2.0,18.0
20160123,25.26,31.54,20.96,78.53,0.01,2.43,20.21
20160124,25.88,32.44,20.79,77.08,0.02,2.45,17.85
20160125,25.89,31.97,21.77,77.33,0.0,2.37,16.57
20160126,25.44,32.23,20.5,75.34,0.0,2.02,20.6
20160127,25.22,32.14,20.37,75.13,0.01,2.0,20.73
20160128,24.53,32.49,18.91,70.66,0.0,1.69,23.04
20160129,24.02,32.33,17.35,69.93,0.0,1.97,22.19
20160130,23.7,31.57,17.69,74.24,0.0,2.03,22.34
20160131,23.47,31.08,18.06,76.63,0.0,2.08,20.47
20160201,23.63,30.94,18.17,72.8,0.0,1.7,18.93
20160202,23.35,31.81,16.33,71.84,0.0,2.03,22.08
20160203,23.58,31.79,17.81,68.53,0.0,1.75,22.41
20160204,23.59,32.36,16.67,67.97,0.0,2.17,22.28
20160205,24.26,31.99,17.62,69.29,0.0,1.94,20.63
20160206,24.59,30.91,18.93,73.19,0.0,1.69,19.3
20160207,26.1,32.75,20.48,72.16,0.33,1.68,21.26
20160208,26.56,34.12,21.37,71.94,0.14,2.03,20.63
20160209,26.13,33.58,20.22,69.22,0.02,1.76,20.88
20160210,26.1,34.19,19.96,67.19,0.16,1.77,21.23
20160211,26.14,34.44,20.06,65.39,0.25,1.77,21.92
20160212,26.1,34.32,19.82,63.12,0.0,1.85,21.9
20160213,26.4,34.52,19.62,63.36,0.0,1.73,22.99
20160214,25.89,33.54,20.04,66.74,0.0,1.97,22.0
20160215,26.37,34.48,19.27,67.38,0.0,2.2,21.71
20160216,26.92,34.4,21.28,66.35,0.0,2.44,21.16
20160217,26.63,32.86,21.32,68.14,0.0,2.68,18.73
20160218,27.26,33.72,22.59,67.8,0.0,3.1,18.85
20160219,27.46,34.69,21.62,67.24,0.0,2.53,19.28
20160220,28.26,36.42,21.63,66.72,0.11,2.18,20.12
20160221,28.62,36.97,22.92,65.28,0.53,1.82,22.94
20160222,28.45,37.19,22.34,61.34,0.17,1.8,24.53
20160223,27.38,36.39,21.19,59.98,0.0,1.54,25.47
20160224,27.61,37.04,20.31,56.26,0.0,1.51,24.56
20160225,28.56,37.37,21.31,60.83,0.0,1.87,21.04
20160226,28.51,36.32,23.19,65.21,0.04,2.64,21.17
20160227,27.73,35.11,21.03,65.97,0.01,2.99,19.7
20160228,28.5,34.91,23.37,66.37,0.48,2.65,20.71
20160229,26.77,31.58,22.94,67.98,0.14,2.39,20.26
20160301,27.83,34.14,22.07,66.35,0.1,2.49,22.35
20160302,28.32,35.83,22.19,63.55,0.0,2.49,19.6
20160303,26.57,32.29,22.56,64.97,0.0,2.0,24.0
20160304,26.72,34.03,20.42,64.49,0.0,2.05,20.54
20160305,28.47,37.11,21.45,60.79,0.0,2.11,23.16
20160306,28.85,36.99,22.98,57.79,0.0,2.04,23.43
20160307,29.1,37.37,23.4,58.03,0.0,2.05,23.25
20160308,28.36,36.13,22.01,59.36,0.0,2.01,23.83
20160309,29.39,37.44,23.14,57.92,0.0,1.69,20.8
20160310,29.36,35.99,24.58,60.68,0.0,1.61,21.14
20160311,30.63,38.78,24.49,56.96,0.09,1.76,22.27
20160312,30.64,39.1,24.24,55.27,0.12,2.1,22.89
20160313,30.22,36.4,24.58,55.0,0.4,1.39,23.61
20160314,30.74,39.52,23.72,57.08,0.0,2.26,20.97
20160315,31.29,40.19,23.66,53.04,0.06,2.05,22.48
20160316,30.98,39.2,24.56,56.81,0.88,2.25,23.51
20160317,31.36,39.94,24.61,53.62,0.14,2.07,22.34
20160318,31.06,39.53,24.2,50.3,0.0,2.19,25.0
20160319,31.33,40.6,24.13,42.62,0.0,1.97,26.36
20160320,31.31,40.32,24.57,42.72,0.0,2.09,25.81
20160321,31.6,40.67,24.11,43.16,0.0,2.27,23.84
20160322,32.52,40.88,24.97,43.86,0.56,2.16,24.77
20160323,32.54,41.06,25.94,50.13,0.13,2.67,24.85
20160324,31.28,39.58,25.16,52.03,0.02,2.23,24.97
20160325,30.16,38.94,23.35,49.97,0.07,2.12,26.26
20160326,30.03,38.92,22.86,48.79,0.0,2.13,26.81
20160327,30.57,39.26,23.37,50.85,0.02,1.95,24.83
20160328,31.14,39.51,24.65,55.83,3.02,2.52,21.48
20160329,30.42,37.26,25.74,63.46,1.32,2.38,20.7
20160330,30.65,38.53,24.88,61.04,2.02,2.23,24.98
20160331,30.76,38.53,24.87,57.27,0.03,1.9,24.11
20160401,31.1,39.52,24.36,54.42,0.07,1.86,25.86
20160402,31.53,39.78,24.89,52.47,0.0,2.01,25.83
20160403,32.1,40.93,24.67,49.28,0.01,2.06,25.33
20160404,31.86,40.3,25.1,49.51,0.01,2.1,25.54
20160405,32.21,40.76,24.88,49.03,0.0,2.29,24.69
20160406,32.6,40.34,26.06,51.75,0.01,2.12,24.59
20160407,32.22,39.34,26.76,53.9,0.47,2.41,23.64
20160408,31.87,39.79,25.95,57.71,0.78,2.4,23.42
20160409,30.44,36.12,26.26,67.31,17.42,1.29,19.2
20160410,29.48,35.4,25.49,71.07,6.25,1.25,22.22
20160411,30.97,38.72,24.71,61.55,0.19,1.65,24.61
20160412,31.71,38.59,25.53,58.41,0.0,1.87,25.47
20160413,32.91,40.72,25.91,54.31,0.0,1.48,25.82
20160414,32.24,38.34,27.91,59.0,0.63,2.03,22.96
20160415,32.03,39.52,26.18,59.96,0.24,2.22,22.9
20160416,32.18,38.91,26.54,57.65,0.04,2.12,23.72
20160417,31.04,36.27,26.83,60.32,0.0,1.42,23.2
20160418,31.68,39.03,26.5,59.88,0.02,2.23,22.34
20160419,31.42,38.44,26.34,62.59,0.56,2.44,21.82
20160420,31.55,38.72,26.11,60.33,1.06,2.09,23.0
20160421,32.19,39.01,25.94,54.66,0.15,1.4,21.28
20160422,33.55,41.25,26.5,49.74,0.08,1.64,24.05
20160423,35.19,43.34,27.22,41.96,0.24,1.73,25.6
20160424,34.85,42.03,28.54,45.62,0.14,2.36,24.73
20160425,34.1,41.26,28.83,48.12,0.03,2.63,24.15
20160426,32.35,39.25,27.37,54.57,0.13,2.52,24.68
20160427,31.17,35.96,26.87,57.71,0.19,1.91,23.62
20160428,32.42,40.23,26.0,54.21,0.13,2.57,25.53
20160429,32.14,39.61,26.23,53.51,0.05,2.34,24.98
20160430,32.61,40.98,25.86,50.5,0.03,2.79,24.13
20160501,32.78,41.19,25.9,50.2,0.02,2.71,24.97
20160502,33.81,42.31,26.87,48.03,0.01,2.5,26.14
20160503,33.16,40.07,28.06,50.26,0.0,2.33,25.31
20160504,33.18,40.8,26.71,52.26,0.06,2.52,24.77
20160505,32.75,39.86,27.01,52.29,0.42,2.42,22.26
20160506,32.92,39.64,27.04,51.54,4.59,1.81,22.13
20160507,31.27,36.59,27.44,60.47,5.13,1.57,22.5
20160508,31.61,37.95,26.16,60.54,3.05,1.69,24.24
20160509,30.63,36.08,26.99,62.96,0.64,2.08,22.03
20160510,30.9,37.66,25.72,58.26,1.23,2.11,18.66
20160511,28.75,33.24,25.46,68.79,11.15,1.32,17.3
20160512,30.07,36.98,24.79,61.73,0.22,1.72,16.55
20160513,31.25,38.72,24.99,57.89,0.31,1.73,22.71
20160514,29.84,35.28,26.06,67.66,5.37,1.75,18.09
20160515,27.91,32.39,24.63,74.28,13.99,1.7,6.2
20160516,26.56,31.3,23.53,70.94,23.14,3.2,5.52
20160517,26.54,30.02,24.48,69.88,7.99,3.29,9.53
20160518,29.39,36.2,24.15,67.42,1.03,2.85,16.43
20160519,29.7,36.62,24.73,67.83,4.22,2.69,22.03
20160520,29.16,35.22,25.44,69.47,0.72,2.67,17.84
20160521,31.4,39.13,24.85,59.08,0.0,1.96,23.64
20160522,31.58,38.42,26.54,60.13,0.02,1.88,24.29
20160523,32.5,39.61,26.5,56.65,0.01,2.0,24.62
20160524,31.06,37.26,26.75,61.29,0.04,2.26,23.85
20160525,30.59,36.08,26.88,65.87,1.9,2.26,23.89
20160526,30.21,35.72,25.67,63.53,0.35,2.52,24.59
20160527,29.51,36.35,25.76,68.34,2.03,1.45,22.29
20160528,29.17,35.14,24.95,69.13,3.63,2.57,22.84
20160529,28.25,32.36,25.12,69.83,0.53,2.68,23.39
20160530,28.97,34.55,24.3,66.74,5.64,1.89,23.58
20160531,29.29,36.59,23.99,66.75,3.62,2.14,23.33
20160601,29.57,35.19,25.13,66.12,0.6,1.6,23.02
20160602,28.74,33.5,24.85,69.34,3.17,1.61,22.07
20160603,28.73,33.84,24.47,69.5,0.71,2.15,18.33
20160604,29.91,35.79,24.69,63.56,1.03,1.32,22.86
20160605,30.05,36.73,24.99,64.3,1.04,2.12,22.17
20160606,29.25,35.55,24.63,66.45,0.41,2.92,22.82
20160607,28.13,31.65,25.57,79.67,4.69,2.73,20.0
20160608,28.09,33.3,24.46,75.54,3.03,2.4,16.81
20160609,27.37,32.04,23.02,77.12,1.3,2.93,19.67
20160610,28.25,33.83,24.23,67.28,0.6,3.07,21.77
20160611,28.35,34.92,23.1,68.1,2.09,2.67,21.66
20160612,28.85,35.17,23.67,62.65,0.19,3.14,20.87
20160613,29.19,36.16,24.63,60.42,0.09,3.01,23.67
20160614,29.89,37.85,23.35,57.61,0.02,3.02,23.43
20160615,29.79,37.69,23.73,56.82,0.03,3.82,25.06
20160616,29.75,37.45,23.61,59.64,0.13,3.46,21.61
20160617,28.86,33.97,25.19,63.49,0.56,2.47,21.6
20160618,27.77,31.85,23.99,63.7,2.32,2.7,14.91
20160619,28.66,35.86,23.25,62.52,2.12,2.01,19.41
20160620,28.58,34.27,24.76,64.81,0.29,1.41,18.6
20160621,28.21,33.0,24.4,66.45,0.27,1.51,18.34
20160622,28.11,34.0,23.36,59.94,0.41,2.84,16.93
20160623,26.6,31.09,23.23,62.67,1.82,4.0,14.29
20160624,27.5,33.16,23.01,59.64,0.05,3.18,11.77
20160625,28.95,36.39,22.83,56.61,0.03,3.46,19.5
20160626,29.45,37.08,24.01,59.41,0.43,2.71,17.62
20160627,29.59,36.88,23.94,60.36,1.12,3.4,20.48
20160628,28.61,34.28,24.18,60.87,0.66,3.66,13.22
20160629,28.28,33.62,24.21,63.91,2.2,3.59,16.05
20160630,29.07,34.77,25.04,57.05,0.07,4.38,17.73
20160701,29.62,35.16,25.41,53.24,0.07,4.61,23.86
20160702,29.92,35.53,26.22,50.13,0.05,4.4,23.78
20160703,30.21,37.46,24.88,50.56,0.23,4.28,24.06
20160704,29.74,35.86,25.32,53.85,0.54,3.27,20.57
20160705,31.09,38.54,24.99,53.27,0.15,2.62,22.84
20160706,30.26,36.61,25.99,60.55,1.78,2.72,21.31
20160707,30.03,36.49,25.7,54.04,0.3,3.12,21.0
20160708,29.08,34.7,25.32,49.38,0.9,4.9,20.66
20160709,29.01,35.13,23.57,56.55,1.08,4.37,20.38
20160710,29.45,34.08,25.96,59.4,0.27,4.45,21.92
20160711,29.98,36.45,25.3,56.85,0.57,4.13,20.38
20160712,29.76,35.36,25.71,56.38,0.39,3.87,18.9
20160713,30.54,38.11,24.75,51.16,0.11,3.21,22.71
20160714,30.81,37.32,25.48,53.04,2.57,2.05,21.78
20160715,29.65,35.33,25.38,60.55,3.66,1.72,20.56
20160716,28.34,32.93,25.08,69.08,14.96,1.35,20.93
20160717,26.56,30.08,24.02,77.15,6.8,1.23,15.55
20160718,26.61,31.01,23.4,75.48,4.26,1.39,21.05
20160719,28.12,34.97,22.28,64.92,0.3,2.04,20.45
20160720,28.66,34.48,23.68,59.9,0.24,2.15,19.09
20160721,28.68,35.15,23.46,58.82,0.22,2.92,16.1
20160722,28.39,34.83,23.81,58.73,0.18,3.28,18.96
20160723,27.83,33.84,23.73,61.53,0.43,2.84,16.05
20160724,27.79,32.83,23.89,70.15,5.89,1.6,20.18
20160725,27.51,32.72,23.62,72.93,36.86,0.94,19.92
20160726,25.37,27.82,23.34,81.46,29.82,1.03,20.47
20160727,25.98,29.43,23.31,81.99,11.4,1.08,21.16
20160728,26.99,30.93,23.02,77.71,5.43,1.07,21.62
20160729,27.69,32.69,23.27,71.47,1.03,1.93,18.23
20160730,27.27,32.68,23.12,71.05,1.32,1.87,20.8
20160731,28.04,36.03,21.68,67.44,0.21,2.54,22.53
20160801,27.42,33.56,22.25,69.0,0.15,2.78,23.77
20160802,27.11,34.22,22.29,66.92,0.02,3.01,24.52
20160803,27.48,34.78,22.01,67.02,0.06,3.28,22.21
20160804,28.01,35.14,22.76,66.5,0.14,3.17,21.61
20160805,27.49,32.82,23.36,65.42,0.2,3.18,19.02
20160806,28.22,35.36,22.98,62.97,0.11,2.86,25.52
20160807,28.65,36.31,22.66,64.04,0.07,2.26,23.91
20160808,29.12,36.22,23.1,63.17,0.13,1.89,24.68
20160809,29.31,35.84,24.34,62.31,1.14,2.31,22.73
20160810,29.29,36.1,23.5,62.47,0.15,1.97,24.52
20160811,28.85,34.74,23.28,62.9,0.08,1.68,24.81
20160812,29.16,35.38,23.73,62.96,0.16,2.34,22.59
20160813,29.85,36.84,23.96,62.39,0.56,2.0,23.32
20160814,29.6,37.09,23.95,60.33,0.22,2.7,22.37
20160815,28.87,35.59,23.62,61.26,0.35,3.36,22.78
20160816,28.98,36.65,23.34,60.12,0.16,3.99,23.66
20160817,29.08,36.61,23.43,59.78,0.17,3.36,21.79
20160818,29.82,37.56,23.89,59.43,0.08,3.07,23.44
20160819,29.96,37.43,23.77,57.68,0.19,2.54,23.46
20160820,29.96,36.81,23.83,61.41,0.39,1.55,23.11
20160821,30.43,37.14,24.95,60.76,3.23,2.02,19.62
20160822,29.38,35.12,24.79,64.3,0.69,2.0,21.92
20160823,28.17,33.05,24.49,68.63,4.36,2.0,19.42
20160824,28.58,34.28,23.62,66.75,0.45,1.85,23.13
20160825,27.77,32.1,24.57,68.95,0.37,1.65,21.34
20160826,27.98,33.89,23.48,71.07,14.4,1.49,20.05
20160827,27.69,33.85,23.7,69.83,9.94,2.3,16.18
20160828,28.53,35.9,22.99,64.66,3.03,2.22,23.28
20160829,28.81,36.82,23.05,59.33,0.86,2.75,22.62
20160830,27.08,32.82,23.46,69.01,10.64,2.31,16.42
20160831,26.86,33.81,21.95,66.94,7.35,2.23,20.26
20160901,26.63,32.31,22.25,65.16,7.74,2.32,21.36
20160902,26.75,32.63,22.39,67.83,0.77,2.05,18.95
20160903,27.98,34.61,22.2,64.29,0.46,1.67,23.08
20160904,28.41,34.81,23.27,65.35,0.26,1.86,17.98
20160905,28.04,35.34,22.48,62.99,0.0,2.01,23.0
20160906,27.23,34.03,21.71,64.27,0.01,2.5,22.84
20160907,28.18,36.97,20.99,57.83,0.0,2.45,24.01
20160908,28.33,35.98,22.18,59.47,0.0,2.13,25.14
20160909,29.36,36.06,23.48,61.44,0.3,1.36,24.05
20160910,29.18,35.35,24.7,65.23,2.0,1.55,21.21
20160911,28.6,34.78,23.42,61.04,0.06,1.89,19.98
20160912,28.72,34.94,23.4,59.08,0.04,2.07,24.41
20160913,29.0,36.7,23.49,61.32,0.1,2.2,21.31
20160914,29.11,35.25,23.85,62.14,0.1,2.04,21.11
20160915,29.32,37.03,23.79,61.62,0.17,1.73,21.47
20160916,29.62,37.76,23.42,60.35,0.11,2.18,22.98
20160917,29.11,36.6,22.94,60.34,0.03,2.12,22.76
20160918,28.32,35.19,22.81,61.24,0.11,2.42,22.04
20160919,29.7,37.93,23.15,57.77,0.19,1.94,23.99
20160920,29.11,36.0,23.9,58.6,1.7,2.68,22.97
20160921,29.08,36.08,23.37,60.04,0.33,2.47,19.41
20160922,28.15,34.2,23.69,60.1,0.01,2.85,23.84
20160923,28.89,36.14,22.01,56.46,0.05,2.62,24.2
20160924,29.16,37.97,23.25,55.68,0.1,3.21,24.5
20160925,29.72,38.57,22.13,55.6,0.1,2.49,23.17
20160926,30.69,38.77,23.4,53.03,0.5,2.19,22.63
20160927,29.78,37.12,24.34,58.3,1.2,1.51,21.7
20160928,28.89,34.0,25.46,68.26,7.81,1.2,16.97
20160929,28.51,33.65,24.11,71.1,2.78,1.08,18.25
20160930,28.69,35.26,23.92,63.83,0.23,1.98,15.64
20161001,29.78,37.68,23.01,57.09,0.0,1.0,23.18
20161002,30.12,38.2,23.05,55.06,0.0,1.19,23.64
20161003,30.45,37.82,23.67,55.53,0.0,1.15,24.47
20161004,30.89,37.22,25.42,53.92,0.18,1.15,23.84
20161005,29.38,34.48,24.8,59.69,9.09,1.73,22.81
20161006,29.06,35.61,22.94,64.04,1.98,1.36,22.67
20161007,29.09,35.08,23.77,59.32,0.03,1.02,23.14
20161008,29.56,36.36,23.89,55.22,0.0,1.03,24.35
20161009,29.71,37.51,23.31,55.29,0.0,2.02,24.06
20161010,30.2,38.87,22.51,52.7,0.0,1.55,24.49
20161011,30.56,38.79,23.02,49.67,0.02,1.07,24.07
20161012,30.21,37.64,24.39,54.57,0.91,1.51,21.96
20161013,28.24,33.15,25.26,69.33,11.02,1.02,17.64
20161014,27.9,32.83,24.2,70.54,1.41,1.05,18.87
20161015,27.86,33.06,24.15,69.26,0.72,1.58,12.6
20161016,28.27,34.33,23.62,66.04,0.53,1.56,18.7
20161017,28.08,34.48,23.96,68.59,0.1,1.39,18.15
20161018,28.38,34.04,24.44,66.72,0.16,1.1,17.53
20161019,28.83,34.02,24.32,63.2,0.27,0.98,16.88
20161020,27.88,33.89,24.31,69.72,2.05,1.34,9.78
20161021,25.65,28.25,23.39,80.61,7.2,1.41,9.44
20161022,26.73,32.91,22.09,71.96,2.94,0.67,18.21
20161023,27.91,34.32,22.91,69.76,3.85,1.05,18.34
20161024,28.3,34.57,22.6,65.1,0.35,1.19,19.8
20161025,27.89,33.45,23.52,65.55,0.36,1.27,16.96
20161026,27.97,34.3,23.27,65.6,0.23,1.44,17.8
20161027,27.67,33.83,23.1,66.24,0.05,1.25,17.52
20161028,28.98,35.81,22.71,59.81,0.0,1.16,19.47
20161029,30.26,37.85,23.71,57.91,0.72,1.1,18.55
20161030,28.09,32.74,24.32,71.24,6.61,1.48,10.62
20161031,25.76,28.07,24.27,87.95,20.53,0.74,14.89
20161101,26.68,31.97,23.12,72.46,1.08,1.64,16.8
20161102,26.68,32.87,22.79,75.81,7.76,1.94,10.98
20161103,26.06,30.59,22.86,77.97,3.48,1.34,10.66
20161104,26.85,32.68,23.29,77.75,1.78,1.35,12.93
20161105,28.41,34.41,23.67,67.89,0.14,1.48,18.82
20161106,28.51,35.66,23.38,63.13,0.04,1.31,17.69
20161107,27.95,35.1,22.38,59.71,0.01,1.87,20.33
20161108,26.65,32.67,22.14,69.69,0.98,1.72,16.14
20161109,25.85,32.57,21.1,66.31,1.28,2.16,13.2
20161110,25.38,33.3,18.92,60.73,0.0,1.74,19.4
20161111,25.99,33.46,19.98,68.47,0.01,1.52,19.22
20161112,27.02,34.08,21.55,69.61,0.12,1.73,19.79
20161113,27.24,33.63,22.77,74.28,1.39,2.04,14.45
20161114,26.99,33.15,22.91,77.04,3.5,2.02,14.13
20161115,27.01,34.14,22.34,71.41,1.75,2.18,19.96
20161116,26.5,33.35,20.68,74.78,1.36,2.58,13.98
20161117,26.14,31.32,22.75,76.94,2.5,2.81,15.17
20161118,26.69,33.58,21.58,69.64,0.25,2.84,13.73
20161119,25.59,31.52,21.18,73.66,1.39,2.18,10.26
20161120,25.77,32.12,21.52,71.32,0.3,2.03,11.33
20161121,25.42,31.6,20.9,74.24,0.39,2.03,11.84
20161122,26.63,34.1,21.04,68.76,0.23,2.36,15.18
20161123,25.95,33.61,21.21,68.76,0.14,2.56,19.87
20161124,24.78,33.4,18.66,64.35,0.03,2.33,20.55
20161125,25.08,33.85,18.44,66.11,0.0,2.16,20.24
20161126,25.5,34.1,19.46,64.61,0.0,1.93,19.24
20161127,24.99,33.69,19.07,61.07,0.0,1.96,20.49
20161128,24.38,33.53,17.93,56.69,0.0,1.69,16.93
20161129,24.47,32.75,18.52,56.98,0.0,1.65,15.09
20161130,24.31,30.58,19.02,57.28,0.0,1.85,13.15
20161201,24.41,30.59,19.84,54.21,2.36,2.29,5.76
20161202,23.87,29.55,20.38,81.95,38.49,2.56,10.27
20161203,25.06,30.99,21.63,82.42,8.19,1.86,13.07
20161204,25.65,32.1,21.28,77.91,3.25,1.61,16.34
20161205,26.34,32.9,21.28,74.81,0.15,1.96,17.41
20161206,25.11,32.32,20.05,68.33,0.19,2.68,18.5
20161207,24.96,32.86,17.45,69.45,0.0,1.79,18.87
20161208,25.94,31.42,21.56,75.4,1.57,1.74,16.06
20161209,26.2,32.53,21.26,73.66,0.8,1.4,15.51
20161210,27.21,34.3,22.63,66.68,0.0,0.98,13.04
20161211,26.21,34.32,19.93,57.11,0.0,1.1,16.65
20161212,26.78,35.32,19.37,57.34,0.02,2.09,17.44
20161213,26.8,32.91,22.27,66.26,0.87,1.26,19.52
20161214,25.76,32.98,21.03,66.94,0.41,1.52,18.97
20161215,25.57,32.66,19.86,72.39,0.13,1.95,18.17
20161216,25.86,32.75,20.09,71.59,0.02,2.16,19.12
20161217,25.72,33.31,20.55,66.62,0.0,2.27,19.52
20161218,25.29,33.35,19.35,67.23,0.0,2.12,18.65
20161219,25.62,33.47,19.16,63.03,0.03,2.63,16.61
20161220,25.49,31.93,20.87,76.0,1.7,3.01,13.1
20161221,26.2,33.01,21.72,75.57,0.26,2.35,17.61
20161222,25.77,33.79,20.24,67.14,0.0,1.7,19.83
20161223,24.23,33.29,17.59,62.23,0.03,1.52,20.45
20161224,23.49,32.21,16.94,61.27,0.0,1.51,20.5
20161225,23.63,32.71,17.22,63.68,0.0,1.49,20.91
20161226,24.38,33.56,16.51,61.93,0.0,1.75,18.93
20161227,26.08,34.2,19.33,64.98,0.89,2.58,17.24
20161228,25.53,32.15,21.25,77.92,3.91,3.23,14.3
20161229,25.31,32.51,20.4,71.93,0.6,3.2,18.64
20161230,24.52,32.49,18.5,66.87,0.0,2.58,19.68
20161231,23.8,32.38,16.99,63.49,0.0,2.16,21.36
20170101,24.61,32.96,17.0,64.88,0.0,2.2,19.08
20170102,25.47,33.37,20.04,64.01,0.0,2.3,19.67
20170103,25.07,33.97,18.96,59.38,0.0,2.35,21.04
20170104,24.41,33.08,16.93,57.02,0.0,2.15,21.79
20170105,24.58,33.09,17.9,61.62,0.0,2.08,19.52
20170106,24.61,33.09,17.63,61.84,0.0,1.89,19.17
20170107,24.62,32.92,18.52,62.34,0.0,1.86,19.22
20170108,24.4,32.86,17.89,59.86,0.0,2.01,20.41
20170109,23.81,32.99,16.67,55.99,0.0,1.8,22.43
20170110,24.49,33.43,16.32,55.62,0.0,1.47,22.01
20170111,25.47,33.62,19.01,56.33,0.0,1.48,18.21
20170112,25.63,33.08,19.46,59.63,0.0,1.53,18.77
20170113,25.73,32.83,19.98,62.17,0.0,1.92,17.82
20170114,25.88,33.03,20.54,59.65,0.0,2.69,16.24
20170115,25.28,33.38,18.47,60.93,0.0,2.65,18.62
20170116,25.36,33.62,19.05,60.38,0.0,2.26,16.12
20170117,24.33,33.12,17.67,54.74,0.0,2.47,20.69
20170118,23.76,32.42,15.9,59.96,0.0,3.01,19.97
20170119,24.96,33.26,17.64,58.65,0.0,2.95,17.69
20170120,25.84,34.01,18.58,63.36,1.62,3.22,18.66
20170121,24.26,28.91,21.34,83.32,22.13,3.47,11.03
20170122,24.78,31.29,20.08,74.33,4.99,2.98,15.47
20170123,24.32,32.27,17.42,70.4,0.0,2.84,20.06
20170124,24.51,32.02,19.02,66.87,0.0,2.94,15.58
20170125,24.74,30.78,20.23,71.13,0.27,2.98,9.89
20170126,25.01,30.19,21.32,77.96,1.12,2.96,9.88
20170127,25.01,29.49,22.14,83.48,5.26,2.69,8.94
20170128,25.34,31.32,21.74,79.53,4.49,2.47,15.44
20170129,25.84,32.54,21.47,76.99,2.48,2.59,17.05
20170130,26.07,33.86,20.35,67.25,0.01,2.38,17.9
20170131,25.24,33.55,19.71,66.99,0.0,2.07,21.25
20170201,23.81,32.46,17.11,65.75,0.0,2.1,23.49
20170202,23.53,32.5,15.96,65.6,0.0,2.08,23.58
20170203,23.54,32.58,16.4,66.6,0.0,2.29,24.61
20170204,23.9,32.68,16.93,65.53,0.0,2.32,23.99
20170205,23.54,32.35,16.24,64.45,0.0,1.99,23.68
20170206,24.26,33.23,17.33,63.45,0.0,1.57,21.93
20170207,24.73,33.89,17.9,59.65,0.0,1.6,23.64
20170208,24.3,34.1,16.35,51.57,0.0,2.24,24.5
20170209,23.91,33.66,15.72,60.3,0.0,2.21,24.33
20170210,24.43,33.89,16.7,60.98,0.0,1.99,23.72
20170211,24.78,33.82,17.18,61.52,0.0,2.21,24.09
20170212,24.87,33.48,17.4,61.15,0.0,2.56,23.21
20170213,25.44,34.03,17.08,62.56,0.08,2.85,22.15
20170214,26.23,33.32,21.34,69.08,1.78,4.52,13.28
20170215,26.65,34.61,21.28,59.2,0.0,3.82,19.87
20170216,25.33,34.21,18.16,61.88,0.0,3.49,22.15
20170217,24.41,33.62,16.73,58.68,0.0,3.0,23.99
20170218,25.02,34.42,17.08,57.49,0.0,2.45,23.73
20170219,25.52,35.93,17.09,56.16,0.0,1.91,22.49
20170220,26.85,35.77,18.79,45.69,0.0,1.36,23.91
20170221,28.43,38.02,20.51,48.47,0.0,1.91,18.94
20170222,28.87,38.45,21.89,50.68,0.0,1.92,24.66
20170223,28.11,37.39,21.14,54.25,0.0,1.75,25.04
20170224,27.74,37.18,20.99,53.45,0.0,2.23,23.68
20170225,27.32,37.37,18.85,50.99,0.0,2.06,23.86
20170226,27.84,36.54,20.44,46.98,0.0,2.3,19.4
20170227,27.38,35.65,20.41,55.16,0.0,2.48,18.47
20170228,27.94,36.39,20.92,58.71,0.0,3.15,18.62
20170301,26.85,34.64,20.74,55.84,0.0,2.63,21.48
20170302,27.17,35.27,21.35,56.6,0.08,2.74,17.28
20170303,28.15,35.75,21.83,60.91,5.59,2.29,13.61
20170304,27.12,32.73,23.57,75.21,6.95,1.63,15.83
20170305,28.7,36.43,22.39,65.43,0.71,1.95,20.7
20170306,28.49,34.35,23.55,68.9,0.87,2.04,20.0
20170307,29.54,36.98,23.24,61.69,0.1,2.03,20.31
20170308,29.19,35.68,24.44,63.44,1.05,2.43,19.93
20170309,29.2,36.5,23.71,65.38,1.95,2.08,19.77
20170310,27.42,31.71,24.42,76.09,8.17,1.09,21.33
20170311,27.62,32.73,24.16,74.23,6.85,1.01,19.98
20170312,28.4,35.34,22.79,67.89,3.17,1.33,20.86
20170313,28.32,33.94,23.27,69.14,1.14,1.73,19.78
20170314,26.71,31.13,23.71,78.65,5.05,1.45,19.71
20170315,26.3,31.09,23.19,80.11,9.38,1.72,15.01
20170316,26.0,30.78,22.96,77.28,1.46,1.63,19.25
20170317,28.1,35.63,22.21,65.93,0.42,1.39,21.51
20170318,28.68,36.03,22.59,63.56,0.21,1.7,22.82
20170319,29.54,37.19,23.02,61.21,0.09,1.62,23.29
20170320,29.9,37.45,23.65,59.64,1.14,1.63,22.19
20170321,29.46,36.72,23.69,61.63,1.54,1.63,21.93
20170322,28.99,35.5,23.63,61.6,0.01,1.96,23.86
20170323,28.56,36.76,22.55,59.14,0.0,1.89,25.22
20170324,27.85,36.69,20.95,55.12,0.0,1.84,25.95
20170325,28.01,37.41,20.36,50.66,0.0,2.12,27.04
20170326,27.9,37.7,19.54,55.53,0.0,2.34,26.62
20170327,28.07,37.2,20.45,54.35,0.0,1.47,26.79
20170328,29.49,38.01,22.38,56.41,0.0,1.79,24.02
20170329,30.05,38.29,23.64,52.61,0.0,1.61,22.34
20170330,30.49,38.4,23.73,53.54,0.05,1.77,23.59
20170331,30.05,36.2,25.63,60.65,0.41,1.97,23.08
20170401,30.44,39.06,23.98,51.74,0.0,1.69,26.78
20170402,30.58,39.41,23.51,50.42,0.02,2.11,26.55
20170403,31.38,39.96,24.01,54.35,0.11,2.46,25.34
20170404,31.82,39.86,25.18,54.4,0.0,2.39,24.77
20170405,32.3,40.18,26.07,50.07,0.0,2.47,25.39
20170406,32.11,40.21,26.08,50.06,0.26,2.19,25.25
20170407,31.79,39.37,25.06,48.64,0.19,2.07,25.19
20170408,31.69,40.02,25.66,48.5,0.02,2.16,24.32
20170409,31.31,38.94,25.08,51.54,0.4,2.29,24.77
20170410,32.0,40.05,25.0,46.75,0.03,1.89,23.03
20170411,32.2,38.28,26.39,47.36,0.42,1.75,22.01
20170412,31.58,37.74,26.64,54.6,0.16,2.17,23.3
20170413,31.72,38.93,25.69,56.8,0.14,2.56,22.58
20170414,32.04,39.78,26.01,50.98,0.15,1.84,20.98
20170415,32.98,41.19,25.71,45.99,0.0,2.38,23.54
20170416,33.84,41.79,26.38,43.13,0.05,2.14,24.19
20170417,34.6,42.7,26.9,38.03,0.03,1.54,23.85
20170418,34.95,42.74,27.63,35.11,0.01,1.59,24.05
20170419,34.54,42.63,27.05,40.17,0.04,1.82,24.41
20170420,33.86,41.37,27.57,44.45,0.48,1.99,24.43
20170421,33.8,40.91,27.3,43.69,0.06,1.51,24.59
20170422,34.44,41.85,28.24,41.21,0.66,1.77,23.0
20170423,33.78,40.46,27.73,46.57,0.83,2.06,23.31
20170424,34.48,41.55,28.09,42.9,0.12,2.04,23.16
20170425,34.55,41.52,28.3,41.69,0.01,1.53,22.91
20170426,33.43,39.77,28.33,46.91,1.57,1.57,23.64
20170427,33.09,40.74,28.18,48.3,0.24,2.21,25.34
20170428,32.78,41.11,26.05,48.35,0.05,2.44,25.95
20170429,32.92,41.11,26.13,45.69,0.07,2.42,25.11
20170430,32.51,40.39,26.58,47.0,1.16,2.49,24.87
20170501,31.85,39.04,25.79,51.01,1.44,1.92,21.94
20170502,31.53,38.93,25.98,54.23,4.79,2.19,22.44
20170503,30.59,37.63,25.5,59.03,2.13,2.16,20.36
20170504,31.43,38.9,25.29,54.27,0.55,2.09,23.46
20170505,31.72,39.29,25.76,54.94,0.74,2.69,21.71
20170506,30.35,36.39,26.41,65.44,7.76,2.03,21.74
20170507,29.88,34.95,25.52,68.36,1.12,1.42,21.75
20170508,30.41,36.9,25.98,53.31,1.4,2.24,21.49
20170509,31.5,39.49,23.55,50.3,1.45,1.41,22.92
20170510,29.87,33.83,26.62,66.18,1.94,1.31,21.76
20170511,29.55,33.71,25.86,66.9,0.61,0.98,20.66
20170512,29.47,34.17,26.04,68.83,9.84,1.26,20.14
20170513,29.03,33.2,26.0,74.87,13.38,0.94,22.27
20170514,30.74,37.11,24.95,64.92,5.51,1.67,23.43
20170515,30.87,36.61,25.98,62.67,0.02,1.67,23.81
20170516,30.98,37.24,25.34,60.64,0.13,2.2,20.55
20170517,32.23,40.15,25.12,57.61,0.89,1.9,20.4
20170518,30.41,35.92,26.3,63.39,5.17,2.35,17.79
20170519,31.22,39.15,24.73,57.16,0.17,1.69,20.73
20170520,30.94,38.55,26.08,60.64,18.24,1.84,21.75
20170521,30.53,36.34,25.46,64.33,2.98,1.3,18.3
20170522,30.45,36.17,26.36,64.97,1.5,1.84,14.5
20170523,29.51,34.3,25.54,66.26,0.34,1.72,18.88
20170524,29.85,34.53,26.29,68.01,1.62,1.32,15.25
20170525,29.68,35.17,25.44,67.63,2.21,2.17,18.23
20170526,28.6,32.42,25.98,72.47,0.44,1.8,18.73
20170527,29.03,33.44,25.19,71.15,4.23,1.84,21.39
20170528,28.4,33.01,25.14,74.92,4.83,2.44,17.63
20170529,29.23,34.83,25.43,68.76,1.56,2.35,18.32
20170530,29.44,34.84,25.23,67.22,0.94,3.25,21.32
20170531,29.56,36.23,24.89,64.73,7.94,2.63,22.41
20170601,29.22,36.63,23.58,62.94,3.7,2.72,21.12
20170602,28.29,33.8,24.04,69.83,6.92,3.06,22.41
20170603,28.75,34.11,24.59,68.17,0.37,2.69,21.03
20170604,29.41,35.9,24.74,61.9,0.83,3.01,22.32
20170605,29.49,35.91,24.85,66.71,4.38,2.11,22.98
20170606,29.09,34.5,24.79,68.84,1.45,1.38,22.67
20170607,28.08,33.39,23.97,69.36,6.32,1.84,17.46
20170608,29.43,37.54,23.08,60.59,0.04,2.45,20.95
20170609,27.98,33.07,23.86,64.78,0.42,2.79,21.32
20170610,28.48,34.7,24.06,65.14,1.23,3.01,21.53
20170611,28.1,33.84,24.03,64.18,0.16,3.16,18.73
20170612,29.29,36.1,23.87,65.21,0.3,2.11,19.13
20170613,29.86,36.32,24.79,66.1,0.23,1.91,21.07
20170614,29.3,34.66,24.89,71.65,11.67,1.86,21.71
20170615,28.5,33.04,24.72,74.24,2.63,1.22,21.46
20170616,27.79,32.32,24.46,74.71,8.04,1.47,21.46
20170617,28.77,36.9,22.96,61.19,2.29,1.99,22.08
20170618,29.73,37.19,23.3,61.44,0.18,1.91,24.41
20170619,29.3,35.15,24.51,66.72,4.4,1.48,22.55
20170620,27.55,33.21,23.22,71.11,1.67,1.72,20.09
20170621,28.17,34.9,22.8,67.88,0.22,1.72,20.55
20170622,28.6,35.05,23.84,67.62,0.82,1.64,21.4
20170623,28.75,35.33,23.81,65.27,0.58,2.75,20.85
20170624,27.35,32.25,24.08,64.81,0.88,3.32,19.03
20170625,28.05,34.24,23.14,63.62,0.86,3.62,17.02
20170626,27.84,33.63,23.37,66.21,2.79,3.78,14.83
20170627,27.19,31.85,23.86,69.23,2.33,3.33,16.4
20170628,27.57,33.22,23.49,67.19,0.71,2.79,21.24
20170629,28.01,35.04,23.32,61.19,0.11,2.83,22.7
20170630,28.4,33.88,23.85,65.49,0.14,1.77,20.07
20170701,29.02,35.7,24.54,61.28,0.37,2.79,22.65
20170702,28.87,35.18,24.08,58.75,0.23,1.85,19.23
20170703,28.59,35.6,23.71,59.96,2.89,2.89,22.14
20170704,29.2,37.05,23.36,56.34,0.2,2.66,23.82
20170705,28.09,34.05,22.85,64.46,0.16,2.03,20.15
20170706,28.97,36.27,23.33,61.78,0.89,2.11,19.74
20170707,28.46,34.88,24.11,61.5,0.28,2.75,18.68
20170708,27.93,33.57,24.26,66.28,2.67,2.02,18.33
20170709,27.74,33.84,22.87,67.18,12.03,1.8,18.05
20170710,28.56,35.31,22.94,63.77,1.04,1.98,22.39
20170711,28.7,35.18,23.7,64.0,0.17,2.66,19.55
20170712,28.85,34.93,23.81,61.08,0.19,1.75,17.72
20170713,28.51,35.14,23.05,61.46,1.07,2.77,18.59
20170714,28.04,34.78,21.76,54.51,0.02,2.93,17.37
20170715,28.12,34.14,22.65,64.32,0.05,2.58,19.96
20170716,28.58,35.68,23.14,59.32,0.04,2.65,18.67
20170717,27.86,34.01,22.94,60.8,0.19,3.08,20.54
20170718,28.3,34.02,24.12,64.18,0.51,3.3,18.81
20170719,28.63,35.3,23.9,63.61,0.61,3.56,17.79
20170720,29.14,36.22,23.7,63.03,0.2,3.55,20.15
20170721,29.01,34.92,24.72,59.6,0.24,2.75,21.27
20170722,30.35,37.42,24.21,59.83,0.12,1.94,22.2
20170723,30.81,37.77,24.99,56.94,0.01,1.57,21.95
20170724,31.43,39.05,25.09,51.59,0.0,2.7,24.07
20170725,31.53,39.02,25.05,50.63,0.0,2.15,24.59
20170726,31.41,38.53,25.48,50.84,0.03,2.35,23.81
20170727,30.8,38.49,25.51,52.63,4.14,2.87,23.19
20170728,30.55,38.18,24.37,58.23,2.53,2.44,22.33
20170729,29.6,35.44,24.91,61.72,11.45,1.54,21.47
20170730,27.91,31.74,25.17,74.07,10.67,1.36,15.87
20170731,28.39,32.87,24.93,72.5,14.52,1.68,20.72
20170801,29.59,36.02,24.11,65.89,10.16,1.56,20.75
20170802,28.98,34.28,24.36,69.31,6.07,1.6,21.84
20170803,29.33,36.58,24.04,62.24,1.01,2.96,22.7
20170804,29.25,35.92,24.26,63.93,0.61,3.02,19.39
20170805,28.85,34.65,24.91,64.43,0.59,3.17,16.36
20170806,29.56,36.49,24.27,63.03,0.55,2.26,19.75
20170807,28.67,33.6,24.71,67.39,5.18,1.81,17.27
20170808,27.89,32.77,23.58,68.56,10.64,1.25,21.16
20170809,28.06,33.5,23.96,72.19,9.01,0.96,20.89
20170810,28.06,32.68,24.42,70.64,5.39,1.58,19.57
20170811,27.6,32.64,24.13,71.22,1.4,2.05,23.8
20170812,28.6,34.65,23.53,64.08,6.92,1.21,23.7
20170813,26.21,28.56,24.0,78.24,27.97,1.33,20.37
20170814,25.57,27.73,23.96,83.93,21.68,0.75,15.93
20170815,27.14,31.93,22.66,70.46,4.15,0.99,15.64
20170816,27.29,31.91,23.52,73.02,1.12,1.41,19.71
20170817,27.25,32.75,22.55,76.01,2.55,1.97,22.12
20170818,27.36,32.94,23.3,75.0,3.0,2.22,17.7
20170819,27.38,33.74,22.81,70.92,0.38,3.0,15.0
20170820,27.1,32.57,23.02,71.4,0.71,2.75,21.05
20170821,26.95,32.4,23.33,71.04,0.66,2.58,18.96
20170822,27.38,32.7,22.79,70.73,0.15,1.96,21.84
20170823,28.11,33.48,23.81,70.15,5.05,1.3,21.6
20170824,27.15,31.25,23.76,75.6,4.56,1.64,17.44
20170825,28.37,34.63,23.5,68.87,0.06,2.07,18.47
20170826,27.67,33.3,23.06,70.42,0.32,2.19,23.91
20170827,27.5,32.33,24.22,74.0,0.87,2.63,19.84
20170828,27.76,33.85,23.8,71.9,1.83,2.98,19.29
20170829,27.49,33.85,23.71,71.56,0.94,3.18,18.76
20170830,28.25,35.19,23.12,71.06,12.66,1.59,22.38
20170831,27.79,32.25,23.21,72.98,4.85,1.35,23.15
20170901,27.29,30.21,24.64,81.44,31.96,1.13,19.85
20170902,27.37,31.17,24.51,78.72,12.75,0.58,22.53
20170903,26.99,31.59,23.13,76.85,1.88,1.42,18.95
20170904,27.78,31.63,24.05,77.85,14.73,0.74,21.8
20170905,28.0,31.93,24.63,77.74,7.18,0.82,20.58
20170906,27.08,30.94,23.86,81.9,4.15,1.11,21.18
20170907,26.74,30.59,23.83,82.19,2.5,1.14,16.95
20170908,25.92,29.08,23.19,87.91,39.31,1.6,17.73
20170909,26.38,29.25,23.65,82.54,10.18,1.22,12.19
20170910,26.84,31.13,23.12,79.55,1.68,1.27,20.88
20170911,26.49,30.63,23.3,83.6,1.2,1.88,20.21
20170912,26.09,30.21,22.58,85.39,5.86,2.11,22.64
20170913,25.9,29.29,23.56,87.39,13.18,1.92,17.04
20170914,25.78,29.6,22.93,86.05,2.81,2.13,18.01
20170915,26.03,30.43,22.62,84.26,0.82,1.71,22.08
20170916,25.93,29.95,22.9,85.93,2.92,2.09,20.56
20170917,25.83,30.01,23.19,82.21,8.68,2.95,12.35
20170918,26.39,32.3,22.35,79.18,0.42,3.21,22.04
20170919,26.26,31.46,22.29,80.87,0.2,2.38,22.59
20170920,26.28,32.28,21.86,78.98,0.1,1.9,23.17
20170921,25.97,31.54,21.56,77.87,0.08,1.83,25.07
20170922,27.39,33.27,22.16,73.82,0.02,1.21,24.12
20170923,27.51,32.99,22.29,74.53,0.08,1.28,23.62
20170924,27.14,31.25,23.37,78.76,1.96,0.94,19.03
20170925,26.57,30.25,23.42,79.1,1.91,1.21,20.83
20170926,26.6,30.24,23.29,80.64,7.96,0.98,16.71
20170927,26.77,31.3,23.25,80.6,3.02,1.51,21.91
20170928,25.9,30.86,22.24,79.34,3.27,2.3,18.32
20170929,26.58,32.92,21.71,77.2,0.17,1.96,21.48
20170930,27.39,33.12,22.42,78.04,0.29,1.79,23.23
20171001,27.56,33.3,23.04,76.21,0.34,1.89,23.44
20171002,27.84,33.73,22.58,75.66,0.07,1.47,23.19
20171003,28.14,33.04,24.33,76.96,0.43,1.44,24.61
20171004,27.92,32.03,23.94,77.08,4.5,0.77,21.49
20171005,26.64,30.3,24.2,84.87,16.66,1.18,20.94
20171006,25.88,28.62,23.82,83.87,7.81,1.76,20.03
20171007,26.7,31.57,22.78,78.61,1.15,1.52,19.62
20171008,27.17,31.52,22.87,80.98,1.4,1.09,22.42
20171009,27.03,30.45,24.26,82.35,0.26,1.01,18.44
20171010,26.89,30.14,24.4,81.88,1.97,1.0,20.63
20171011,26.02,29.77,23.64,81.45,5.0,1.61,19.41
20171012,26.92,32.26,22.1,75.83,2.76,1.18,13.52
20171013,26.43,30.64,22.98,80.14,4.11,1.07,15.37
20171014,26.06,30.03,23.19,81.2,2.09,1.4,15.75
20171015,25.53,30.31,21.53,79.26,0.42,1.85,15.7
20171016,26.59,31.97,22.55,77.8,0.08,1.63,18.09
20171017,26.34,31.46,22.42,76.38,2.27,1.81,10.9
20171018,27.12,33.07,22.46,73.32,0.8,1.76,22.08
20171019,28.26,33.77,23.44,73.49,0.14,0.93,21.03
20171020,27.61,32.31,24.02,76.81,0.06,1.67,19.34
20171021,26.64,31.11,23.27,82.54,12.82,2.42,17.77
20171022,27.0,31.5,22.91,79.63,1.44,1.47,22.26
20171023,27.63,32.73,23.07,72.14,0.11,0.96,16.71
20171024,26.79,31.38,22.75,76.28,0.32,1.23,16.94
20171025,26.65,30.55,23.47,80.92,1.0,1.29,19.13
20171026,26.68,31.21,23.25,81.31,8.19,1.18,15.34
20171027,25.92,28.68,23.52,82.98,13.28,0.95,15.68
20171028,25.26,28.15,23.31,86.39,3.98,1.66,14.79
20171029,25.76,30.0,22.66,80.68,0.31,1.82,17.1
20171030,24.32,26.41,22.7,89.33,3.88,2.37,13.77
20171031,24.32,27.38,22.28,89.03,3.8,2.19,11.84
20171101,24.97,29.25,22.16,86.74,6.49,2.19,16.15
20171102,24.66,28.83,22.2,88.82,9.38,2.44,14.13
20171103,24.72,28.25,22.09,88.02,2.24,2.32,16.55
20171104,24.43,28.01,21.95,89.31,3.9,2.15,10.14
20171105,25.0,28.66,22.32,87.72,6.61,2.24,15.18
20171106,24.19,26.6,22.46,90.49,6.12,2.46,14.48
20171107,24.65,28.75,22.19,88.2,2.79,2.1,14.91
20171108,24.13,27.89,21.16,89.3,28.14,1.78,14.06
20171109,24.64,29.52,21.54,81.56,0.44,1.97,20.81
20171110,24.26,28.75,20.44,82.72,0.11,2.3,16.76
20171111,24.65,28.74,21.64,82.31,0.04,1.95,11.36
20171112,25.55,30.83,21.14,77.77,0.01,1.65,15.03
20171113,26.39,30.74,22.88,79.18,2.82,0.82,16.93
20171114,25.42,28.66,22.85,83.17,1.62,0.78,13.53
20171115,25.75,29.08,23.2,83.25,0.32,0.86,17.72
20171116,25.86,32.31,20.58,71.12,0.01,1.05,20.46
20171117,25.01,31.43,19.58,72.54,0.05,1.44,20.68
20171118,25.64,31.11,21.04,79.23,1.23,1.23,18.75
20171119,25.8,30.06,22.73,84.63,1.5,1.33,15.42
20171120,26.05,30.88,22.7,83.92,0.76,1.45,17.87
20171121,25.16,28.38,22.83,88.5,5.12,1.55,17.25
20171122,25.1,28.94,22.26,86.67,1.32,1.93,16.29
20171123,25.38,31.34,20.65,81.6,0.19,1.94,17.04
20171124,25.4,30.66,20.83,81.41,0.08,1.72,16.52
20171125,24.96,29.68,21.97,81.27,0.1,2.01,12.6
20171126,23.79,26.42,21.78,88.57,6.5,2.05,12.82
20171127,24.74,27.74,22.92,91.44,8.78,1.7,9.56
20171128,25.03,29.01,22.84,87.91,2.49,2.8,11.6
20171129,24.7,27.61,22.27,89.93,6.75,3.87,9.36
20171130,24.39,25.81,23.01,94.8,58.3,3.96,8.5
20171201,24.36,26.19,22.64,94.79,24.15,2.22,12.91
20171202,24.36,27.42,21.89,90.3,2.62,0.98,12.13
20171203,24.49,28.5,22.05,88.67,0.87,1.74,17.14
20171204,24.48,28.82,20.9,86.76,0.03,1.47,18.86
20171205,24.27,28.72,20.51,87.35,0.08,1.39,17.45
20171206,24.56,28.58,21.78,88.02,1.28,1.84,15.93
20171207,24.35,28.91,21.42,87.46,0.77,1.56,16.75
20171208,23.97,29.37,19.55,80.59,0.0,1.12,18.19
20171209,23.89,29.5,18.72,72.75,0.06,0.94,20.02
20171210,24.46,29.39,20.47,77.6,0.06,1.16,18.69
20171211,24.74,29.69,20.84,83.05,0.05,1.23,16.79
20171212,24.93,29.66,21.13,84.27,0.45,0.97,17.05
20171213,23.86,26.14,22.29,89.87,1.62,1.08,16.86
20171214,24.4,29.51,21.11,84.33,0.04,1.55,19.69
20171215,24.16,28.99,20.41,87.14,0.73,2.27,14.67
20171216,23.98,29.25,20.4,85.14,0.05,2.66,16.13
20171217,23.31,28.88,18.88,83.64,0.0,2.86,18.87
20171218,22.58,28.74,17.43,79.19,0.0,2.85,18.64
20171219,23.37,28.85,18.42,80.5,0.55,2.8,13.23
20171220,23.83,29.1,20.26,82.04,0.59,3.48,13.65
20171221,22.36,26.39,18.5,84.56,3.06,2.82,11.21
20171222,23.56,29.56,19.42,83.16,0.16,2.89,17.57
20171223,23.14,28.87,18.8,79.56,0.01,2.7,18.23
20171224,22.86,29.46,16.8,77.85,0.0,2.26,20.49
20171225,24.16,30.35,19.02,80.92,0.11,2.51,17.55
20171226,24.09,30.07,19.99,78.07,0.04,2.73,14.01
20171227,22.95,28.7,18.91,80.17,0.0,2.47,18.99
20171228,21.93,28.35,17.53,77.03,0.0,2.68,21.06
20171229,22.32,29.53,16.05,74.8,0.0,2.47,20.38
20171230,23.13,30.42,17.07,74.3,0.0,2.31,20.41
20171231,23.29,31.0,16.68,73.58,0.0,1.73,21.99
20180101,25.01,31.53,19.57,75.26,0.0,0.96,21.16
20180102,25.81,32.15,21.31,74.78,0.0,0.88,15.75
20180103,25.18,31.27,21.2,75.28,0.0,1.8,17.89
20180104,24.44,30.9,19.67,73.41,0.0,2.35,17.07
20180105,22.87,30.05,17.53,71.15,0.0,2.35,18.55
20180106,22.33,30.08,16.29,70.83,0.0,1.67,18.73
20180107,22.14,29.88,16.12,70.79,0.0,1.95,19.22
20180108,22.38,30.11,16.1,69.56,0.0,2.35,20.34
20180109,23.31,29.62,17.36,76.83,2.57,2.01,16.29
20180110,24.69,30.71,20.91,81.08,2.04,3.01,13.66
20180111,25.64,32.12,21.28,76.91,0.24,2.2,17.87
20180112,24.77,29.73,21.3,81.97,0.01,1.98,13.29
20180113,24.47,31.32,19.65,78.68,0.0,2.12,13.92
20180114,24.1,32.24,18.05,72.2,0.0,2.18,22.68
20180115,24.44,32.44,19.31,74.26,0.0,2.42,21.06
20180116,24.71,32.08,19.01,74.04,0.0,2.1,18.04
20180117,24.56,31.26,19.57,71.18,0.0,2.09,19.31
20180118,23.08,31.38,17.04,65.51,0.0,2.56,21.78
20180119,22.5,30.49,15.99,71.63,0.0,2.27,20.35
20180120,22.73,31.05,15.96,68.85,0.0,2.18,18.93
20180121,22.95,31.05,16.21,69.15,0.0,2.29,21.93
20180122,23.41,31.83,16.48,68.59,0.0,1.84,20.17
20180123,24.2,31.5,17.95,69.46,0.0,1.47,19.16
20180124,24.67,31.32,19.0,71.03,0.0,1.63,19.2
20180125,25.14,33.4,18.96,66.13,0.02,2.05,19.48
20180126,24.36,32.78,18.13,66.19,0.01,2.24,20.68
20180127,24.48,32.21,17.72,66.78,0.0,2.09,20.1
20180128,24.23,30.64,18.91,66.05,0.01,2.22,17.52
20180129,25.02,32.89,18.9,64.32,0.0,2.71,18.71
20180130,25.0,33.73,18.28,62.86,0.0,2.66,20.19
20180131,24.23,33.55,18.08,57.38,0.0,2.83,22.54
20180201,23.61,33.34,15.93,57.76,0.0,2.35,23.08
20180202,23.46,33.49,15.42,59.07,0.0,2.38,24.3
20180203,23.1,33.02,14.85,60.52,0.0,2.37,24.08
20180204,23.67,33.09,16.28,62.88,0.0,2.2,23.31
20180205,25.52,34.0,18.76,60.33,0.0,2.58,22.6
20180206,26.48,33.21,20.73,70.88,0.55,2.46,16.63
20180207,25.9,30.73,22.53,79.61,7.2,1.59,18.38
20180208,25.77,31.65,21.71,76.38,2.59,1.6,19.35
20180209,26.66,33.69,21.62,66.68,0.08,1.54,21.59
20180210,25.57,31.62,21.35,65.95,0.01,1.67,22.64
20180211,25.5,31.27,21.23,70.65,0.01,1.74,22.26
20180212,26.08,32.07,21.4,69.23,0.02,2.37,18.46
20180213,24.51,29.63,20.54,70.9,0.0,2.17,19.52
20180214,25.91,33.92,19.21,67.27,0.0,2.53,19.71
20180215,25.95,32.28,20.43,67.84,0.0,2.8,19.0
20180216,26.3,34.43,20.85,60.65,0.0,2.94,21.01
20180217,25.52,33.9,19.32,60.34,0.0,2.0,22.31
20180218,26.14,34.92,19.44,59.58,0.0,2.2,24.18
20180219,25.37,34.43,17.88,61.19,0.0,2.37,24.8
20180220,25.64,34.82,18.31,62.78,0.0,2.63,25.46
20180221,25.83,34.91,19.02,59.46,0.0,2.27,24.74
20180222,25.63,35.44,17.77,55.66,0.0,2.59,24.8
20180223,25.56,35.03,18.15,59.66,0.0,2.56,24.39
20180224,26.53,35.32,19.57,63.89,0.0,2.58,21.95
20180225,27.22,35.68,19.98,62.84,0.0,2.96,21.84
20180226,27.75,35.78,20.52,61.03,0.0,2.49,20.84
20180227,27.74,34.41,22.13,63.02,0.0,2.68,21.06
20180228,28.39,36.74,21.9,60.82,0.16,2.87,21.68
20180301,28.09,35.47,22.7,64.89,1.6,2.65,20.58
20180302,27.73,36.99,19.81,55.4,0.0,2.28,24.74
20180303,27.56,37.41,18.88,55.28,0.0,1.86,21.87
20180304,28.19,37.99,20.44,48.06,0.01,1.89,23.48
20180305,27.62,37.82,18.98,50.49,0.0,1.91,24.93
20180306,27.79,38.1,19.45,48.79,0.0,2.14,25.6
20180307,27.73,37.59,18.67,55.33,0.0,2.15,24.13
20180308,28.4,37.46,20.67,56.18,0.0,2.32,22.27
20180309,28.15,37.27,20.18,54.2,0.0,2.61,19.94
20180310,28.46,37.81,20.25,51.2,0.0,2.59,22.7
20180311,28.65,37.55,21.89,56.93,0.0,2.62,22.22
20180312,28.27,35.6,23.0,63.61,0.8,3.37,14.81
20180313,27.15,32.0,23.7,72.14,4.09,2.7,14.22
20180314,28.04,34.4,23.51,64.79,1.06,1.91,17.08
20180315,27.99,32.86,24.32,67.46,0.7,1.4,20.77
20180316,29.32,35.31,23.81,61.84,0.19,1.56,22.88
20180317,26.91,31.48,23.69,73.77,0.68,2.14,16.63
20180318,28.43,35.99,23.07,65.8,3.57,2.14,22.5
20180319,28.64,36.59,23.02,59.22,0.55,2.27,23.83
20180320,28.48,37.35,21.3,53.37,0.0,1.94,26.27
20180321,29.95,39.05,22.72,46.16,0.11,1.66,25.78
20180322,31.18,39.46,23.31,48.03,0.09,2.09,23.33
20180323,31.58,39.26,25.53,47.86,1.94,1.96,22.78
20180324,30.58,38.32,25.24,54.91,0.82,2.02,21.53
20180325,29.5,37.94,23.11,55.38,0.0,2.35,22.27
20180326,29.33,38.55,21.53,52.65,0.01,2.17,21.5
20180327,29.54,35.75,23.51,59.48,0.05,1.99,21.0
20180328,31.35,38.91,25.44,56.22,0.01,2.0,22.29
20180329,32.04,39.82,25.16,50.86,0.02,1.61,24.6
20180330,30.41,36.16,26.11,58.73,0.45,1.19,24.51
20180331,31.23,39.0,24.99,56.82,1.42,1.05,22.48
20180401,31.38,39.0,25.79,53.86,0.92,2.36,22.23
20180402,30.62,37.98,24.61,59.19,0.15,2.27,22.6
20180403,30.82,38.1,25.04,55.88,0.17,2.02,21.73
20180404,30.43,37.94,24.65,55.54,0.0,2.07,22.43
20180405,30.2,37.27,25.05,56.15,0.0,2.2,22.21
20180406,30.12,36.86,24.41,53.51,0.0,1.72,18.04
20180407,30.66,38.61,24.22,56.84,0.03,2.34,24.51
20180408,29.99,36.18,24.66,60.61,0.37,2.47,23.43
20180409,29.28,34.96,25.41,64.34,1.56,2.44,20.83
20180410,28.72,34.56,24.33,70.23,5.47,2.22,20.5
20180411,28.2,32.66,24.86,73.91,3.09,1.42,21.32
20180412,29.02,35.02,24.47,68.91,1.01,1.88,20.62
20180413,28.95,35.54,24.9,69.67,4.36,1.86,16.98
20180414,28.38,33.64,24.59,73.85,7.89,1.54,21.39
20180415,27.44,31.66,24.65,78.48,5.26,1.72,22.03
20180416,29.01,35.4,23.92,69.84,1.42,1.72,21.19
20180417,29.52,36.13,25.48,66.26,0.11,1.4,24.36
20180418,29.67,36.57,24.55,63.46,0.11,2.02,23.15
20180419,30.4,37.85,24.07,60.46,0.02,2.3,23.84
20180420,31.23,39.13,24.93,57.69,0.52,1.78,23.03
20180421,30.52,37.52,25.52,61.75,0.27,2.12,25.21
20180422,30.93,38.65,24.75,60.76,0.4,2.07,24.75
20180423,30.9,37.68,25.55,58.79,0.02,2.11,24.42
20180424,31.57,39.78,24.89,57.69,0.06,2.15,25.14
20180425,32.06,39.86,25.36,56.45,0.43,1.89,25.18
20180426,31.34,38.31,26.31,60.03,1.26,2.31,24.62
20180427,30.34,35.23,26.28,65.72,2.08,1.88,24.0
20180428,29.38,33.71,25.89,68.27,0.04,2.01,21.17
20180429,31.58,39.32,25.1,57.76,0.02,2.31,20.73
20180430,31.75,37.93,26.24,58.04,3.31,1.4,24.49
20180501,30.72,35.77,26.15,64.36,1.82,1.0,21.25
20180502,30.5,35.38,26.5,66.14,5.31,1.17,21.55
20180503,29.7,33.98,26.03,71.93,3.34,1.44,22.49
20180504,28.39,33.32,25.22,76.74,7.76,1.74,21.83
20180505,28.69,34.55,24.52,68.81,5.99,1.68,16.42
20180506,28.95,35.28,24.26,69.01,2.9,2.35,17.71
20180507,29.82,36.3,24.34,66.34,0.67,1.62,20.7
20180508,29.11,33.7,25.45,70.93,6.06,1.05,23.15
20180509,26.72,31.23,24.02,80.07,34.27,1.83,19.6
20180510,27.16,31.87,23.54,79.05,9.76,1.84,18.61
20180511,28.9,34.33,24.36,71.0,0.87,1.72,23.3
20180512,29.33,34.41,24.79,70.78,3.22,0.73,20.04
20180513,29.64,35.25,25.22,66.81,3.19,1.53,23.48
20180514,28.32,32.6,24.59,73.73,3.93,1.14,19.9
20180515,28.75,33.86,24.63,70.26,2.74,1.64,17.68
20180516,27.83,31.9,24.79,73.53,1.25,1.13,17.86
20180517,28.05,32.58,24.44,71.51,0.34,1.95,15.94
20180518,28.75,34.27,23.83,69.66,2.67,1.35,21.16
20180519,30.22,37.71,23.53,63.81,0.33,1.52,20.15
20180520,29.94,35.16,25.19,66.53,0.54,1.53,20.32
20180521,29.48,34.06,25.76,66.41,0.28,1.16,16.29
20180522,30.1,35.83,24.87,62.58,3.05,1.23,19.48
20180523,29.41,33.76,25.69,70.74,2.51,1.19,16.99
20180524,28.45,32.02,25.77,75.28,6.34,1.19,15.54
20180525,27.43,31.53,24.7,77.93,13.08,1.27,15.09
20180526,26.35,29.12,24.1,85.85,2.43,3.32,17.9
20180527,27.85,32.86,24.42,76.8,1.44,3.43,19.42
20180528,27.74,31.22,24.86,80.07,6.81,3.84,20.22
20180529,29.42,34.33,25.63,68.78,0.88,3.33,23.34
20180530,29.47,35.24,24.85,67.7,0.08,2.52,21.5
20180531,29.55,34.32,25.7,67.44,0.14,2.26,24.01
20180601,29.21,33.52,25.08,70.02,0.1,1.51,22.85
20180602,28.29,31.29,25.82,75.61,0.56,1.3,21.57
20180603,28.06,32.6,24.95,77.46,1.22,1.62,21.01
20180604,28.15,31.82,25.15,76.67,4.8,1.08,21.79
20180605,28.79,34.04,24.11,70.03,1.29,1.25,17.93
20180606,29.16,35.39,24.2,64.45,0.39,1.46,22.21
20180607,28.94,35.16,24.22,67.09,0.79,2.82,20.73
20180608,29.43,34.83,24.91,66.62,0.82,3.4,22.35
20180609,28.84,33.73,25.23,66.75,1.47,3.99,17.05
20180610,28.85,32.86,25.21,68.59,0.9,3.81,18.31
20180611,29.29,34.71,25.34,66.36,1.65,3.89,17.41
20180612,29.17,35.32,24.8,67.58,0.85,3.1,19.27
20180613,28.92,35.86,24.28,63.54,1.49,3.44,20.06
20180614,28.48,34.63,24.42,61.74,0.38,3.84,20.71
20180615,28.79,36.38,22.95,58.83,0.3,2.78,20.97
20180616,28.58,35.86,23.8,62.1,8.73,2.58,19.86
20180617,27.78,34.55,22.9,64.48,0.34,2.67,20.19
20180618,28.74,36.4,22.74,57.68,0.35,3.03,21.37
20180619,28.87,36.2,23.43,66.52,0.5,3.13,21.59
20180620,28.04,33.01,23.85,70.25,0.98,3.07,20.21
20180621,27.71,31.98,24.2,70.21,0.49,2.6,16.84
20180622,28.67,36.21,23.44,61.13,0.45,2.62,20.36
20180623,29.4,37.28,23.04,59.5,0.07,2.43,18.55
20180624,29.44,36.37,24.42,60.25,0.08,2.24,21.56
20180625,27.95,33.88,23.7,60.6,0.19,2.61,22.45
20180626,28.38,34.89,23.25,59.0,0.28,3.28,22.78
20180627,27.64,32.35,23.92,62.11,0.53,3.45,22.24
20180628,27.42,32.51,23.71,61.42,0.53,3.67,20.37
20180629,28.23,35.15,23.36,60.62,0.9,2.21,22.47
20180630,27.9,33.24,23.49,63.28,11.41,1.35,22.18
20180701,28.5,34.33,23.34,65.2,11.57,0.95,19.48
20180702,27.95,34.42,22.87,68.05,8.91,1.55,20.73
20180703,27.85,33.21,23.12,68.73,6.9,0.82,23.84
20180704,28.98,35.76,23.03,64.09,0.01,1.5,23.73
20180705,28.98,36.48,22.24,61.59,0.1,1.91,23.8
20180706,29.09,37.44,22.55,59.8,0.38,3.15,22.65
20180707,27.92,32.85,24.82,59.24,0.24,3.92,17.07
20180708,27.8,32.33,24.33,63.63,0.41,3.37,16.86
20180709,27.45,31.64,24.68,73.18,2.61,2.89,15.27
20180710,27.4,32.03,24.09,71.64,3.02,3.02,18.08
20180711,27.52,32.84,23.71,66.97,1.76,3.85,15.53
20180712,27.45,33.1,23.17,62.32,0.6,3.83,23.12
20180713,28.29,33.98,23.81,64.15,1.11,3.94,16.03
20180714,28.14,32.45,24.57,66.63,0.56,3.87,20.07
20180715,27.48,31.74,24.56,70.13,4.25,3.71,12.92
20180716,27.56,32.98,23.31,66.15,3.58,4.11,13.42
20180717,28.36,34.61,23.42,59.09,0.62,4.65,21.98
20180718,28.03,32.54,24.9,62.91,1.26,3.82,22.94
20180719,28.75,35.14,24.0,62.91,0.66,3.7,16.96
20180720,28.3,33.57,24.47,62.15,0.15,4.0,16.57
20180721,27.96,32.79,24.82,61.34,0.32,3.9,19.02
20180722,28.74,34.97,24.11,60.41,0.11,3.55,21.58
20180723,29.41,36.35,24.13,60.36,0.26,3.17,21.82
20180724,29.1,36.24,23.45,61.53,1.08,2.8,19.33
20180725,29.53,36.47,24.28,61.65,1.35,2.19,22.64
20180726,28.51,33.51,24.83,62.32,0.25,2.98,19.67
20180727,29.41,36.71,23.4,59.69,0.05,2.6,19.76
20180728,29.57,36.5,23.46,60.53,0.41,1.63,20.75
20180729,29.14,35.33,24.94,64.04,0.27,1.68,21.32
20180730,28.04,32.6,25.09,70.19,0.62,2.01,18.06
20180731,28.45,34.05,24.75,65.98,2.22,2.44,17.91
20180801,28.74,36.01,23.31,63.38,0.23,2.54,21.04
20180802,29.41,37.74,22.97,61.99,7.5,1.61,21.12
20180803,26.97,31.36,23.84,70.31,9.87,2.05,17.0
20180804,27.76,35.4,22.48,61.58,3.02,2.76,17.81
20180805,28.29,35.13,23.18,61.6,0.16,2.89,18.16
20180806,28.06,34.9,23.15,63.47,0.2,3.56,22.88
20180807,27.83,35.78,22.05,62.41,0.76,3.82,20.46
20180808,27.41,33.11,23.06,62.68,3.15,4.15,18.03
20180809,28.25,35.36,23.14,60.67,0.9,3.64,18.64
20180810,28.24,34.13,23.82,61.68,1.65,3.21,16.14
20180811,28.64,35.3,23.91,56.58,0.1,4.51,12.52
20180812,27.56,33.19,24.0,62.68,0.9,4.43,19.26
20180813,27.73,33.31,23.02,61.82,1.17,3.86,21.03
20180814,28.02,33.94,23.8,60.41,2.69,4.79,15.89
20180815,27.94,33.08,24.85,64.97,11.63,5.19,15.53
20180816,27.43,31.68,24.26,65.47,5.33,4.84,19.54
20180817,28.7,34.92,24.78,62.67,1.15,4.59,20.32
20180818,27.59,32.71,24.46,62.77,0.37,4.34,16.73
20180819,27.89,33.57,23.95,63.13,0.2,3.88,19.32
20180820,28.34,34.51,23.84,61.34,0.1,3.56,20.23
20180821,28.81,37.26,22.56,59.27,0.06,3.1,23.94
20180822,28.75,36.01,22.41,59.38,0.01,2.23,22.55
20180823,29.05,35.06,23.9,61.08,0.4,2.01,20.72
20180824,28.97,34.72,24.44,64.34,5.41,1.6,16.07
20180825,29.46,35.43,23.81,63.84,1.17,1.23,19.06
20180826,28.44,35.09,23.53,64.51,4.04,2.36,15.36
20180827,27.87,34.79,22.6,67.01,5.26,2.29,18.46
20180828,28.54,36.19,22.3,62.42,0.82,2.35,19.52
20180829,28.24,34.7,23.11,62.25,0.64,2.11,20.15
20180830,28.56,35.01,23.51,66.28,9.86,1.91,20.33
20180831,27.41,32.8,23.75,71.21,8.07,1.62,17.19
20180901,27.72,34.5,23.17,70.71,9.73,1.1,21.08
20180902,27.83,33.27,23.04,68.59,0.77,1.11,21.23
20180903,29.51,36.19,23.53,59.32,0.05,1.06,20.24
20180904,30.05,36.86,23.9,59.3,0.03,1.4,23.84
20180905,29.35,37.44,22.57,57.29,0.0,1.39,25.6
20180906,29.35,38.02,22.49,58.3,0.0,2.05,25.1
20180907,28.71,37.12,21.36,56.21,0.0,2.81,26.21
20180908,29.66,37.86,21.91,56.96,0.0,1.59,26.08
20180909,30.36,37.5,23.79,56.98,0.65,1.29,23.52
20180910,28.92,34.79,24.72,65.94,8.23,1.36,21.05
20180911,29.68,36.7,23.8,63.29,0.46,1.41,23.54
20180912,30.4,37.71,23.99,59.56,0.0,1.3,24.11
20180913,30.63,37.17,25.0,60.63,0.89,0.67,22.78
20180914,29.5,35.33,25.15,67.25,5.05,1.14,22.18
20180915,27.68,32.34,24.08,67.04,2.39,1.45,21.43
20180916,26.36,31.38,22.18,66.55,2.85,1.85,17.45
20180917,27.94,33.8,23.21,66.77,0.25,1.19,15.53
20180918,28.63,35.84,23.09,61.05,0.06,2.6,20.01
20180919,28.46,36.43,22.92,64.94,3.26,2.07,18.75
20180920,28.74,37.45,22.27,60.63,0.67,2.38,20.66
20180921,28.79,38.53,21.58,56.67,0.12,1.73,24.91
20180922,28.72,35.94,22.1,62.5,0.23,1.09,24.26
20180923,29.03,34.13,24.45,68.58,4.88,1.16,23.4
20180924,27.82,31.02,24.87,76.08,8.73,0.6,19.02
20180925,28.19,33.04,23.85,72.08,4.79,1.07,22.26
20180926,27.98,32.92,23.86,71.0,1.38,1.55,22.8
20180927,28.21,35.13,23.64,72.0,15.26,1.74,20.18
20180928,26.94,31.4,23.82,81.19,18.15,1.23,15.63
20180929,27.13,32.09,23.76,79.06,11.16,1.74,18.7
20180930,27.55,32.9,23.46,76.21,4.89,1.52,18.48
20181001,27.32,32.22,23.73,78.99,7.04,1.38,19.32
20181002,26.92,31.2,23.64,80.69,9.37,1.53,15.58
20181003,26.4,30.04,23.68,82.04,6.19,1.45,7.52
20181004,25.47,28.6,23.19,84.97,12.77,2.07,10.71
20181005,25.76,29.7,23.29,87.2,10.9,2.46,8.35
20181006,25.99,29.4,23.77,86.46,13.32,1.89,12.29
20181007,26.37,30.46,23.27,82.74,8.76,1.0,17.37
20181008,26.29,29.93,23.26,81.77,20.6,0.77,15.59
20181009,25.89,30.17,23.15,81.99,4.62,1.12,16.2
20181010,27.08,31.97,22.54,74.95,0.11,1.13,21.63
20181011,28.01,34.2,22.9,70.38,0.05,1.16,20.99
20181012,27.59,33.43,22.85,75.51,0.06,1.55,20.32
20181013,27.2,32.71,23.08,78.25,0.77,2.2,20.68
20181014,26.84,32.07,22.91,80.44,10.28,1.49,19.35
20181015,26.58,30.36,23.62,81.51,1.24,0.87,18.77
20181016,25.75,29.09,23.26,84.22,9.09,1.39,15.56
20181017,25.87,29.91,22.58,78.88,2.01,0.85,16.54
20181018,26.17,30.58,22.76,79.14,1.07,1.15,16.72
20181019,26.21,31.2,22.52,80.42,2.08,1.13,22.18
20181020,26.13,30.64,22.29,81.03,4.32,1.22,15.13
20181021,26.21,30.9,22.96,82.32,2.97,1.27,16.98
20181022,25.79,29.09,23.17,83.95,3.74,1.4,14.79
20181023,25.97,31.29,21.73,71.08,0.8,1.34,17.48
20181024,25.96,31.76,20.73,73.11,2.33,1.49,16.91
20181025,25.69,30.08,22.25,81.74,4.41,1.9,9.04
20181026,25.87,31.61,21.83,77.68,0.23,2.57,12.41
20181027,25.96,31.8,20.84,78.1,0.23,2.02,18.24
20181028,26.29,33.16,21.18,69.52,0.03,2.25,21.31
20181029,27.15,33.77,20.97,60.9,0.0,1.57,17.22
20181030,27.7,33.78,21.22,60.86,0.18,0.93,19.12
20181031,26.53,30.44,23.86,81.9,3.07,1.71,14.87
20181101,26.04,29.84,23.59,85.73,8.59,2.35,8.67
20181102,25.56,29.58,23.08,86.27,10.15,1.91,12.64
20181103,25.01,28.13,22.81,89.25,22.17,1.79,14.32
20181104,25.6,30.65,21.63,82.53,1.87,1.99,20.35
20181105,25.27,30.34,21.62,82.45,0.21,1.54,20.76
20181106,25.09,29.61,21.46,83.04,0.89,1.92,10.3
20181107,25.22,30.36,21.72,78.37,0.59,1.88,14.61
20181108,24.29,28.38,21.27,84.53,1.68,1.57,11.4
20181109,25.16,29.43,22.33,84.55,1.31,1.68,16.34
20181110,25.44,31.33,21.02,78.08,0.04,2.04,21.65
20181111,25.54,32.24,20.82,73.23,0.06,1.72,18.39
20181112,25.69,32.09,19.78,71.81,0.01,1.25,17.26
20181113,26.24,32.87,20.42,71.32,0.0,1.08,18.09
20181114,26.44,32.82,21.46,73.6,0.0,1.07,18.57
20181115,26.8,33.88,20.69,73.92,8.86,1.44,18.84
20181116,24.5,27.18,22.03,92.21,48.82,2.13,5.14
20181117,25.28,30.03,21.37,84.43,0.06,1.1,16.74
20181118,25.74,30.09,23.03,84.98,1.58,1.28,15.53
20181119,25.75,30.35,22.41,85.15,4.26,1.56,15.98
20181120,24.42,27.48,22.42,87.83,3.45,1.8,13.8
20181121,24.76,29.31,22.04,81.49,0.35,2.6,19.32
20181122,24.02,26.21,21.79,89.05,3.51,2.62,14.9
20181123,24.77,27.5,22.53,88.59,5.9,1.43,13.24
20181124,24.74,28.86,22.06,87.78,2.79,1.86,13.27
20181125,24.31,29.33,20.39,85.26,0.12,1.94,17.2
20181126,23.89,29.43,19.49,80.98,0.0,2.16,14.28
20181127,22.9,29.24,17.09,79.81,0.0,2.18,18.6
20181128,23.9,29.76,18.55,81.31,0.83,2.31,17.56
20181129,24.51,29.34,21.58,87.9,9.9,2.82,10.31
20181130,24.89,30.18,21.39,85.78,1.65,2.49,15.98
20181201,24.32,29.23,20.57,83.36,0.18,2.16,19.4
20181202,23.95,30.02,18.91,80.07,0.0,1.97,20.9
20181203,24.79,30.87,19.24,82.26,1.72,2.1,18.91
20181204,25.22,29.63,22.41,86.53,6.11,1.82,13.75
20181205,25.44,30.17,21.91,84.68,0.65,1.74,14.5
20181206,25.32,30.13,22.16,83.88,0.49,1.8,18.34
20181207,25.2,30.79,20.48,82.75,0.07,2.21,17.83
20181208,25.12,31.12,21.27,80.54,0.0,2.32,15.39
20181209,24.73,31.6,19.88,79.89,0.0,2.24,16.48
20181210,24.57,31.24,19.53,76.92,0.0,1.84,16.58
20181211,23.99,30.26,19.4,76.94,0.0,1.55,17.43
20181212,24.69,31.63,18.84,75.33,0.0,1.56,17.04
20181213,24.93,31.86,19.79,75.02,0.0,1.58,15.33
20181214,24.78,31.73,19.35,74.87,0.0,2.08,19.21
20181215,24.83,31.85,19.49,75.57,0.0,2.68,15.43
20181216,24.43,31.31,19.65,68.02,0.0,1.72,14.43
20181217,25.52,33.59,18.47,64.43,0.0,1.15,17.32
20181218,25.64,31.37,21.41,77.36,0.0,1.57,15.33
20181219,24.78,30.11,20.77,77.63,0.0,2.22,14.44
20181220,24.25,31.33,19.41,74.85,0.0,1.73,20.03
20181221,25.33,32.36,19.76,76.84,0.23,1.89,15.64
20181222,23.04,26.58,20.68,82.72,1.65,2.8,7.4
20181223,25.0,29.64,22.04,85.08,3.27,2.73,12.48
20181224,24.34,27.94,22.0,86.71,0.72,1.96,13.08
20181225,25.25,32.2,20.16,74.78,0.07,2.16,16.8
20181226,25.21,32.71,20.15,72.49,0.01,1.63,18.48
20181227,24.86,32.44,19.33,72.87,0.0,1.64,19.61
20181228,24.94,31.13,20.24,74.86,0.02,1.41,17.11
20181229,24.74,29.74,21.28,78.05,0.11,2.65,10.47
20181230,24.24,30.81,19.6,74.11,0.01,2.91,15.23
20181231,23.72,30.32,18.83,73.8,0.01,2.78,14.52
20190101,22.52,30.45,16.63,70.59,0.0,2.34,17.47
20190102,21.65,29.7,15.09,72.09,0.0,2.53,20.89
20190103,22.17,30.68,15.28,70.99,0.0,2.46,20.82
20190104,22.3,30.35,15.52,71.34,0.0,2.81,22.02
20190105,22.77,31.04,15.95,71.78,0.0,2.28,20.03
20190106,22.76,30.47,16.0,72.41,0.0,2.22,19.95
20190107,23.59,31.49,16.74,70.65,0.0,1.96,19.85
20190108,23.68,32.36,17.7,68.26,0.0,2.25,20.47
20190109,22.85,32.15,15.57,68.27,0.0,2.21,22.55
20190110,22.89,32.18,15.29,68.68,0.0,2.25,22.12
20190111,23.34,32.1,16.62,69.21,0.0,2.37,20.99
20190112,23.53,32.24,16.64,65.29,0.0,2.68,21.58
20190113,23.97,32.2,16.31,71.92,0.0,2.3,15.3
20190114,24.49,31.88,19.22,70.08,0.33,2.27,18.49
20190115,24.19,32.4,17.98,65.05,1.44,2.44,19.86
20190116,24.2,32.92,17.83,64.11,0.0,2.65,18.58
20190117,23.39,31.94,16.38,65.33,0.0,2.44,19.18
20190118,22.98,31.59,15.88,64.51,0.0,2.32,18.3
20190119,22.97,31.9,15.72,65.18,0.0,2.16,20.16
20190120,22.9,32.09,15.41,64.78,0.0,2.54,17.09
20190121,23.01,32.6,15.15,62.84,0.0,2.03,17.29
20190122,23.57,32.87,15.76,66.03,0.0,1.85,21.18
20190123,24.71,33.29,17.98,67.7,0.0,2.07,21.73
20190124,25.51,33.54,18.44,68.01,0.0,2.03,20.12
20190125,26.57,33.82,20.48,68.61,0.0,1.83,17.86
20190126,27.27,34.37,21.72,68.85,0.0,2.03,17.97
20190127,27.18,34.14,22.09,65.99,0.09,2.2,18.16
20190128,27.19,34.11,22.27,62.9,0.11,2.01,19.01
20190129,26.53,33.36,22.08,61.58,0.0,2.76,17.17
20190130,26.02,33.65,20.32,63.36,0.0,3.0,20.76
20190131,25.75,33.34,18.97,63.72,0.0,2.59,19.65
20190201,26.0,33.48,20.03,63.26,0.0,2.23,17.52
20190202,26.44,34.51,20.51,61.74,0.0,2.2,20.33
20190203,26.9,35.18,20.6,59.62,0.0,2.45,20.78
20190204,27.18,34.94,21.22,63.96,0.04,3.17,14.2
20190205,27.46,33.8,22.56,64.59,0.04,3.06,13.17
20190206,27.33,35.33,21.08,59.95,0.02,2.49,19.71
20190207,27.45,35.83,20.75,60.06,0.0,2.08,20.1
20190208,28.61,36.95,21.71,61.83,0.0,1.8,19.05
20190209,27.84,34.15,23.56,70.23,3.08,1.78,15.4
20190210,27.61,34.09,23.2,69.09,2.27,1.88,15.49
20190211,27.67,35.59,22.28,63.05,0.21,2.92,19.39
20190212,27.46,35.25,22.39,61.53,0.0,3.47,19.04
20190213,27.25,35.5,21.04,59.64,0.0,3.23,20.89
20190214,28.03,35.99,21.26,63.86,0.0,2.82,20.23
20190215,28.7,36.27,22.9,61.78,0.09,2.44,18.42
20190216,29.61,37.66,22.55,57.46,0.04,1.84,20.72
20190217,30.09,37.81,24.06,60.07,0.11,1.67,20.83
20190218,30.37,37.85,24.5,58.84,0.09,2.27,19.0
20190219,29.6,36.79,23.82,60.88,0.09,2.44,20.08
20190220,28.74,36.57,23.53,59.62,0.01,2.87,23.0
20190221,28.16,36.66,21.59,58.35,0.0,2.68,23.68
20190222,27.24,36.78,20.06,53.78,0.0,2.78,25.41
20190223,27.02,36.62,18.79,54.09,0.0,2.34,25.06
20190224,27.31,37.12,19.15,56.62,0.0,2.27,25.28
20190225,27.79,38.23,18.74,53.8,0.0,1.86,24.99
20190226,29.53,39.22,21.33,52.57,0.0,1.88,21.38
20190227,30.74,39.58,23.5,53.21,0.01,1.99,21.73
20190228,30.75,38.13,24.45,53.24,0.07,2.11,21.18
20190301,30.36,38.35,24.17,58.52,0.2,2.53,20.29
20190302,29.6,37.44,24.2,56.78,0.08,2.98,22.62
20190303,29.91,38.2,23.63,55.84,0.01,2.66,24.2
20190304,29.96,38.26,23.84,52.83,0.0,2.14,21.09
20190305,31.18,40.64,23.34,46.26,0.0,1.93,24.75
20190306,31.74,40.96,24.29,48.69,0.7,2.28,24.37
20190307,31.85,40.86,25.18,53.71,0.64,2.42,24.73
20190308,31.32,39.35,25.14,55.72,0.01,2.87,24.42
20190309,30.73,37.9,25.72,56.74,2.57,1.99,21.91
20190310,30.57,38.29,24.7,56.9,0.98,2.32,24.07
20190311,29.74,37.84,23.77,51.1,0.0,2.18,25.64
20190312,28.76,37.62,22.15,51.15,0.0,2.15,25.47
20190313,28.51,37.49,20.87,49.82,0.0,2.38,23.43
20190314,28.78,38.13,21.03,46.86,0.0,2.53,25.74
20190315,29.11,37.58,22.21,45.33,0.0,2.54,24.85
20190316,28.87,37.85,21.37,55.03,0.0,2.34,22.02
20190317,29.3,38.19,22.17,56.47,0.0,2.33,22.95
20190318,30.1,38.56,23.34,56.82,0.05,2.43,24.03
20190319,30.1,37.42,24.39,56.09,0.04,2.26,24.08
20190320,30.07,38.32,24.06,51.77,0.07,2.23,24.48
20190321,29.73,38.42,23.18,52.77,0.0,2.03,24.54
20190322,30.34,39.06,23.54,53.26,0.0,1.97,23.48
20190323,30.97,39.74,24.56,53.2,0.0,2.09,24.1
20190324,31.18,40.04,24.25,45.66,0.0,2.11,25.56
20190325,30.89,39.6,24.58,43.66,0.0,2.42,26.16
20190326,30.21,39.04,23.71,47.77,0.0,2.18,26.38
20190327,30.08,39.17,22.16,45.88,0.0,1.82,25.23
20190328,30.42,39.57,22.94,45.56,0.0,2.27,26.52
20190329,31.14,40.35,23.52,38.15,0.0,2.27,26.39
20190330,31.38,40.09,25.09,40.31,0.0,2.24,25.56
20190331,32.19,41.36,24.56,41.68,0.0,1.79,26.07
20190401,32.21,40.92,25.24,48.18,0.0,2.34,25.56
20190402,31.62,40.17,24.82,50.18,0.0,2.22,25.72
20190403,30.85,39.72,23.91,52.75,0.0,2.4,25.54
20190404,30.91,39.22,23.94,52.11,0.1,2.26,24.88
20190405,32.12,39.92,25.24,49.95,0.11,2.2,24.15
20190406,32.2,40.19,25.44,46.57,0.01,2.14,26.55
20190407,32.02,40.84,24.85,49.23,0.0,2.26,25.72
20190408,31.98,40.0,25.59,55.67,0.0,2.6,23.48
20190409,32.44,40.42,26.15,51.58,0.04,2.51,23.09
20190410,31.95,39.88,25.25,54.51,0.02,2.48,23.44
20190411,32.06,40.22,25.51,49.5,0.0,1.87,24.24
20190412,32.33,40.83,25.26,49.02,0.0,2.24,25.3
20190413,32.01,40.4,25.18,49.01,0.0,2.01,23.99
20190414,32.07,40.09,25.28,46.3,0.0,2.1,22.73
20190415,32.42,40.9,25.19,46.52,0.0,2.37,23.52
20190416,32.27,40.96,25.88,51.1,3.36,2.48,23.98
20190417,30.28,35.35,26.86,61.73,6.63,1.43,16.84
20190418,30.76,37.03,26.57,61.18,1.57,2.03,22.85
20190419,30.44,37.1,25.62,63.72,5.79,1.82,21.8
20190420,29.43,35.55,25.14,67.57,10.01,2.1,19.8
20190421,30.82,38.45,23.98,58.79,0.5,1.73,18.79
20190422,31.63,39.5,25.43,55.47,6.3,2.01,23.6
20190423,30.64,36.92,26.18,62.34,3.41,1.8,20.19
20190424,30.0,35.95,25.33,60.9,0.46,1.42,21.27
20190425,30.62,37.5,24.88,58.85,1.06,1.65,21.92
20190426,30.45,36.7,25.64,62.11,1.17,1.61,23.18
20190427,31.09,38.01,25.93,60.69,0.0,1.89,20.94
20190428,31.92,39.24,25.88,58.53,0.0,1.92,22.93
20190429,31.58,37.44,27.47,61.61,5.17,1.37,20.49
20190430,31.4,38.36,26.07,59.81,0.51,1.86,16.26
20190501,31.4,38.85,26.29,55.96,0.14,2.52,18.37
20190502,32.78,41.11,25.86,49.79,0.0,1.57,20.77
20190503,32.75,40.46,26.39,47.53,0.0,1.99,22.03
20190504,33.29,40.88,26.47,47.77,0.0,1.15,21.56
20190505,33.61,41.47,27.4,46.35,0.0,2.15,21.6
20190506,33.84,41.55,27.68,47.82,0.28,2.02,24.18
20190507,33.52,41.06,27.51,49.99,1.08,1.8,22.96
20190508,30.87,37.33,26.6,52.08,0.51,2.17,18.85
20190509,33.19,40.5,25.97,47.63,1.38,1.74,21.34
20190510,33.37,40.3,27.2,51.16,1.28,1.96,22.88
20190511,34.05,41.42,27.76,48.31,0.01,1.79,23.83
20190512,34.39,41.24,28.27,46.94,0.03,1.61,23.47
20190513,34.39,40.33,28.95,44.95,0.01,1.4,23.31
20190514,34.62,40.87,28.43,43.39,0.02,1.68,22.78
20190515,34.22,40.49,28.94,45.53,2.79,1.08,22.46
20190516,33.33,38.83,28.23,51.63,0.47,1.32,22.07
20190517,33.89,40.05,28.2,48.26,1.15,0.93,20.89
20190518,33.94,40.95,28.18,48.39,0.21,1.81,22.54
20190519,33.73,41.26,27.65,48.49,0.0,2.54,23.4
20190520,33.3,41.42,27.33,48.91,0.0,2.67,25.06
20190521,33.63,41.41,26.43,48.05,0.01,2.05,24.31
20190522,32.97,38.65,28.77,51.46,0.02,2.28,23.11
20190523,32.2,36.62,28.39,55.65,0.16,2.0,21.92
20190524,32.3,36.72,28.18,53.88,0.54,2.02,15.98
20190525,32.17,36.74,28.19,54.28,0.54,2.09,20.79
20190526,33.45,40.06,27.14,48.64,0.31,1.08,24.64
20190527,34.3,40.95,27.91,48.64,0.2,1.59,24.42
20190528,34.47,40.5,28.97,47.92,1.43,1.56,23.59
20190529,32.79,36.38,29.64,54.71,2.01,0.97,20.9
20190530,31.73,36.01,28.13,59.7,2.67,1.49,21.64
20190531,28.43,31.8,24.91,68.32,8.32,2.8,19.75
20190601,30.64,38.07,23.95,62.76,0.43,1.38,22.53
20190602,31.58,37.82,26.59,59.85,0.2,2.08,20.57
20190603,29.11,33.65,26.61,69.74,0.56,1.26,18.26
20190604,29.91,34.74,25.64,65.73,3.33,1.56,22.49
20190605,29.18,33.3,25.97,72.28,16.96,1.62,21.0
20190606,29.82,35.06,24.96,70.18,0.5,1.33,22.68
20190607,29.61,34.82,26.28,70.41,8.99,2.57,22.52
20190608,29.67,35.59,25.16,67.43,2.2,2.47,24.63
20190609,29.09,34.63,25.36,69.05,1.74,3.91,23.07
20190610,28.77,34.46,25.0,70.99,1.86,3.26,15.96
20190611,29.46,36.5,24.5,66.43,0.93,3.28,22.42
20190612,29.51,35.29,25.13,65.96,0.3,2.78,20.96
20190613,29.51,35.34,24.98,64.53,0.48,2.57,23.52
20190614,29.49,37.48,23.84,57.23,0.49,2.92,23.03
20190615,30.64,39.0,23.43,53.25,0.09,2.37,23.57
20190616,31.29,38.47,24.85,57.5,0.15,2.05,22.85
20190617,31.45,38.48,25.76,55.61,0.02,2.76,21.17
20190618,31.72,39.6,25.99,53.1,0.06,2.07,18.64
20190619,30.67,37.49,25.79,56.43,0.38,2.58,21.67
20190620,30.67,38.07,24.56,52.47,0.33,3.65,21.1
20190621,29.03,33.45,25.45,62.21,0.59,2.86,19.05
20190622,29.84,35.4,25.65,61.8,1.16,3.24,18.41
20190623,29.28,35.09,25.27,63.01,0.86,2.51,20.82
20190624,30.74,38.8,23.18,57.03,0.68,2.15,22.43
20190625,30.14,35.69,25.19,62.21,1.38,1.6,21.75
20190626,30.72,36.99,25.71,58.35,0.01,1.56,19.6
20190627,31.02,37.98,25.17,55.01,0.0,2.41,20.11
20190628,31.39,39.37,24.6,51.7,0.0,2.53,22.53
20190629,31.22,38.12,24.86,50.96,0.0,3.34,24.34
20190630,30.49,36.29,26.32,53.05,0.0,3.68,18.09
20190701,31.79,39.75,24.63,51.51,0.0,3.29,17.77
20190702,30.85,37.08,25.78,56.16,0.2,3.67,20.22
20190703,30.74,37.3,25.27,57.15,0.17,2.98,20.53
20190704,31.05,38.07,25.37,57.95,0.72,3.15,21.16
20190705,30.54,36.81,25.65,58.08,0.2,3.46,20.74
20190706,30.14,36.4,25.14,59.36,0.23,3.29,16.67
20190707,30.28,36.93,25.02,57.74,0.23,2.82,20.07
20190708,31.07,38.44,24.76,56.87,0.25,2.84,21.53
20190709,29.84,35.62,25.66,57.96,0.8,2.63,19.65
20190710,30.09,37.05,24.21,50.8,0.67,3.11,18.53
20190711,31.27,37.3,25.24,44.74,0.35,2.12,17.27
20190712,31.78,38.18,25.98,44.8,0.05,1.2,21.11
20190713,31.85,37.08,26.68,46.9,0.23,0.98,16.8
20190714,31.31,36.63,26.89,50.74,0.75,1.22,20.49
20190715,30.08,35.88,25.38,58.3,6.13,2.47,18.75
20190716,29.4,36.42,23.7,61.11,2.34,2.19,21.76
20190717,29.47,35.29,24.42,59.57,0.6,2.18,19.42
20190718,27.85,31.61,24.69,67.77,10.28,2.19,17.32
20190719,27.31,31.43,24.39,73.25,2.89,2.34,18.1
20190720,28.72,34.97,24.46,64.15,0.85,3.14,18.39
20190721,29.11,35.73,24.39,60.61,1.05,3.22,19.5
20190722,27.96,32.49,24.83,65.51,0.7,2.62,12.46
20190723,29.0,35.76,23.03,55.53,0.22,3.03,19.83
20190724,29.33,36.63,24.36,61.35,4.26,1.56,20.08
20190725,28.78,34.94,24.37,61.96,3.92,1.93,20.14
20190726,28.01,34.73,22.59,63.3,1.71,1.99,14.68
20190727,29.79,37.18,23.41,58.52,0.0,1.39,17.16
20190728,29.44,36.23,23.86,56.47,0.02,2.51,19.8
20190729,28.51,34.94,23.47,60.88,0.01,2.17,19.62
20190730,30.1,38.28,23.71,54.14,0.0,2.38,21.35
20190731,29.8,36.01,24.26,54.61,0.0,1.49,20.77
20190801,30.71,38.08,23.9,52.21,0.05,1.95,23.44
20190802,29.88,36.0,24.69,56.0,0.11,2.67,20.85
20190803,30.07,37.73,24.73,53.29,0.05,3.5,20.68
20190804,30.07,37.83,24.06,58.28,0.49,3.62,18.49
20190805,28.82,33.57,25.16,56.18,1.48,3.92,14.52
20190806,28.46,35.6,23.35,60.48,2.3,3.77,17.2
20190807,28.47,34.55,24.17,64.46,4.25,4.22,18.26
20190808,27.92,32.72,24.73,67.97,10.56,4.4,11.64
20190809,27.7,33.52,24.09,68.24,8.05,4.09,15.52
20190810,27.22,31.77,23.65,66.13,1.43,3.12,15.61
20190811,27.78,34.82,23.29,62.22,0.57,3.28,20.24
20190812,29.4,36.54,24.2,57.89,0.24,4.05,21.5
20190813,28.11,32.74,24.55,64.43,4.04,2.37,18.65
20190814,29.32,36.58,23.97,64.66,3.23,2.97,20.32
20190815,29.08,35.13,24.31,63.01,0.21,1.9,20.96
20190816,28.54,34.07,23.77,60.52,6.48,2.19,14.9
20190817,26.64,30.84,23.38,73.75,8.47,1.22,15.86
20190818,26.85,31.72,23.46,74.98,18.75,1.38,16.96
20190819,28.2,34.3,23.58,72.63,13.93,1.22,20.97
20190820,28.61,34.86,23.88,71.62,5.44,1.34,21.83
20190821,27.46,33.24,24.21,75.97,2.52,1.84,19.81
20190822,27.52,34.31,23.57,69.78,3.34,2.53,15.74
20190823,27.22,33.31,22.86,64.2,0.33,2.99,17.7
20190824,27.34,33.31,22.77,63.37,0.69,2.36,19.5
20190825,27.14,33.81,22.7,67.25,1.61,2.85,19.74
20190826,26.38,31.29,22.6,75.65,0.94,2.63,20.48
20190827,28.11,35.62,22.44,65.35,0.57,3.1,20.24
20190828,27.72,34.56,23.24,66.51,0.3,2.62,20.21
20190829,26.82,31.53,23.31,71.74,6.09,2.65,20.79
20190830,27.83,35.38,21.85,62.36,0.35,3.35,22.73
20190831,26.52,31.3,23.42,68.07,0.45,3.06,21.6
20190901,28.36,35.76,22.77,69.17,0.6,2.64,19.18
20190902,27.25,31.8,23.79,75.06,1.54,2.14,19.57
20190903,27.89,34.45,22.96,71.03,0.85,2.13,20.49
20190904,28.52,35.96,22.9,66.74,0.55,2.96,18.94
20190905,28.24,34.27,23.94,66.68,0.59,2.94,19.03
20190906,28.63,35.53,22.94,67.14,0.79,2.82,20.6
20190907,28.7,36.16,23.39,64.57,0.37,2.89,21.77
20190908,28.4,35.59,23.0,62.24,0.49,2.61,23.36
20190909,29.1,37.27,22.01,58.86,0.28,1.94,24.34
20190910,29.26,34.87,24.21,66.72,6.04,1.16,21.47
20190911,28.31,34.37,24.21,73.77,10.31,1.21,18.14
20190912,27.99,33.19,24.21,70.81,2.61,1.07,14.77
20190913,27.81,33.69,23.54,70.79,22.15,1.04,17.29
20190914,27.83,33.11,23.32,71.63,4.39,1.16,20.56
20190915,28.13,34.73,23.25,70.17,6.26,1.23,16.87
20190916,27.97,34.04,23.73,72.65,11.69,1.91,17.81
20190917,27.73,34.58,22.77,70.4,3.72,1.66,20.63
20190918,27.89,33.08,24.06,75.35,3.36,1.75,16.19
20190919,27.71,33.62,23.68,73.87,4.93,2.09,18.63
20190920,26.95,32.07,22.65,71.92,2.42,0.91,19.49
20190921,28.3,34.45,23.62,70.37,0.43,1.58,21.66
20190922,27.93,33.41,23.92,74.53,5.61,1.32,19.26
20190923,26.58,29.65,24.79,85.37,27.03,0.89,19.63
20190924,26.21,29.61,23.74,83.68,8.68,1.65,17.58
20190925,25.63,28.76,23.0,85.67,6.34,2.78,20.26
20190926,25.68,29.77,23.06,81.43,1.48,2.44,21.2
20190927,26.45,31.89,21.75,75.29,6.54,1.54,18.03
20190928,26.43,30.32,23.35,77.28,6.24,1.13,17.6
20190929,25.87,29.79,23.13,81.1,10.07,1.24,19.76
20190930,25.04,28.02,23.0,86.07,21.45,1.45,17.38
20191001,26.8,32.32,21.69,76.18,1.34,1.35,23.03
20191002,26.3,30.32,22.92,81.88,3.62,1.07,22.75
20191003,26.97,32.42,22.31,78.94,1.34,1.07,21.39
20191004,27.34,32.4,22.71,76.71,0.21,1.01,19.88
20191005,27.14,31.39,23.78,77.42,0.41,1.62,19.18
20191006,26.31,30.03,23.17,81.07,2.42,1.3,16.87
20191007,26.9,31.51,22.64,78.44,3.77,1.06,19.67
20191008,26.83,31.54,23.07,80.11,9.18,1.15,21.96
20191009,27.2,31.6,23.43,79.08,1.38,1.15,18.8
20191010,26.92,31.07,23.99,80.27,0.47,1.38,17.17
20191011,25.59,29.16,23.41,85.54,11.37,1.04,18.21
20191012,26.22,30.88,22.35,82.68,6.27,1.08,18.06
20191013,26.46,30.55,23.48,83.52,15.92,1.11,18.16
20191014,26.34,30.08,23.21,84.77,7.8,1.17,21.06
20191015,25.9,28.85,23.82,87.87,10.04,1.25,8.06
20191016,24.76,26.97,22.98,90.04,30.92,1.37,13.25
20191017,24.8,28.2,22.36,90.45,19.57,2.14,18.23
20191018,25.12,27.8,22.78,88.66,7.57,1.1,17.17
20191019,25.41,28.73,22.91,88.24,7.66,1.33,17.45
20191020,25.13,27.87,22.91,90.61,15.41,1.18,14.03
20191021,24.77,26.43,23.5,94.06,29.84,1.26,14.23
20191022,24.97,27.8,22.7,87.99,6.56,1.0,13.96
20191023,25.95,30.56,22.12,83.24,22.36,0.75,16.96
20191024,24.52,28.14,22.19,87.39,1.89,1.63,10.84
20191025,24.85,28.72,21.77,85.81,0.84,1.37,17.92
20191026,24.78,28.54,21.86,88.05,1.23,1.57,13.75
20191027,24.15,25.99,22.31,87.38,2.6,1.22,17.62
20191028,24.87,28.39,22.4,84.52,2.96,1.51,10.93
20191029,23.9,26.12,21.88,89.57,24.47,1.97,13.44
20191030,24.37,26.76,22.51,92.88,45.08,1.87,6.76
20191031,25.05,27.2,23.03,93.33,6.97,2.34,15.32
20191101,25.54,29.69,22.12,83.68,0.46,0.95,20.94
20191102,25.09,27.76,22.51,86.32,1.16,0.95,19.15
20191103,25.17,28.69,21.95,86.74,3.87,1.2,17.97
20191104,25.44,29.0,22.39,86.06,2.07,1.08,19.91
20191105,25.81,30.32,21.73,82.92,0.1,0.98,18.93
20191106,26.29,30.63,22.43,83.17,0.29,0.86,19.08
20191107,25.49,27.6,23.9,89.44,9.73,0.65,18.3
20191108,25.89,29.35,22.99,86.0,4.07,0.77,18.54
20191109,26.25,30.16,23.34,86.49,5.4,1.07,18.15
20191110,25.99,29.96,22.76,86.9,4.36,1.33,19.61
20191111,25.74,29.58,22.53,86.43,1.19,1.12,17.66
20191112,25.08,28.65,22.47,88.32,1.0,1.69,20.76
20191113,24.93,29.22,21.64,88.15,0.11,2.18,17.97
20191114,25.25,29.56,21.56,89.29,5.09,1.97,16.62
20191115,25.37,29.47,22.57,90.16,7.52,1.98,17.94
20191116,25.37,29.29,22.3,88.68,4.1,1.67,18.58
20191117,25.41,29.26,22.16,88.14,1.15,1.79,18.55
20191118,25.83,30.32,22.3,88.96,1.13,2.04,18.44
20191119,25.66,29.85,22.4,86.84,0.5,1.63,16.32
20191120,25.17,28.64,22.17,89.88,5.26,1.72,19.97
20191121,25.2,29.24,22.05,88.7,2.12,1.95,19.97
20191122,24.65,27.83,22.43,91.16,5.85,2.04,13.32
20191123,24.46,27.97,21.94,89.32,1.07,2.82,17.05
20191124,24.58,29.0,21.11,88.98,4.04,2.28,11.69
20191125,24.76,29.17,21.8,88.59,2.05,2.86,10.85
20191126,24.64,29.09,21.32,86.88,0.36,2.5,17.32
20191127,25.37,29.9,21.73,87.93,4.25,2.28,19.27
20191128,25.28,28.57,23.16,91.2,11.74,2.09,17.08
20191129,25.36,29.08,22.84,91.09,15.36,2.54,9.13
20191130,24.39,26.27,22.71,93.71,26.11,1.89,10.19
20191201,24.41,26.45,22.85,93.73,12.01,1.57,7.51
20191202,24.46,27.56,22.2,91.35,11.83,1.83,12.05
20191203,24.59,27.97,22.29,91.7,3.58,1.92,13.02
20191204,24.31,28.74,21.16,88.24,1.33,2.77,15.84
20191205,23.68,27.82,20.83,88.89,4.51,3.02,14.58
20191206,23.42,27.3,20.31,88.51,1.77,3.25,8.55
20191207,23.81,28.32,21.15,90.14,3.97,2.74,11.88
20191208,23.38,28.08,19.91,87.61,0.12,2.17,14.04
20191209,23.2,28.18,19.07,87.8,0.0,2.17,17.69
20191210,23.32,27.79,19.81,86.05,0.01,1.97,15.58
20191211,23.5,28.56,19.22,85.98,0.0,1.83,14.32
20191212,23.75,28.63,19.41,88.34,0.05,2.23,17.78
20191213,24.55,29.07,20.94,90.08,6.13,2.38,13.41
20191214,24.55,28.31,22.12,90.6,6.04,2.39,9.79
20191215,23.88,28.17,20.73,89.04,1.18,2.39,15.62
20191216,23.3,27.49,19.79,90.57,0.43,1.9,17.49
20191217,23.91,28.1,20.92,89.93,1.29,2.79,8.94
20191218,24.09,28.61,20.57,88.96,0.22,2.88,14.74
20191219,24.22,28.68,21.23,88.7,0.11,2.84,13.22
20191220,24.15,28.78,20.7,89.49,3.39,2.6,12.07
20191221,23.24,26.65,20.44,89.22,0.15,1.86,12.27
20191222,23.87,28.51,20.06,87.81,0.13,2.01,17.57
20191223,23.65,28.41,19.78,87.14,0.01,2.04,14.79
20191224,23.94,28.26,19.97,88.93,1.08,2.14,15.26
20191225,24.57,28.87,21.59,90.32,2.7,2.58,11.36
20191226,23.93,29.19,19.99,87.78,0.03,1.72,15.98
20191227,23.49,28.72,19.45,86.03,0.0,1.83,18.98
20191228,23.34,28.65,18.64,84.27,0.01,1.76,19.16
20191229,23.78,28.55,19.28,86.76,0.01,2.0,14.26
20191230,23.83,28.54,20.35,86.33,0.0,1.94,18.56
20191231,24.33,29.52,20.08,85.2,0.02,1.65,16.62
20200101,24.73,30.2,20.29,86.73,0.01,1.98,15.83
20200102,25.33,30.19,21.58,85.55,0.0,1.82,16.4
20200103,25.44,30.39,21.73,85.26,0.0,1.53,16.39
20200104,25.9,30.9,22.14,84.04,0.1,1.38,17.41
20200105,25.59,30.29,22.21,84.63,0.08,1.74,16.85
20200106,24.84,29.7,21.37,84.78,0.32,2.27,19.36
20200107,24.59,29.92,20.88,84.02,0.43,2.23,16.73
20200108,24.43,30.31,20.41,80.95,0.05,2.0,18.92
20200109,23.83,30.42,19.26,78.08,0.0,1.84,21.84
20200110,23.57,30.07,17.89,77.3,0.0,2.16,20.72
20200111,23.04,29.43,17.58,77.9,0.0,2.31,21.02
20200112,23.08,30.21,16.8,78.35,0.0,2.19,20.01
20200113,23.39,30.23,18.02,78.11,0.0,1.83,17.47
20200114,22.97,30.49,17.17,76.02,0.0,1.72,21.43
20200115,22.49,29.79,16.8,74.25,0.0,1.91,21.81
20200116,23.28,30.72,16.81,75.21,0.0,1.59,22.07
20200117,24.64,31.26,19.14,80.11,0.34,1.86,15.4
20200118,25.48,31.43,20.98,81.92,0.74,2.25,12.26
20200119,25.05,30.55,20.93,80.65,1.02,2.5,12.67
20200120,24.86,31.86,19.73,77.13,0.0,2.21,20.07
20200121,24.54,31.6,18.59,75.49,0.0,2.46,20.99
20200122,24.94,31.86,19.12,76.4,0.0,2.96,18.9
20200123,25.23,31.44,21.29,78.89,0.0,2.89,16.82
20200124,24.46,31.98,19.04,74.89,0.0,2.64,20.93
20200125,23.9,32.31,17.0,71.27,0.0,1.96,23.0
20200126,24.1,32.28,17.5,70.7,0.0,1.77,23.22
20200127,24.31,32.34,18.39,67.26,0.0,1.46,22.45
20200128,24.89,32.71,19.01,69.22,0.0,1.69,22.19
20200129,25.29,33.25,19.44,70.7,0.0,1.52,22.07
20200130,25.62,33.99,19.49,69.41,0.0,1.52,23.24
20200131,25.38,33.44,19.29,71.86,0.0,1.85,22.65
20200201,25.63,33.07,20.48,71.71,0.0,1.81,21.59
20200202,25.32,32.74,19.46,70.0,0.0,2.23,22.91
20200203,25.2,32.96,18.46,68.18,0.0,2.22,21.51
20200204,25.61,33.17,18.87,69.07,0.02,2.17,17.82
20200205,25.98,32.76,20.93,69.19,0.11,2.23,17.59
20200206,25.74,33.92,19.0,64.36,0.03,2.07,20.72
20200207,26.15,33.34,19.63,66.68,0.03,2.03,20.67
20200208,26.9,33.88,21.72,64.13,0.0,1.56,20.79
20200209,26.92,33.94,21.35,63.46,0.01,2.05,20.8
20200210,26.64,33.63,20.85,65.35,0.0,2.6,22.77
20200211,26.54,34.26,21.06,65.21,0.0,2.84,21.37
20200212,26.57,34.47,19.46,67.42,0.0,2.89,20.18
20200213,26.75,34.65,21.37,65.47,0.0,2.7,18.52
20200214,26.07,34.84,18.55,64.55,0.18,1.93,23.13
20200215,27.0,36.06,20.05,60.79,0.05,1.83,23.35
20200216,26.32,35.75,19.0,59.66,0.0,2.15,23.72
20200217,26.34,35.26,19.52,61.0,0.0,2.34,24.63
20200218,25.43,33.6,18.38,61.71,0.0,2.19,25.11
20200219,25.53,33.9,19.01,61.84,0.0,2.25,24.58
20200220,25.67,34.61,17.94,63.57,0.0,2.45,23.28
20200221,26.39,34.63,18.62,69.4,0.64,3.02,17.54
20200222,27.55,34.52,22.82,67.52,1.07,3.7,16.72
20200223,27.05,34.37,21.58,65.57,0.0,3.09,20.97
20200224,27.14,34.4,21.27,63.99,0.0,2.61,21.05
20200225,27.29,34.85,21.83,66.48,0.0,1.83,23.2
20200226,27.83,36.22,21.36,63.45,0.0,2.19,23.21
20200227,27.94,35.85,21.28,63.44,0.01,2.35,23.26
20200228,28.36,35.45,23.12,60.93,0.04,2.69,21.46
20200229,28.04,35.78,21.78,60.23,0.0,2.32,21.52
20200301,28.37,35.9,21.97,57.49,0.18,2.22,21.28
20200302,28.87,35.91,22.52,55.83,0.14,1.63,23.35
20200303,28.12,32.92,24.35,53.51,0.03,0.92,22.11
20200304,27.22,31.81,23.98,63.5,0.16,1.45,21.85
20200305,29.36,37.23,23.65,53.44,0.07,1.63,19.1
20200306,30.38,37.66,24.58,53.07,0.01,2.15,18.58
20200307,30.24,37.73,24.29,59.01,0.0,2.72,19.32
20200308,29.87,37.98,23.5,59.89,0.06,2.5,20.21
20200309,30.28,38.81,24.13,56.24,0.05,2.43,21.64
20200310,29.55,38.55,23.06,54.66,0.0,2.43,25.87
20200311,29.14,37.84,23.11,56.59,0.14,1.99,24.14
20200312,29.14,38.28,22.38,56.59,0.13,2.18,23.86
20200313,28.96,37.86,21.07,57.28,0.0,2.36,25.51
20200314,29.86,38.63,23.24,57.18,0.0,2.36,24.9
20200315,29.81,38.24,23.84,56.05,0.0,2.81,25.19
20200316,30.36,38.93,23.83,57.96,0.0,3.04,23.88
20200317,30.05,38.47,23.92,57.34,0.0,2.8,20.4
20200318,30.46,38.42,24.36,58.79,0.0,2.68,23.82
20200319,30.85,39.76,23.58,52.84,0.0,2.12,22.86
20200320,31.42,39.96,24.08,48.83,0.01,2.18,24.27
20200321,30.98,39.09,24.48,52.62,0.71,2.16,23.66
20200322,31.05,39.22,24.23,52.77,0.13,2.06,22.84
20200323,30.82,38.89,24.49,51.57,0.23,2.33,22.28
20200324,30.38,38.11,23.72,52.16,0.0,2.41,21.66
20200325,30.35,38.16,24.03,53.44,0.13,2.24,23.26
20200326,30.18,38.53,22.96,52.83,0.0,2.66,22.32
20200327,30.03,38.13,24.11,55.9,0.0,2.77,22.9
20200328,30.1,39.14,22.71,51.73,0.0,2.14,26.41
20200329,30.17,39.18,22.88,47.73,0.0,1.95,26.22
20200330,30.46,39.68,22.91,42.57,0.06,2.07,25.87
20200331,29.9,38.88,21.35,49.25,0.16,2.37,26.2
20200401,30.03,39.3,22.21,51.9,0.0,2.3,26.64
20200402,30.62,39.84,23.07,54.34,0.0,2.26,26.36
20200403,30.51,39.25,23.99,52.73,0.0,2.1,26.42
20200404,30.85,39.62,23.86,54.0,0.08,2.35,26.01
20200405,28.84,32.15,26.18,68.58,2.6,1.64,20.34
20200406,30.95,38.05,25.0,58.85,0.1,2.17,23.59
20200407,30.58,35.7,25.32,55.75,0.16,1.35,21.48
20200408,30.92,36.56,26.16,53.72,0.93,1.59,22.19
20200409,30.64,37.88,25.42,60.18,4.13,2.21,23.22
20200410,29.97,37.29,24.46,62.12,2.81,2.28,24.56
20200411,30.16,37.5,24.38,60.84,0.4,2.3,24.85
20200412,30.65,38.48,24.36,56.25,0.0,1.99,24.16
20200413,30.77,38.65,23.75,52.81,0.0,1.86,24.98
20200414,31.04,39.2,24.46,51.84,0.11,2.22,24.8
20200415,31.16,39.36,24.73,56.1,0.33,2.4,24.83
20200416,31.38,39.12,25.18,55.21,0.02,2.26,24.77
20200417,31.75,39.68,24.96,54.32,0.03,2.47,25.06
20200418,31.87,39.35,25.44,54.7,0.28,2.63,24.48
20200419,30.64,36.76,25.83,59.43,1.86,2.18,21.69
20200420,30.58,36.86,25.31,60.46,0.19,2.28,23.92
20200421,31.63,39.87,24.65,55.34,0.16,2.28,22.57
20200422,32.3,40.21,26.13,53.16,0.35,2.3,21.85
20200423,33.12,40.83,26.39,51.77,0.61,2.34,23.57
20200424,32.22,38.79,27.37,56.56,4.2,2.1,20.53
20200425,30.06,34.74,26.73,70.98,9.76,1.71,22.21
20200426,28.4,31.06,26.41,80.91,6.7,1.48,21.7
20200427,30.03,35.64,25.53,68.88,1.91,1.3,24.07
20200428,28.64,31.69,26.48,74.96,1.49,1.58,20.94
20200429,29.78,35.02,25.16,66.68,2.16,1.14,19.76
20200430,30.18,35.91,26.32,62.92,0.13,1.35,17.63
20200501,31.38,38.58,24.75,57.94,0.03,1.8,24.63
20200502,31.83,39.42,25.88,57.64,1.15,2.1,25.02
20200503,29.45,34.3,25.68,70.1,1.96,1.41,22.51
20200504,30.9,37.86,24.96,61.02,0.12,1.88,23.07
20200505,30.54,36.97,25.69,61.52,0.07,2.25,22.3
20200506,30.47,36.31,26.03,63.9,1.13,2.25,22.13
20200507,30.42,37.8,25.2,63.95,6.18,3.01,22.78
20200508,29.04,33.87,25.49,72.86,3.34,2.02,21.17
20200509,30.06,35.97,25.43,68.16,0.53,1.99,20.7
20200510,29.77,35.09,25.48,70.01,0.83,1.92,20.41
20200511,28.72,33.26,25.71,74.39,2.2,1.86,17.63
20200512,30.2,37.46,24.92,63.58,0.45,2.22,21.11
20200513,29.84,35.93,25.3,63.01,2.88,1.47,18.19
20200514,30.6,36.21,25.43,62.42,0.23,1.43,24.04
20200515,30.29,34.74,26.84,66.11,0.93,1.13,21.62
20200516,31.34,37.09,26.53,57.79,0.52,1.96,16.28
20200517,31.12,37.15,26.8,60.13,3.92,2.2,18.77
20200518,29.9,36.84,25.32,61.37,1.7,4.09,15.71
20200519,30.97,36.98,26.95,55.92,0.08,4.21,17.67
20200520,32.46,39.31,26.73,51.76,0.25,2.55,20.31
20200521,30.66,36.44,26.95,55.35,1.21,3.08,23.6
20200522,32.61,40.4,25.69,49.54,0.35,1.87,19.36
20200523,33.89,41.22,27.57,48.02,0.35,1.65,22.15
20200524,34.07,40.42,28.51,48.32,0.23,1.79,21.89
20200525,33.08,38.11,29.14,52.56,1.5,1.6,18.75
20200526,32.56,37.79,27.71,53.67,0.15,1.21,20.8
20200527,32.63,38.32,28.07,52.13,1.41,1.63,19.07
20200528,30.63,36.13,26.87,66.27,25.49,1.55,19.87
20200529,30.98,38.23,25.1,57.53,1.01,1.64,14.52
20200530,29.97,35.65,26.1,65.55,0.23,2.52,21.18
20200531,29.32,35.24,24.52,68.83,0.64,3.48,23.26
20200601,28.89,34.17,25.26,71.17,2.53,2.92,21.4
20200602,28.29,33.46,24.56,71.6,7.17,2.73,22.31
20200603,27.99,32.24,24.42,70.57,0.11,2.75,21.78
20200604,28.52,34.7,23.65,65.92,0.53,3.08,20.95
20200605,28.26,34.29,23.62,70.59,2.0,2.61,20.73
20200606,28.9,35.33,24.34,68.54,2.11,2.19,20.89
20200607,28.14,33.87,24.39,69.97,3.4,1.97,19.43
20200608,29.79,37.41,23.82,58.47,0.01,2.75,20.03
20200609,29.7,37.19,23.55,56.34,0.13,2.75,21.64
20200610,29.55,36.55,23.75,57.11,0.3,2.83,18.94
20200611,28.36,33.38,24.84,61.02,1.33,2.6,15.4
20200612,28.3,34.62,24.17,61.44,0.2,3.09,22.27
20200613,29.46,36.81,23.37,58.76,0.41,2.69,22.36
20200614,29.8,36.27,24.88,59.05,0.08,2.99,24.14
20200615,30.54,37.54,25.15,58.96,0.05,2.07,24.4
20200616,29.75,34.71,25.93,65.08,0.3,2.21,23.16
20200617,29.41,35.23,25.1,63.46,0.4,2.43,22.07
20200618,29.64,36.46,24.44,57.2,0.13,2.53,22.09
20200619,29.51,36.34,24.82,56.95,0.16,2.72,22.58
20200620,29.72,34.79,25.44,56.37,0.03,3.19,22.05
20200621,27.97,32.89,24.14,60.91,0.99,3.31,19.31
20200622,29.7,35.88,25.01,55.13,1.06,2.56,18.34
20200623,30.58,37.32,25.17,49.45,0.02,2.58,13.24
20200624,30.0,36.2,25.64,55.09,6.34,1.52,17.78
20200625,27.42,33.02,24.09,71.87,21.32,1.6,17.46
20200626,27.8,33.43,24.12,74.64,6.54,2.05,22.89
20200627,29.43,35.64,24.84,66.84,0.48,1.85,24.52
20200628,29.3,35.32,24.33,70.95,8.21,2.0,19.76
20200629,28.68,32.87,24.78,73.01,4.3,1.5,19.59
20200630,29.13,35.11,24.04,67.14,0.69,1.97,23.43
20200701,27.83,33.9,24.03,65.93,0.01,1.59,22.96
20200702,28.93,35.47,23.67,63.16,1.33,2.18,19.62
20200703,27.06,31.98,23.58,65.2,0.78,3.05,18.6
20200704,27.16,32.45,22.97,67.47,0.89,2.93,20.01
20200705,27.86,33.77,23.36,62.39,0.34,2.17,20.65
20200706,27.48,33.02,23.16,66.29,1.01,2.7,21.99
20200707,28.15,35.1,22.67,66.79,3.93,1.96,23.28
20200708,27.25,31.8,23.77,74.23,14.15,1.01,16.44
20200709,26.48,30.5,23.76,79.1,21.6,1.22,17.29
20200710,26.42,29.86,24.05,79.5,1.97,1.52,19.19
20200711,27.52,32.69,23.44,73.74,6.29,1.16,21.24
20200712,28.59,34.93,22.94,68.88,0.82,1.94,24.04
20200713,27.92,32.11,24.02,72.98,3.72,0.98,14.82
20200714,27.92,32.06,24.11,74.47,3.19,1.69,23.0
20200715,28.29,32.9,24.35,72.18,0.99,1.35,17.78
20200716,27.54,32.61,23.24,72.01,1.77,2.0,14.43
20200717,27.41,32.49,23.7,70.31,0.94,2.18,15.81
20200718,27.61,31.48,23.93,69.71,0.38,1.01,18.39
20200719,27.1,31.02,23.76,73.81,4.29,1.31,19.19
20200720,27.01,31.74,23.86,79.15,14.52,1.83,20.1
20200721,26.77,30.55,23.79,78.05,1.11,1.19,19.75
20200722,26.78,30.84,23.67,79.52,0.34,2.42,20.84
20200723,27.33,31.94,23.33,76.89,9.01,2.71,18.56
20200724,26.81,31.71,23.59,78.2,6.53,2.64,21.59
20200725,27.35,33.84,22.98,71.07,1.23,1.99,20.06
20200726,26.98,31.68,23.18,74.12,1.38,1.41,16.06
20200727,27.73,32.79,23.45,70.99,1.08,1.49,22.5
20200728,27.67,32.35,23.91,70.59,2.73,2.04,12.81
20200729,26.86,32.07,23.11,74.5,6.55,1.76,14.03
20200730,28.34,35.03,23.62,70.58,1.15,2.08,21.91
20200731,27.91,33.12,23.61,74.06,3.44,2.01,22.17
20200801,27.92,33.96,23.98,69.59,3.29,2.25,20.41
20200802,27.14,33.3,23.13,69.22,1.21,3.24,16.54
20200803,27.19,33.02,23.13,71.82,2.38,3.68,16.74
20200804,26.82,32.13,22.6,66.36,1.8,3.91,17.15
20200805,27.66,33.05,24.07,62.35,0.87,4.68,16.99
20200806,28.47,34.24,24.18,67.27,3.45,3.72,16.54
20200807,28.87,35.64,24.21,65.58,1.73,3.85,20.05
20200808,27.17,32.7,23.57,73.06,12.73,2.29,17.98
20200809,25.95,29.56,23.1,78.2,6.3,2.49,12.89
20200810,27.03,32.59,22.6,71.19,0.21,2.58,20.61
20200811,28.3,35.34,22.61,70.25,0.78,2.21,21.42
20200812,28.63,36.25,22.91,66.67,0.32,2.5,21.6
20200813,28.39,35.19,23.36,68.45,0.33,1.69,23.39
20200814,28.14,34.89,22.88,68.24,0.07,2.0,22.59
20200815,27.51,34.54,22.35,68.98,0.02,2.16,18.89
20200816,28.14,35.81,22.89,68.47,0.05,1.95,21.66
20200817,28.76,36.28,22.8,68.2,0.1,1.9,19.46
20200818,29.25,36.43,22.96,65.76,0.26,1.81,22.15
20200819,29.05,35.28,23.63,67.08,0.03,1.26,22.01
20200820,28.43,34.05,24.29,68.1,0.0,1.74,15.94
20200821,29.74,36.28,23.59,61.78,0.14,0.8,22.25
20200822,29.81,36.25,24.35,66.77,4.54,0.98,22.77
20200823,29.26,34.43,25.37,70.33,7.07,0.92,21.27
20200824,28.61,33.46,24.84,72.99,15.4,1.01,22.1
20200825,28.35,32.77,24.81,76.17,5.7,0.91,21.38
20200826,27.74,31.3,24.88,76.77,5.53,0.82,19.25
20200827,28.68,33.34,24.12,68.35,0.3,0.96,23.89
20200828,29.67,36.53,23.17,63.65,4.81,1.17,23.15
20200829,29.36,35.76,24.09,64.7,1.57,1.69,23.59
20200830,29.04,33.87,23.51,66.77,0.05,1.06,22.88
20200831,28.4,32.76,25.01,71.73,4.03,1.33,21.45
20200901,27.79,31.69,23.82,73.95,13.16,1.53,19.68
20200902,26.66,30.63,23.97,76.27,6.88,1.35,8.46
20200903,26.95,31.36,23.33,79.42,15.34,1.24,23.4
20200904,27.76,32.64,23.57,77.58,4.6,1.09,20.77
20200905,27.37,32.37,23.86,77.53,1.12,1.95,18.56
20200906,27.27,33.17,22.6,75.7,8.37,2.54,19.08
20200907,27.65,33.21,22.95,74.16,1.56,2.02,20.22
20200908,27.48,32.4,23.7,77.2,7.73,1.4,21.9
20200909,26.72,31.61,23.5,80.06,10.6,2.4,17.22
20200910,25.82,30.45,22.75,80.24,3.11,3.12,15.23
20200911,25.55,29.95,22.66,77.25,0.97,2.75,21.68
20200912,27.04,33.79,22.24,70.03,1.05,2.02,18.3
20200913,26.24,31.03,22.16,75.67,1.8,1.58,13.41
20200914,26.95,33.21,22.17,69.02,0.27,2.49,17.31
20200915,26.2,31.85,22.43,73.33,1.66,1.81,21.72
20200916,27.97,35.0,22.84,71.1,0.7,1.83,20.36
20200917,27.9,34.52,22.73,73.18,2.51,1.84,22.68
20200918,27.94,34.65,23.47,69.81,0.91,2.78,20.82
20200919,27.02,32.96,23.11,69.99,1.77,3.39,13.35
20200920,26.03,30.82,22.95,67.86,1.73,4.17,13.06
20200921,26.64,32.98,22.57,70.52,0.7,3.1,16.15
20200922,27.11,33.88,22.56,66.82,0.31,2.78,18.02
20200923,28.02,35.21,22.7,67.89,0.13,2.0,22.27
20200924,27.84,32.97,22.95,70.76,0.39,0.95,20.22
20200925,26.09,28.8,24.15,78.32,6.2,1.12,11.98
20200926,26.32,31.23,23.1,77.79,0.9,1.49,18.3
20200927,28.14,34.63,21.96,68.92,5.07,0.59,20.26
20200928,27.64,31.75,23.82,75.41,6.25,0.8,21.06
20200929,27.11,32.87,22.57,75.68,5.37,1.19,15.08
20200930,27.03,32.65,22.47,74.59,3.93,1.46,19.99
20201001,27.31,34.72,22.22,69.43,0.04,1.65,22.98
20201002,27.09,33.02,21.85,68.39,0.03,1.37,16.78
20201003,26.93,32.2,21.89,70.43,0.04,1.82,23.83
20201004,27.2,35.03,21.84,66.79,0.02,1.99,24.58
20201005,27.95,34.64,22.62,62.87,0.0,1.47,25.5
20201006,28.95,36.16,22.73,67.14,22.18,0.95,22.6
20201007,28.59,33.9,24.2,75.26,14.54,1.64,22.1
20201008,27.23,30.36,24.67,81.1,6.89,1.14,15.46
20201009,26.25,28.86,24.14,85.43,20.61,0.67,19.96
20201010,26.72,32.12,22.55,77.21,2.81,1.11,18.97
20201011,25.37,29.66,22.26,79.27,0.89,1.85,12.82
20201012,26.51,33.25,21.55,74.27,0.29,2.4,18.58
20201013,26.2,31.89,22.49,73.97,0.17,2.97,17.91
20201014,26.8,33.6,22.15,71.54,0.12,2.63,13.34
20201015,27.07,34.07,22.58,72.61,0.2,1.98,19.71
20201016,27.16,34.33,21.44,76.76,0.42,1.28,20.55
20201017,27.38,32.31,22.9,74.69,1.04,0.78,18.24
20201018,27.15,31.8,23.42,75.29,3.0,1.0,17.6
20201019,27.73,33.82,22.82,72.89,2.9,1.04,21.45
20201020,26.29,30.04,23.61,81.73,15.96,1.23,20.22
20201021,27.01,32.98,22.23,75.82,2.12,1.35,19.88
20201022,25.65,31.33,21.65,79.18,1.92,1.63,16.62
20201023,26.93,32.85,21.56,72.34,0.0,1.22,22.44
20201024,26.47,33.5,20.92,68.35,0.0,1.15,22.38
20201025,27.05,33.35,21.59,74.01,105.44,1.14,19.29
20201026,26.65,29.99,23.37,82.14,43.61,1.05,18.95
20201027,26.72,30.16,23.89,79.3,0.11,1.1,19.36
20201028,26.69,30.14,23.3,78.42,4.17,0.8,16.94
20201029,26.39,30.57,22.17,79.47,4.86,0.98,19.53
20201030,25.47,28.35,23.0,83.68,14.44,0.95,18.42
20201031,26.63,29.99,23.37,75.6,21.28,0.64,19.65
20201101,26.57,30.72,22.62,75.87,0.7,0.71,19.3
20201102,26.88,30.81,23.08,79.34,2.25,0.86,19.45
20201103,26.65,30.7,23.91,81.0,0.4,1.16,19.15
20201104,26.44,29.93,23.79,83.4,2.51,1.08,17.83
20201105,25.95,30.05,22.87,85.6,23.58,1.26,12.86
20201106,25.03,29.05,21.96,88.46,12.27,1.68,10.44
20201107,25.41,29.46,22.62,88.32,0.67,2.03,20.21
20201108,25.25,29.4,22.14,89.22,5.18,2.14,13.67
20201109,25.11,30.55,21.37,80.99,0.1,2.41,19.91
20201110,24.32,29.72,19.65,78.8,0.15,2.04,16.8
20201111,24.98,30.2,20.28,82.63,1.98,2.23,17.87
20201112,24.94,27.84,23.14,92.11,12.04,1.84,14.93
20201113,25.26,28.84,22.67,89.77,13.92,1.75,9.99
20201114,25.52,29.55,22.79,88.19,1.64,2.4,18.08
20201115,25.21,27.94,22.67,91.88,5.85,2.44,12.35
20201116,24.96,27.35,23.37,92.91,38.45,2.02,7.43
20201117,24.9,28.26,22.62,90.47,44.74,2.49,7.71
20201118,24.65,27.98,22.09,91.33,18.75,1.54,18.36
20201119,24.98,28.63,22.29,89.2,6.08,1.84,15.95
20201120,24.62,28.55,21.69,88.56,0.92,2.0,15.2
20201121,24.13,28.97,20.1,84.91,0.02,2.03,21.61
20201122,23.18,27.85,18.63,83.3,0.0,1.55,17.98
20201123,23.55,27.3,20.37,84.7,0.01,1.99,13.43
20201124,23.34,26.72,20.93,87.26,0.03,2.43,10.47
20201125,25.0,28.61,22.38,86.55,1.97,2.39,6.12
20201126,25.25,28.88,22.59,86.9,3.9,1.89,14.55
20201127,25.18,29.41,21.33,86.58,16.84,0.93,19.4
20201128,24.88,28.47,22.88,89.05,3.26,2.02,15.2
20201129,24.49,27.24,22.31,90.83,1.25,1.88,14.68
20201130,24.55,27.74,22.04,89.83,0.85,2.47,16.15
20201201,23.83,28.29,19.87,84.72,0.02,2.56,19.34
20201202,24.11,28.16,21.01,85.47,6.54,2.98,5.71
20201203,23.73,26.95,21.97,90.09,25.92,3.89,3.58
20201204,24.34,27.08,22.67,94.25,17.71,3.89,8.53
20201205,24.09,26.06,22.66,94.44,4.35,3.25,8.81
20201206,24.38,27.23,22.1,91.56,10.76,3.34,12.29
20201207,24.37,26.62,23.04,93.56,15.63,2.6,11.6
20201208,24.74,28.3,22.37,90.79,7.6,1.82,14.91
20201209,24.59,28.61,21.75,89.13,2.84,1.77,19.89
20201210,23.68,27.79,20.57,87.34,0.23,1.84,15.68
20201211,23.05,27.71,19.22,86.47,0.04,1.89,19.68
20201212,22.91,27.94,18.08,86.58,0.06,1.79,18.54
20201213,22.8,27.72,18.64,84.69,0.01,1.71,19.1
20201214,22.38,27.22,17.84,83.23,0.0,1.84,20.09
20201215,22.94,27.65,18.3,87.71,5.42,2.11,14.16
20201216,22.83,24.77,21.07,94.03,9.04,2.24,11.85
20201217,23.66,25.93,21.38,92.75,8.86,2.14,11.65
20201218,23.72,26.97,21.53,91.71,5.87,2.63,9.02
20201219,22.81,26.5,20.44,88.81,1.96,3.08,6.95
20201220,22.81,27.48,19.61,87.92,0.03,2.77,13.6
20201221,21.71,25.71,18.16,88.24,0.0,2.54,16.44
20201222,21.68,24.93,18.69,87.9,0.12,2.14,10.52
20201223,22.44,25.75,19.23,90.57,0.26,1.71,12.4
20201224,23.22,27.86,20.04,87.92,0.0,2.08,17.14
20201225,22.58,27.55,18.53,86.78,0.0,2.11,20.17
20201226,21.43,27.03,16.87,85.38,0.0,2.13,21.16
20201227,22.13,27.87,16.97,85.07,0.01,2.18,14.21
20201228,22.38,27.86,17.75,83.4,0.01,1.9,16.44
20201229,23.15,28.27,18.24,87.54,0.69,2.04,10.9
20201230,24.07,28.7,20.66,89.32,4.44,3.14,18.21
20201231,23.99,27.83,21.49,91.52,14.57,2.94,8.8
20210101,22.68,27.16,19.43,87.58,1.16,2.52,18.98
20210102,22.97,27.72,18.2,89.36,0.95,2.43,15.14
20210103,24.18,28.12,21.69,90.79,7.69,2.6,11.26
20210104,24.31,28.14,21.93,90.15,12.42,2.7,9.77
20210105,24.11,27.8,21.95,90.54,1.86,2.11,13.01
20210106,24.18,27.97,21.37,89.18,15.42,1.1,14.3
20210107,24.28,27.1,22.03,92.54,19.8,1.7,14.74
20210108,24.73,28.41,22.19,90.01,9.33,1.4,11.37
20210109,23.82,26.42,22.06,93.87,7.69,1.8,11.03
20210110,23.27,25.58,21.62,93.21,6.78,1.69,11.1
20210111,23.5,26.24,21.33,91.87,8.3,2.42,7.35
20210112,23.24,25.17,21.92,94.18,19.31,3.38,6.7
20210113,23.47,25.68,21.92,94.03,20.53,2.86,8.93
20210114,23.74,27.09,21.31,92.3,14.7,2.43,7.85
20210115,23.36,25.72,21.57,94.46,22.66,2.34,10.82
20210116,23.93,28.0,21.01,91.4,23.11,2.19,8.89
20210117,22.65,27.66,18.38,87.12,1.26,1.94,20.13
20210118,21.48,26.88,16.49,87.15,0.03,2.24,22.11
20210119,21.92,27.42,16.88,84.36,0.0,1.91,21.76
20210120,23.06,27.47,19.04,86.43,0.02,1.67,16.31
20210121,24.75,29.4,21.45,89.51,0.08,1.61,18.57
20210122,25.05,29.45,21.68,88.36,0.28,1.56,20.02
20210123,24.0,28.16,20.87,88.04,0.16,1.89,18.41
20210124,23.05,27.91,19.29,86.07,0.0,1.96,20.08
20210125,22.23,27.44,17.99,85.97,0.0,1.76,21.97
20210126,21.84,27.36,16.92,83.71,0.0,1.84,20.45
20210127,21.36,26.77,16.16,82.13,0.0,1.8,19.41
20210128,22.06,27.58,16.96,84.97,0.0,2.16,18.37
20210129,23.03,28.38,18.37,87.16,0.08,2.27,15.01
20210130,23.64,28.33,19.74,87.18,0.1,1.99,18.3
20210131,23.26,28.63,19.38,85.72,0.0,2.16,20.76
20210201,22.79,28.43,18.58,85.59,0.08,2.51,21.8
20210202,22.72,28.28,18.13,85.97,0.11,2.37,17.97
20210203,22.86,28.12,18.9,86.13,0.03,2.32,19.79
20210204,22.34,27.92,17.65,82.11,0.0,2.02,21.96
20210205,21.84,27.92,16.66,82.6,0.0,2.14,22.52
20210206,22.1,28.32,17.21,82.27,0.0,2.13,22.02
20210207,21.42,28.25,15.86,79.71,0.0,2.34,22.78
20210208,21.38,28.05,16.03,81.02,0.0,2.7,23.53
20210209,21.22,27.83,15.69,81.67,0.0,2.6,21.6
20210210,20.73,27.59,14.86,80.53,0.0,2.18,24.37
20210211,20.7,27.94,14.39,78.99,0.0,1.98,25.2
20210212,20.77,27.97,14.16,79.2,0.0,1.91,23.67
20210213,21.64,28.71,15.09,77.6,0.0,1.68,24.33
20210214,22.31,29.6,16.2,75.95,0.0,1.69,21.66
20210215,23.32,30.82,16.75,77.67,0.0,1.59,24.67
20210216,24.27,30.88,19.33,78.93,0.0,1.55,17.76
20210217,24.0,30.38,18.95,79.29,0.0,1.8,22.4
20210218,24.05,30.07,18.98,80.34,0.09,1.96,16.56
20210219,24.51,31.05,18.47,81.16,0.08,1.87,23.71
20210220,25.32,30.99,21.26,81.95,3.28,2.74,18.04
20210221,25.72,31.14,21.83,80.8,1.27,2.49,20.32
20210222,25.34,31.04,21.25,79.57,0.08,2.59,19.91
20210223,25.28,32.35,19.85,77.0,0.01,2.16,23.88
20210224,24.96,31.93,20.22,75.24,0.0,1.83,23.8
20210225,25.27,32.72,19.58,71.6,0.0,1.64,24.0
20210226,25.88,34.06,19.44,65.06,0.11,1.62,25.29
20210227,26.2,34.49,20.23,63.11,0.03,1.48,25.38
20210228,25.28,33.54,18.92,66.89,0.0,1.73,25.77
20210301,25.12,33.15,18.18,69.41,0.0,1.72,25.23
20210302,25.07,33.23,18.75,70.97,0.0,1.91,24.92
20210303,24.3,32.88,17.88,71.28,0.0,2.23,25.21
20210304,24.47,32.5,18.28,72.06,0.0,1.95,24.83
20210305,25.07,33.42,17.83,70.36,0.0,1.76,24.8
20210306,26.12,34.66,18.96,68.43,0.0,1.69,24.43
20210307,26.89,34.86,19.9,70.36,0.0,1.96,25.53
20210308,27.16,33.89,21.94,73.16,0.02,2.06,21.88
20210309,27.27,34.36,22.2,70.99,0.04,2.44,25.25
20210310,26.59,32.6,21.53,76.4,1.79,2.21,21.09
20210311,26.77,32.75,23.15,75.09,2.68,2.09,24.24
20210312,26.54,33.52,21.57,69.77,0.45,1.99,25.08
20210313,26.53,34.22,19.96,70.35,0.0,1.98,23.72
20210314,27.17,35.26,20.76,68.31,0.0,2.17,25.37
20210315,27.14,35.64,20.25,63.46,0.0,2.05,25.03
20210316,27.41,35.92,20.0,63.48,0.0,1.94,24.49
20210317,27.36,35.56,20.9,64.43,0.0,2.07,23.19
20210318,26.4,33.14,21.28,65.82,0.0,1.81,22.14
20210319,27.16,34.84,20.34,61.5,0.0,1.9,22.68
20210320,27.98,35.42,22.65,63.21,0.01,1.62,21.83
20210321,28.38,35.93,22.68,57.89,0.0,1.54,23.85
20210322,27.91,35.05,22.37,65.65,3.43,1.74,23.02
20210323,28.37,36.05,22.84,65.83,0.07,1.93,23.9
20210324,27.69,33.34,22.5,67.15,0.07,1.57,21.14
20210325,27.85,33.08,24.54,65.7,0.36,1.46,20.36
20210326,28.15,34.86,22.73,67.24,0.12,1.9,24.36
20210327,28.9,36.51,22.81,64.79,0.34,1.89,21.01
20210328,28.75,35.12,24.36,65.28,1.51,1.56,24.11
20210329,29.34,37.0,23.56,62.77,0.45,2.03,24.77
20210330,30.24,38.65,22.71,56.72,0.28,2.17,25.85
20210331,31.38,40.19,23.86,52.78,0.02,1.85,25.0
20210401,31.78,39.47,25.27,55.94,1.94,1.51,23.34
20210402,31.6,38.95,26.31,55.87,0.49,1.98,23.94
20210403,32.43,40.55,25.6,48.75,0.0,1.47,24.8
20210404,32.29,40.86,24.67,46.64,0.04,1.9,24.14
20210405,32.17,39.59,26.01,48.97,0.03,2.3,23.18
20210406,30.23,36.88,25.16,60.05,0.14,1.96,20.58
20210407,29.64,38.0,23.58,57.81,0.07,1.87,23.0
20210408,29.55,37.49,22.99,56.45,0.07,1.55,24.46
20210409,30.06,38.04,23.53,58.47,0.07,2.16,25.1
20210410,29.46,36.39,24.08,62.33,1.62,2.04,22.06
20210411,29.01,35.46,24.03,65.98,6.48,1.63,22.01
20210412,28.51,34.77,24.25,70.39,5.27,1.74,17.07
20210413,27.37,32.28,24.25,76.97,2.82,1.83,18.86
20210414,27.98,33.81,24.05,74.14,4.94,1.6,17.8
20210415,26.63,30.21,23.91,80.27,13.78,0.94,20.69
20210416,27.3,31.65,23.94,77.65,8.05,0.93,23.8
20210417,29.42,35.85,23.52,67.4,0.03,1.14,24.25
20210418,29.62,35.12,25.05,65.75,0.21,1.28,23.02
20210419,31.13,38.49,24.97,59.25,0.4,1.11,24.29
20210420,30.06,35.48,25.27,64.39,0.4,0.85,18.52
20210421,30.07,35.82,25.66,64.84,1.24,1.11,23.01
20210422,29.41,34.92,24.71,67.69,0.18,1.53,24.26
20210423,29.77,36.24,24.91,66.18,1.76,1.47,23.59
20210424,29.49,35.59,24.47,68.91,2.41,1.56,20.66
20210425,29.76,36.16,25.01,67.99,0.63,1.86,22.16
20210426,30.15,36.3,25.48,63.79,0.11,1.58,21.98
20210427,29.01,33.43,25.41,69.49,0.25,1.08,22.95
20210428,29.87,36.18,24.78,62.22,0.03,1.62,23.54
20210429,30.23,36.49,24.66,62.27,0.18,1.56,21.76
20210430,29.9,36.1,25.15,66.53,1.57,1.91,22.76
20210501,28.63,33.35,25.52,77.49,3.04,1.74,20.27
20210502,29.22,35.34,24.85,71.54,2.38,1.82,22.25
20210503,28.55,33.47,25.09,74.7,2.71,1.98,19.8
20210504,28.65,35.12,24.29,73.37,5.71,1.8,21.41
20210505,28.37,33.95,23.93,74.59,1.23,1.66,21.55
20210506,29.37,35.19,25.14,68.56,1.34,1.81,22.35
20210507,27.77,32.16,25.33,78.76,12.49,1.53,20.86
20210508,27.72,31.37,24.83,78.05,1.67,1.84,20.67
20210509,28.38,32.6,25.0,75.74,1.39,1.45,18.33
20210510,28.44,33.24,24.82,75.83,2.53,1.6,19.36
20210511,29.15,33.46,25.63,72.62,0.91,1.29,21.71
20210512,29.9,35.28,25.72,69.68,0.45,1.35,18.58
20210513,30.24,37.68,24.58,65.14,10.69,1.86,14.16
20210514,29.01,35.74,24.43,70.1,6.06,3.26,21.18
20210515,27.6,32.83,24.31,75.83,3.72,4.32,14.32
20210516,27.86,32.38,24.32,74.59,0.93,2.69,20.24
20210517,28.91,35.59,23.73,72.16,6.62,1.95,24.15
20210518,29.8,36.23,24.77,70.61,0.33,1.33,24.78
20210519,28.87,33.6,25.67,75.34,6.99,2.14,23.14
20210520,27.52,31.29,24.64,79.36,6.9,1.93,21.34
20210521,27.47,32.36,23.8,74.66,1.47,2.31,16.05
20210522,27.14,32.0,23.73,75.51,1.82,2.41,19.61
20210523,29.47,37.62,22.94,64.18,0.22,2.25,20.75
20210524,29.72,36.48,24.24,63.27,0.02,2.88,23.16
20210525,27.63,31.78,23.95,70.11,1.32,3.39,22.4
20210526,27.19,32.03,23.17,69.59,3.71,3.77,13.91
20210527,29.16,36.84,23.83,61.84,0.08,3.11,24.37
20210528,29.97,38.58,22.79,57.6,0.1,2.57,24.65
20210529,30.05,37.9,23.17,58.78,0.2,2.05,20.22
20210530,30.48,38.24,24.1,57.63,0.14,2.63,24.13
20210531,30.31,38.42,23.77,60.7,2.96,1.93,24.28
20210601,29.94,35.99,24.88,65.45,0.52,1.75,23.48
20210602,31.12,38.23,24.51,60.17,1.22,1.5,22.66
20210603,28.27,31.64,25.84,80.28,8.87,1.53,20.45
20210604,26.54,29.15,24.83,83.66,15.16,1.32,15.38
20210605,26.84,31.21,24.19,77.22,17.08,1.66,12.91
20210606,28.17,34.32,23.11,72.45,2.4,1.41,21.08
20210607,29.4,35.32,24.38,69.73,0.12,1.39,21.4
20210608,28.86,34.81,24.5,68.45,3.08,1.82,18.83
20210609,28.36,34.33,23.66,70.11,0.73,2.11,19.74
20210610,29.0,36.6,23.56,65.29,0.11,2.55,22.74
20210611,28.81,35.94,22.7,64.36,0.13,2.38,24.2
20210612,28.61,34.86,23.21,65.48,1.36,3.06,22.06
20210613,27.33,31.92,23.74,72.26,1.06,2.86,18.51
20210614,27.25,32.6,22.87,61.24,0.52,4.13,16.74
20210615,28.6,35.86,22.32,65.99,0.37,3.18,21.46
20210616,28.21,33.58,24.26,70.71,0.91,2.8,22.9
20210617,28.22,34.39,23.94,67.87,0.27,2.77,21.27
20210618,28.51,35.44,22.7,66.53,0.08,2.42,20.62
20210619,28.09,35.46,23.1,64.45,0.07,2.07,22.38
20210620,28.91,35.42,23.11,65.69,0.09,1.53,22.18
20210621,29.29,35.38,23.95,65.09,1.63,1.82,23.14
20210622,28.63,33.87,24.61,68.28,3.75,1.41,16.51
20210623,28.33,32.98,24.34,71.2,12.06,1.23,21.3
20210624,28.52,34.82,23.93,68.85,0.55,1.79,20.48
20210625,28.9,36.34,23.17,62.0,0.03,1.87,23.63
20210626,28.08,34.65,22.73,65.33,1.15,2.26,22.76
20210627,28.62,35.09,23.43,64.24,0.34,1.68,13.88
20210628,28.37,34.89,22.67,63.26,0.95,1.32,19.62
20210629,28.95,35.14,23.8,66.53,4.09,1.5,21.58
20210630,28.93,34.11,24.49,72.34,2.14,1.17,22.49
20210701,28.47,32.79,25.03,74.91,25.73,1.45,20.91
20210702,28.17,32.79,24.82,75.11,4.73,1.76,20.36
20210703,27.85,32.18,23.93,75.28,5.8,0.72,18.23
20210704,26.88,30.5,24.68,76.86,15.03,1.83,20.76
20210705,28.24,33.21,23.93,73.91,5.21,1.08,23.37
20210706,27.06,30.3,24.65,78.34,0.32,1.24,21.27
20210707,27.97,32.61,23.78,75.54,2.23,1.04,22.07
20210708,28.93,34.61,23.9,72.72,13.73,1.17,23.37
20210709,27.73,32.73,24.08,76.34,2.76,1.99,18.48
20210710,26.15,30.6,23.29,71.54,1.6,3.66,13.51
20210711,26.56,32.24,22.75,65.41,0.27,3.79,15.84
20210712,27.12,33.14,22.85,67.44,0.25,3.64,19.67
20210713,27.45,33.27,23.19,68.0,0.43,3.08,18.54
20210714,26.72,31.47,22.5,69.36,2.32,3.06,15.99
20210715,27.67,33.92,22.89,66.42,1.67,3.01,17.14
20210716,28.17,33.64,23.58,70.27,1.09,1.7,16.02
20210717,27.55,32.27,23.46,70.96,0.58,1.69,17.31
20210718,27.31,31.69,23.95,73.61,1.02,2.52,14.29
20210719,27.66,33.81,23.37,70.49,0.06,2.45,23.6
20210720,28.25,35.58,23.15,67.06,0.09,3.06,20.19
20210721,28.21,34.38,23.07,66.62,0.41,3.24,19.55
20210722,28.24,33.87,24.09,65.99,2.01,4.26,20.98
20210723,28.03,33.41,24.13,65.05,1.23,4.53,18.38
20210724,28.62,35.17,24.11,64.13,0.48,3.36,18.34
20210725,28.2,35.9,23.59,63.53,1.29,2.92,19.92
20210726,28.69,36.49,23.19,64.99,1.48,2.57,20.16
20210727,27.34,32.12,23.64,71.88,0.4,1.88,23.14
20210728,28.26,35.03,23.55,65.45,0.51,2.24,21.4
20210729,29.3,37.9,22.58,63.05,0.03,2.19,23.01
20210730,28.97,36.08,23.63,64.0,0.07,2.12,23.47
20210731,29.39,37.29,23.1,61.82,0.08,2.55,24.94
20210801,29.45,37.36,23.22,58.76,0.01,2.74,21.56
20210802,29.29,37.16,22.46,57.07,0.14,2.56,23.8
20210803,28.41,35.01,23.08,60.82,0.1,2.68,21.52
20210804,29.37,37.35,23.58,56.32,0.09,3.5,23.54
20210805,29.21,35.87,24.11,61.57,0.63,2.7,20.77
20210806,28.52,33.81,24.01,67.8,0.99,2.11,19.01
20210807,29.03,35.51,24.41,64.41,1.91,2.58,18.6
20210808,28.65,34.32,24.1,64.52,1.74,1.72,22.91
20210809,27.48,32.29,23.45,67.64,21.53,2.37,23.33
20210810,27.69,33.29,23.52,66.66,0.9,2.38,18.57
20210811,28.01,33.84,23.57,67.47,3.4,1.88,18.23
20210812,26.4,30.71,23.62,71.27,0.48,1.99,17.0
20210813,27.94,34.55,22.51,66.58,1.28,1.65,17.03
20210814,28.27,34.6,23.81,65.94,1.03,2.24,17.09
20210815,28.74,36.0,23.1,61.42,0.64,2.44,16.74
20210816,28.84,35.9,23.06,61.02,0.28,2.07,20.0
20210817,27.18,33.04,23.0,68.11,7.02,1.86,20.53
20210818,25.99,31.41,21.59,70.38,1.93,2.77,16.23
20210819,28.22,36.26,21.82,61.44,1.14,2.75,22.02
20210820,27.24,33.75,23.21,65.14,0.8,1.4,20.66
20210821,26.56,31.27,23.07,74.77,7.6,0.89,9.88
20210822,26.89,31.09,23.58,75.9,9.47,0.97,9.21
20210823,27.71,33.32,22.43,71.23,13.55,1.13,17.91
20210824,28.46,34.66,23.63,68.32,1.07,1.64,21.57
20210825,28.69,36.09,22.31,67.45,6.76,1.98,23.88
20210826,28.67,34.93,23.43,71.62,5.07,1.99,22.45
20210827,27.62,31.74,24.41,77.55,2.33,1.77,16.4
20210828,26.8,30.94,23.74,76.03,1.34,2.02,14.96
20210829,27.35,33.05,23.66,72.67,0.97,2.45,14.22
20210830,27.52,34.01,23.27,68.42,0.12,2.58,16.18
20210831,28.47,35.98,22.56,69.12,7.14,1.53,21.3
20210901,28.12,33.44,23.5,70.51,4.9,1.04,21.1
20210902,26.49,30.35,23.49,77.21,17.4,1.53,16.72
20210903,26.4,30.75,23.05,77.25,2.67,1.38,15.12
20210904,27.35,33.74,22.3,74.36,5.39,1.85,18.21
20210905,27.84,34.85,22.75,70.54,5.18,2.62,19.3
20210906,26.53,32.86,22.13,67.72,1.13,3.22,17.18
20210907,26.99,33.55,21.83,71.98,0.58,2.61,21.61
20210908,27.35,33.58,22.68,73.04,0.59,2.11,23.7
20210909,28.42,35.19,22.02,67.92,0.06,1.13,24.69
20210910,28.55,34.54,23.31,66.82,0.01,2.06,22.61
20210911,28.7,36.08,22.8,67.15,0.61,2.14,22.69
20210912,27.51,32.95,23.43,72.61,0.69,2.56,21.75
20210913,27.62,33.8,23.23,71.98,0.46,2.5,22.84
20210914,28.46,34.66,23.84,70.75,0.09,1.65,22.35
20210915,27.98,33.1,23.89,75.42,20.9,1.42,22.52
20210916,27.61,31.59,23.43,76.62,7.62,1.1,20.17
20210917,27.87,33.18,23.67,75.12,15.17,0.95,17.76
20210918,27.85,31.68,24.17,76.32,9.85,0.56,15.73
20210919,27.38,31.14,24.35,77.76,2.29,1.48,19.22
20210920,27.95,32.29,24.23,72.93,3.79,0.68,18.89
20210921,28.25,33.96,23.9,69.77,0.02,1.33,21.11
20210922,28.92,35.05,23.34,64.68,0.84,1.46,23.49
20210923,28.62,34.5,23.7,72.38,6.94,1.25,22.12
20210924,27.99,32.24,24.18,74.29,36.47,1.44,21.9
20210925,27.27,31.35,24.43,80.79,13.63,1.46,22.55
20210926,26.79,31.41,23.23,77.49,0.55,1.29,15.85
20210927,26.31,31.48,22.93,77.69,1.72,2.63,18.82
20210928,25.6,30.41,22.32,73.19,0.27,2.49,19.59
20210929,27.0,34.41,20.98,69.04,0.26,1.61,22.29
20210930,27.24,33.03,21.58,71.74,32.7,0.96,22.27
20211001,26.18,29.79,23.37,82.82,14.26,0.81,14.65
20211002,25.87,28.66,23.76,86.88,8.49,1.1,12.28
20211003,26.69,30.54,23.52,83.69,12.05,1.02,17.36
20211004,26.72,30.47,23.86,83.49,5.77,0.9,12.99
20211005,26.14,29.51,23.5,86.27,9.25,1.02,13.09
20211006,26.14,30.01,23.27,85.02,2.54,1.2,17.08
20211007,26.72,31.89,22.35,80.63,0.14,1.77,21.08
20211008,26.87,31.35,23.13,83.7,9.14,2.16,20.17
20211009,26.61,30.99,23.46,83.91,1.92,1.73,12.24
20211010,27.33,32.03,22.94,79.48,0.47,1.14,20.17
20211011,26.4,30.78,23.24,80.53,11.29,1.49,17.64
20211012,25.7,30.4,22.8,80.83,1.68,1.5,18.94
20211013,26.65,32.64,21.74,77.17,0.35,1.49,22.88
20211014,27.41,32.91,22.84,79.34,1.18,1.63,21.17
20211015,27.12,31.98,23.33,81.39,0.59,1.88,21.75
20211016,26.38,30.18,23.58,88.32,8.69,2.4,14.73
20211017,26.65,31.16,23.82,84.89,4.02,2.29,15.9
20211018,27.11,31.8,22.85,80.46,2.41,1.44,22.58
20211019,26.83,31.21,22.78,80.83,0.24,1.1,18.24
20211020,26.16,29.03,23.59,86.9,18.45,0.93,15.62
20211021,26.34,29.38,23.7,85.5,9.56,0.59,19.13
20211022,26.05,28.86,23.81,87.44,6.27,0.94,20.14
20211023,26.04,30.05,23.49,85.84,9.4,1.32,16.67
20211024,26.24,29.36,22.62,78.43,10.54,0.81,22.58
20211025,25.83,30.02,22.23,82.3,13.19,1.22,16.11
20211026,25.81,29.77,22.73,84.49,2.04,1.17,10.57
20211027,25.58,29.55,22.33,86.05,3.51,1.41,14.8
20211028,25.17,28.2,23.17,86.42,7.98,1.3,15.98
20211029,24.23,27.16,22.45,89.46,11.61,2.24,11.75
20211030,24.32,27.78,22.26,89.44,12.18,2.5,8.54
20211031,24.66,27.94,22.04,90.85,7.56,2.01,8.38
20211101,24.6,27.52,22.86,90.21,9.72,1.93,13.74
20211102,24.93,28.12,23.0,90.92,18.35,2.72,14.22
20211103,24.62,27.48,22.74,92.2,12.85,1.71,11.44
20211104,24.79,28.17,22.34,88.31,7.45,0.7,11.28
20211105,24.6,27.17,22.71,89.69,8.82,1.06,18.6
20211106,25.13,28.2,21.54,84.52,21.72,0.95,16.73
20211107,25.16,28.72,21.84,85.56,9.62,0.97,12.77
20211108,24.66,27.05,22.57,88.16,9.05,1.12,8.53
20211109,23.14,25.52,21.6,90.61,9.53,1.85,5.17
20211110,23.25,25.73,21.55,89.26,3.65,2.13,14.03
20211111,24.61,27.98,21.94,85.76,2.12,1.7,17.21
20211112,25.66,30.36,22.02,86.28,6.61,1.74,10.52
20211113,25.66,30.6,21.23,86.83,1.99,1.78,17.8
20211114,25.06,27.62,22.82,89.99,3.15,1.72,14.88
20211115,26.03,30.6,22.61,85.55,5.2,0.74,16.12
20211116,25.82,28.86,23.52,88.04,5.01,0.73,13.7
20211117,24.98,27.62,23.01,91.98,33.21,1.19,10.79
20211118,25.04,28.68,22.82,88.62,6.4,1.77,7.17
20211119,25.32,29.7,22.34,87.28,4.16,2.55,18.61
20211120,25.99,30.63,22.68,86.36,0.72,1.9,19.97
20211121,25.17,29.96,20.0,83.38,0.07,1.01,21.64
20211122,24.86,28.91,21.89,88.77,3.12,1.74,18.62
20211123,24.49,27.29,22.33,92.61,7.76,1.73,12.76
20211124,24.26,26.75,22.36,92.07,2.49,1.66,4.8
20211125,24.01,25.84,22.3,92.74,50.88,1.98,5.63
20211126,24.67,27.23,22.68,93.93,7.48,2.04,10.31
20211127,23.65,26.23,21.5,92.74,7.1,2.62,14.62
20211128,24.44,27.51,22.46,92.48,8.91,2.55,12.08
20211129,24.28,27.52,22.4,92.36,33.95,2.34,10.29
20211130,23.92,26.29,22.29,94.73,20.72,1.67,16.41
20211201,25.03,28.81,21.92,89.86,3.84,1.45,18.04
20211202,24.99,29.03,22.11,90.61,0.79,1.95,16.68
20211203,23.99,27.8,20.59,85.25,3.85,1.27,19.35
20211204,25.05,29.36,21.11,79.05,7.09,0.61,13.27
20211205,25.93,30.3,22.69,86.52,4.73,0.99,17.88
20211206,26.04,30.3,22.82,85.0,1.29,1.31,15.55
20211207,25.0,28.77,22.43,89.2,0.18,1.6,17.5
20211208,24.58,28.55,21.59,90.19,0.19,1.79,18.41
20211209,23.76,26.96,21.63,94.08,5.19,1.88,15.71
20211210,23.65,28.19,19.94,89.52,0.73,2.17,15.9
20211211,24.26,28.42,21.21,90.8,4.0,2.37,19.8
20211212,24.27,28.24,21.72,90.27,3.48,2.76,15.7
20211213,24.05,28.0,21.26,90.38,1.14,2.42,17.75
20211214,24.18,28.21,21.88,90.88,1.4,2.55,18.45
20211215,24.06,27.62,21.68,91.02,0.8,2.49,18.52
20211216,23.57,27.38,20.59,87.81,0.1,3.08,18.38
20211217,22.96,26.91,20.47,86.22,0.02,2.43,18.58
20211218,22.62,27.04,19.23,86.6,0.0,2.64,18.71
20211219,21.77,26.66,17.92,85.76,0.0,2.34,18.59
20211220,21.92,27.0,17.05,85.6,0.0,2.22,20.94
20211221,21.99,27.45,17.46,83.38,0.0,1.69,19.07
20211222,21.76,27.29,17.07,84.32,0.0,1.48,17.98
20211223,20.94,26.6,16.11,83.06,0.0,1.52,19.53
20211224,20.96,27.05,14.92,83.18,0.0,1.59,20.3
20211225,21.31,27.15,15.82,85.71,0.0,1.61,21.15
20211226,21.73,27.35,16.28,86.31,0.0,1.58,20.71
20211227,22.15,27.63,17.08,86.07,0.0,1.78,21.2
20211228,22.18,27.71,16.94,85.84,0.0,1.86,20.46
20211229,22.23,27.8,17.26,84.07,0.0,1.72,22.14
20211230,22.76,26.6,18.46,88.15,4.71,2.22,16.95
20211231,24.39,29.05,21.08,89.96,5.25,2.9,15.88
20220101,24.64,28.88,22.36,90.06,14.33,3.2,14.22
20220102,23.98,28.42,21.15,89.28,5.43,3.24,13.24
20220103,23.17,27.5,19.87,86.7,0.09,2.45,17.56
20220104,23.02,27.64,19.73,86.9,0.04,2.41,17.99
20220105,22.16,27.94,17.16,85.02,0.0,1.9,20.09
20220106,23.28,28.44,18.87,88.16,0.0,1.95,16.21
20220107,23.68,28.41,19.37,88.09,0.02,1.89,15.7
20220108,23.43,28.09,19.41,87.29,0.01,2.12,18.72
20220109,23.02,28.17,18.77,86.26,0.0,1.78,17.43
20220110,23.6,28.96,19.67,85.67,0.0,1.54,20.93
20220111,23.93,29.17,19.62,85.99,0.0,1.51,20.09
20220112,24.28,29.74,19.32,84.43,0.0,1.25,19.61
20220113,24.93,29.96,20.82,84.51,0.0,1.15,20.28
20220114,25.29,30.17,21.6,83.4,0.0,1.31,19.76
20220115,25.15,30.01,21.5,83.46,0.02,1.63,19.94
20220116,24.69,29.52,20.89,84.6,0.09,2.14,18.35
20220117,24.23,29.18,20.45,84.59,0.06,2.45,19.07
20220118,23.5,28.78,19.26,82.83,0.02,2.56,20.01
20220119,23.21,29.19,18.08,81.94,0.0,1.91,20.75
20220120,22.92,29.55,17.29,76.77,0.0,1.51,20.11
20220121,23.94,30.88,18.16,74.96,0.0,0.95,19.14
20220122,25.6,32.73,19.15,73.47,0.0,1.15,21.18
20220123,25.94,31.64,21.23,77.17,0.0,0.77,20.45
20220124,25.6,30.12,22.24,79.41,0.0,1.21,16.81
20220125,25.43,30.26,22.56,79.68,0.01,1.71,18.73
20220126,24.37,29.14,21.3,79.81,0.31,2.11,17.55
20220127,24.57,30.46,20.1,75.54,0.1,2.07,19.8
20220128,24.09,29.98,19.73,78.48,0.02,2.82,21.16
20220129,24.77,30.74,20.41,80.2,0.01,3.21,14.52
20220130,25.43,31.79,20.53,78.29,0.01,2.34,16.32
20220131,25.37,31.68,20.78,78.86,0.0,1.92,18.84
20220201,25.34,31.91,20.83,78.13,0.01,1.89,20.48
20220202,23.71,31.32,18.53,73.77,0.0,1.83,22.99
20220203,23.48,31.71,16.77,69.67,0.0,1.13,24.54
20220204,25.37,33.76,18.2,69.64,0.0,1.03,22.88
20220205,26.02,33.0,20.35,74.4,0.0,1.74,20.94
20220206,25.61,31.73,21.4,74.61,0.0,1.92,20.25
20220207,25.24,32.3,19.94,73.27,0.0,2.03,20.32
20220208,24.13,31.39,18.25,71.87,0.0,2.29,22.6
20220209,23.54,31.52,17.19,69.7,0.0,2.36,20.85
20220210,24.56,32.47,17.7,65.86,0.03,2.45,20.1
20220211,25.14,31.0,21.28,79.58,0.72,2.94,13.48
20220212,24.63,29.86,21.42,80.35,3.88,2.87,10.18
20220213,24.58,30.87,20.01,76.59,0.73,2.71,13.17
20220214,25.07,31.77,20.1,73.53,0.38,2.53,19.38
20220215,24.71,31.79,19.28,70.1,0.3,2.5,19.48
20220216,25.03,32.85,18.93,64.81,0.0,2.24,22.16
20220217,25.51,33.64,19.14,62.77,0.0,2.16,21.24
20220218,25.92,33.18,20.27,68.95,0.0,2.3,21.54
20220219,26.14,32.95,20.26,69.33,0.0,2.51,17.83
20220220,27.07,34.87,20.71,67.26,0.0,1.74,23.07
20220221,28.14,35.37,22.52,65.65,0.0,1.14,22.18
20220222,28.03,35.87,22.45,61.87,0.02,1.85,22.98
20220223,26.51,34.76,20.73,65.33,0.34,2.61,23.62
20220224,25.56,33.64,18.38,66.93,0.54,2.37,17.11
20220225,26.01,33.72,19.66,61.2,0.0,2.47,24.84
20220226,26.19,34.45,18.98,68.14,0.47,2.38,19.92
20220227,26.78,34.08,21.8,67.53,0.9,2.98,21.15
20220228,26.16,34.48,19.58,63.8,0.02,2.28,25.03
20220301,26.36,35.53,19.1,58.66,0.0,2.56,25.36
20220302,25.59,35.15,17.96,59.12,0.0,2.7,21.27
20220303,25.65,33.67,19.16,63.75,0.0,2.85,18.45
20220304,26.82,34.8,19.9,60.03,0.17,3.23,18.66
20220305,27.67,35.25,21.28,60.81,0.0,2.86,24.48
20220306,27.54,35.44,21.88,62.53,0.3,2.89,23.38
20220307,27.22,34.57,21.6,65.0,1.62,2.84,17.33
20220308,27.38,34.65,22.1,68.03,4.82,2.28,20.96
20220309,27.62,36.27,20.91,62.37,0.0,2.0,24.3
20220310,27.08,36.34,19.09,58.89,0.0,2.07,24.63
20220311,27.11,36.41,19.92,60.41,0.0,2.37,24.98
20220312,26.87,36.8,18.54,55.74,0.0,2.42,24.72
20220313,27.07,36.27,19.61,57.65,0.0,2.61,24.7
20220314,27.87,37.08,20.87,54.66,0.0,2.33,22.26
20220315,26.91,33.3,20.41,53.73,0.0,1.36,23.59
20220316,29.01,37.99,22.13,51.01,0.22,1.74,20.66
20220317,29.29,38.6,21.61,51.57,0.33,2.03,22.07
20220318,29.77,38.69,23.06,48.84,0.11,1.7,23.8
20220319,30.19,38.22,22.34,50.99,0.32,1.37,21.89
20220320,31.44,38.67,24.38,49.94,0.98,1.03,20.96
20220321,31.74,39.57,24.6,50.38,0.6,1.23,22.08
20220322,30.14,35.43,26.33,56.3,0.9,1.46,20.9
20220323,29.61,35.05,25.7,65.29,12.74,1.32,18.36
20220324,29.3,35.63,24.46,68.01,0.65,1.35,18.29
20220325,28.7,34.55,24.44,68.4,2.22,1.24,21.55
20220326,29.04,35.61,23.69,67.46,1.28,1.59,21.17
20220327,29.69,36.72,23.83,64.44,0.38,1.6,22.29
20220328,29.78,36.88,24.32,64.17,0.25,1.94,24.78
20220329,30.4,38.34,23.49,60.84,0.23,2.11,25.55
20220330,30.18,37.45,24.47,61.83,0.96,2.26,25.15
20220331,30.35,38.26,23.77,59.54,0.06,2.15,25.81
20220401,30.28,38.43,23.44,58.69,0.29,2.54,24.64
20220402,30.25,37.42,24.44,60.44,0.37,1.83,23.04
20220403,29.65,36.17,24.79,64.33,2.28,1.92,22.97
20220404,29.86,37.6,24.11,62.75,0.46,2.01,23.57
20220405,29.94,37.17,24.43,60.55,0.88,1.97,21.5
20220406,28.32,33.65,24.56,66.37,3.02,1.69,21.36
20220407,29.85,37.03,24.27,62.11,0.34,1.83,23.41
20220408,28.77,34.69,24.57,70.07,14.57,1.47,18.88
20220409,27.95,33.42,24.04,73.77,6.3,1.49,18.77
20220410,28.62,35.76,23.11,68.99,13.39,1.56,16.34
20220411,27.9,32.73,23.75,75.69,20.72,1.58,14.75
20220412,27.38,32.84,23.59,75.53,13.59,1.18,17.95
20220413,26.88,31.74,23.49,79.66,14.1,1.77,18.26
20220414,27.3,33.19,23.01,71.31,1.57,1.81,21.49
20220415,29.27,35.9,23.52,67.47,0.78,1.73,24.55
20220416,29.74,36.13,24.24,69.09,0.77,1.68,23.47
20220417,29.34,34.56,25.1,71.54,2.69,1.16,19.1
20220418,29.22,34.3,25.32,72.23,6.98,1.31,24.98
20220419,29.24,35.16,24.29,66.1,1.12,1.45,20.73
20220420,29.84,36.6,24.11,65.63,0.0,1.81,24.68
20220421,28.53,33.47,25.34,76.55,0.03,1.72,23.5
20220422,28.05,33.32,24.7,77.26,4.29,1.84,19.96
20220423,27.47,31.51,23.58,75.64,14.03,1.1,19.11
20220424,29.01,36.02,23.52,68.51,0.44,1.59,23.16
20220425,28.88,35.41,23.67,70.86,0.0,1.69,23.64
20220426,29.28,36.4,23.88,67.71,0.0,1.68,25.44
20220427,29.27,36.43,23.26,67.96,0.0,1.77,25.21
20220428,29.28,35.57,23.91,68.53,0.05,2.0,21.86
20220429,29.97,36.31,24.73,68.2,0.05,1.68,23.19
20220430,30.42,36.8,25.34,66.14,0.01,1.5,24.63
20220501,30.71,36.58,25.48,63.77,1.16,1.3,21.94
20220502,31.2,37.62,25.76,62.7,0.49,1.52,22.9
20220503,30.23,34.88,26.52,69.82,1.28,1.13,22.03
20220504,29.62,34.95,25.45,70.55,3.41,1.23,19.76
20220505,29.9,35.72,24.66,68.03,1.07,1.54,22.45
20220506,29.06,34.86,25.25,57.97,0.24,1.63,20.94
20220507,30.82,38.61,23.07,55.94,0.45,1.31,20.71
20220508,31.44,37.3,25.89,59.23,0.36,1.38,19.48
20220509,29.86,34.89,26.19,67.19,0.96,2.09,13.28
20220510,28.92,34.56,25.3,66.65,0.46,2.92,12.72
20220511,29.98,37.55,24.77,60.66,0.29,3.62,12.85
20220512,29.83,37.68,23.72,61.81,0.37,2.67,19.66
20220513,29.93,37.45,25.09,62.27,0.33,2.62,20.96
20220514,28.55,35.45,24.26,70.43,8.05,2.25,20.71
20220515,28.06,33.3,24.1,75.8,5.02,1.89,21.02
20220516,27.21,30.76,24.6,81.58,20.06,1.68,19.71
20220517,28.57,34.03,24.13,73.68,6.26,1.77,19.68
20220518,29.25,35.6,24.85,70.56,1.54,2.6,16.93
20220519,28.57,34.61,24.09,71.42,1.99,2.79,19.3
20220520,28.84,36.67,22.53,66.52,0.64,2.9,22.97
20220521,29.3,36.45,23.89,67.58,0.24,2.5,23.27
20220522,29.33,37.05,23.12,62.96,0.14,3.01,24.22
20220523,29.93,36.33,24.46,66.21,0.7,1.97,20.93
20220524,30.38,36.93,24.68,65.5,3.78,1.56,21.08
20220525,29.85,34.29,25.69,69.64,1.7,0.99,22.84
20220526,29.02,35.59,23.81,67.77,5.12,1.74,23.33
20220527,29.14,37.39,22.1,63.36,3.07,1.35,24.36
20220528,29.32,35.64,23.75,68.3,11.52,1.51,23.54
20220529,27.62,32.53,24.07,75.0,12.19,1.58,24.22
20220530,28.74,35.3,22.83,68.36,2.96,1.72,22.92
20220531,29.23,36.36,23.59,64.22,1.42,2.29,21.52
20220601,27.73,32.98,23.75,71.99,3.73,2.31,24.37
20220602,28.85,35.35,23.4,69.02,1.33,1.83,24.15
20220603,28.78,34.2,24.07,66.03,0.01,1.35,22.39
20220604,28.8,33.38,24.22,67.16,0.04,1.62,22.19
20220605,29.95,35.39,24.79,65.22,6.79,1.21,20.96
20220606,28.43,32.6,25.31,75.2,10.15,1.26,18.38
20220607,27.76,31.44,24.87,77.4,4.49,1.24,12.12
20220608,28.54,34.28,23.84,69.92,0.06,1.65,21.51
20220609,28.76,34.82,23.6,66.78,0.01,1.44,21.83
20220610,28.49,34.46,23.75,68.54,0.52,1.85,20.65
20220611,28.69,36.19,23.11,65.67,1.66,2.02,21.08
20220612,26.73,32.53,22.83,69.96,6.27,2.18,20.52
20220613,28.64,35.55,21.88,64.95,2.44,1.01,21.79
20220614,29.17,35.64,24.14,66.93,2.74,1.71,20.65
20220615,27.5,32.23,24.2,75.89,14.14,1.6,19.39
20220616,26.14,29.83,23.5,80.01,12.03,1.45,20.33
20220617,25.99,29.65,23.47,80.69,14.59,0.89,17.95
20220618,27.03,31.0,23.63,77.47,2.9,0.84,20.05
20220619,27.07,30.93,23.77,78.43,1.76,1.05,18.75
20220620,28.21,34.02,23.24,70.3,0.3,1.24,21.87
20220621,28.05,33.57,23.6,69.0,0.19,1.82,21.02
20220622,28.07,33.73,22.56,68.13,0.33,1.06,19.76
20220623,28.04,33.67,23.45,70.48,0.95,1.11,20.64
20220624,27.17,33.05,23.19,70.67,0.59,2.21,23.58
20220625,27.31,33.86,22.75,68.88,0.32,2.75,16.72
20220626,27.68,34.98,23.02,63.01,0.05,2.54,23.02
20220627,28.56,36.4,22.61,66.02,0.14,2.26,21.63
20220628,28.01,34.42,23.39,67.36,0.46,2.39,20.59
20220629,28.44,35.08,23.5,65.82,0.34,2.78,21.41
20220630,27.24,31.59,23.99,71.61,3.5,2.73,19.09
20220701,28.1,33.96,23.51,68.47,0.74,2.42,21.54
20220702,27.44,31.89,23.78,69.46,1.08,2.49,20.16
20220703,27.31,32.15,23.95,71.81,1.97,2.78,17.84
20220704,27.43,32.96,23.36,65.78,0.49,3.56,23.04
20220705,27.44,32.72,23.9,62.95,0.89,4.15,11.69
20220706,27.61,33.33,23.38,64.27,0.73,3.17,14.74
20220707,26.96,32.49,22.86,66.64,1.48,2.88,12.71
20220708,27.47,33.07,22.88,64.33,1.23,3.33,20.7
20220709,26.8,31.7,22.71,66.33,0.52,3.54,15.55
20220710,27.09,32.66,22.99,62.27,0.71,3.82,17.71
20220711,27.42,34.03,23.27,60.85,1.08,4.16,12.8
20220712,27.07,33.42,22.25,64.37,0.42,3.71,18.24
20220713,27.92,34.43,23.21,64.74,1.88,4.14,20.94
20220714,28.08,34.43,23.7,62.27,1.04,4.5,21.8
20220715,27.4,32.65,23.26,67.29,0.58,3.23,20.15
20220716,27.57,33.41,22.89,70.36,0.58,2.16,19.69
20220717,27.56,33.11,23.27,73.34,15.27,1.87,20.12
20220718,27.25,32.25,23.31,71.08,6.77,1.84,17.14
20220719,28.45,34.08,23.35,68.63,7.99,1.11,22.38
20220720,27.37,30.49,24.62,77.22,1.79,1.38,19.92
20220721,27.86,32.11,24.25,72.52,9.06,1.89,19.43
20220722,26.88,30.74,24.04,78.71,14.32,1.68,20.32
20220723,27.32,32.84,23.39,72.62,4.9,1.98,21.4
20220724,26.98,31.57,23.14,69.84,13.66,2.16,17.88
20220725,28.04,33.5,23.0,70.45,8.36,2.13,23.13
20220726,26.12,29.46,23.9,79.77,5.03,1.4,18.33
20220727,26.0,29.36,23.16,83.93,32.99,1.03,22.45
20220728,26.94,30.91,23.35,78.06,4.69,0.98,21.28
20220729,27.41,32.37,23.65,75.24,14.17,1.29,13.28
20220730,27.31,32.1,23.27,76.0,15.29,1.18,21.15
20220731,26.83,30.42,23.81,81.91,24.38,1.48,18.62
20220801,26.11,29.64,23.57,85.78,22.45,2.03,19.38
20220802,26.23,29.63,23.39,81.93,5.32,1.49,18.65
20220803,25.61,28.76,23.61,87.71,2.24,0.74,16.37
20220804,25.54,28.26,23.52,84.64,8.89,2.74,14.81
20220805,26.09,30.59,22.83,76.83,1.09,3.19,17.21
20220806,26.09,30.91,22.02,78.38,2.22,2.31,18.05
20220807,25.96,31.34,22.13,77.51,1.14,3.06,22.38
20220808,26.12,31.59,22.2,78.48,1.47,3.19,17.73
20220809,26.26,32.24,22.02,76.97,0.61,3.15,18.89
20220810,26.18,32.54,21.64,75.85,0.1,2.7,22.24
20220811,26.81,32.88,21.83,72.89,0.11,2.78,25.01
20220812,27.19,33.63,22.53,73.15,0.06,2.21,21.11
20220813,26.67,32.91,21.59,73.95,0.0,2.08,21.16
20220814,27.51,34.16,21.66,68.79,0.0,2.06,21.72
20220815,28.17,34.1,22.72,68.37,0.0,1.67,23.21
20220816,28.08,33.22,23.84,74.99,0.03,1.32,22.39
20220817,27.92,31.6,24.62,78.3,0.21,0.97,23.3
20220818,27.79,31.74,24.4,76.02,13.01,1.64,21.43
20220819,27.64,32.36,24.03,77.2,3.89,1.73,21.95
20220820,27.78,33.26,23.75,74.44,0.57,1.72,16.7
20220821,27.67,33.71,22.91,72.35,2.07,2.07,22.23
20220822,27.31,33.22,23.11,74.38,3.47,2.54,21.31
20220823,27.04,33.05,22.58,74.26,1.13,2.31,20.43
20220824,26.23,30.97,22.8,78.44,0.85,1.59,12.91
20220825,25.39,28.09,23.33,81.28,1.8,2.08,18.92
20220826,25.46,29.34,22.89,82.91,18.86,1.7,16.81
20220827,24.39,27.57,22.06,84.69,12.0,2.14,17.36
20220828,25.77,30.35,21.32,79.56,5.11,1.62,21.2
20220829,26.8,31.5,22.94,79.58,3.66,1.13,18.94
20220830,26.52,31.0,23.34,82.61,30.01,1.34,18.97
20220831,25.23,28.92,22.79,87.0,12.13,0.96,16.62
20220901,25.84,30.21,22.78,82.86,4.5,0.94,10.04
20220902,26.17,30.69,22.26,82.16,4.19,2.12,20.12
20220903,26.89,32.15,22.39,80.19,0.9,1.56,23.02
20220904,27.13,30.84,23.6,83.12,13.88,1.0,22.48
20220905,27.25,31.64,23.82,81.9,12.71,1.46,18.94
20220906,26.71,32.17,23.3,77.56,6.14,1.56,19.63
20220907,26.05,29.77,22.91,82.97,8.89,1.6,18.85
20220908,25.74,30.55,21.92,81.1,0.38,1.72,20.02
20220909,25.52,30.31,22.01,83.79,0.75,2.08,22.66
20220910,26.5,32.35,21.85,79.65,0.49,2.19,21.98
20220911,26.37,31.64,22.92,80.65,0.34,2.25,21.62
20220912,26.76,33.08,21.84,78.13,0.18,2.17,22.2
20220913,27.13,32.73,21.25,76.67,0.77,1.19,23.6
20220914,27.5,32.64,22.53,74.21,3.67,0.94,22.05
20220915,28.04,33.26,22.88,72.87,0.77,0.65,22.81
20220916,27.69,32.45,23.0,71.88,0.26,0.92,23.11
20220917,28.05,33.07,23.22,74.25,0.21,0.86,21.38
20220918,27.22,31.73,23.18,76.51,5.1,1.43,21.66
20220919,26.79,31.41,23.02,78.18,0.45,1.51,19.88
20220920,27.06,32.61,22.07,74.63,0.0,1.63,22.69
20220921,27.45,34.04,21.43,71.74,0.0,1.58,24.52
20220922,27.54,34.4,21.05,71.14,0.0,1.56,24.89
20220923,27.24,33.87,21.28,70.13,0.0,1.7,23.26
20220924,27.24,33.24,21.92,70.14,0.09,1.82,24.88
20220925,27.89,32.93,22.91,69.71,8.24,1.43,24.37
20220926,27.75,31.96,23.18,73.14,4.58,1.02,18.35
20220927,28.1,33.55,23.05,71.44,0.95,1.42,21.96
20220928,27.92,33.44,23.13,71.48,2.53,1.31,19.8
20220929,26.81,32.08,22.83,73.26,1.31,1.32,20.6
20220930,26.6,32.95,22.29,74.35,0.42,1.95,20.36
20221001,25.94,32.15,21.69,70.81,0.08,2.5,20.44
20221002,27.14,33.96,22.44,67.77,2.45,2.12,16.69
20221003,27.1,32.85,21.71,70.9,0.84,2.48,18.91
20221004,27.15,31.76,22.99,74.02,0.55,2.17,18.26
20221005,27.05,32.52,23.38,72.61,0.28,1.76,13.44
20221006,26.48,32.31,21.87,68.49,0.0,1.85,15.07
20221007,27.27,34.07,20.98,68.02,0.07,1.09,18.05
20221008,27.34,33.88,21.52,65.64,5.38,1.57,18.66
20221009,25.78,29.41,22.45,80.82,30.37,1.37,9.51
20221010,26.37,30.46,23.57,82.61,20.58,1.29,15.82
20221011,26.69,31.15,23.13,80.91,14.18,1.49,18.9
20221012,26.35,30.83,22.85,82.86,8.76,1.02,19.04
20221013,26.5,30.93,23.02,83.55,7.52,1.11,16.11
20221014,26.77,31.08,22.76,82.31,13.79,0.99,20.28
20221015,25.04,28.05,23.26,85.8,19.89,1.28,19.15
20221016,26.23,30.72,22.19,83.33,8.57,1.45,17.67
20221017,26.07,29.74,22.85,85.94,4.36,1.74,14.42
20221018,26.3,30.63,22.63,84.06,8.34,1.12,19.08
20221019,25.83,29.23,23.0,83.02,8.84,0.94,16.13
20221020,26.22,29.57,23.23,83.78,15.83,0.69,17.71
20221021,25.26,28.17,23.08,86.88,26.14,0.9,12.19
20221022,25.73,29.04,22.57,83.66,0.69,1.26,18.73
20221023,25.91,29.4,23.0,79.2,1.68,0.8,16.22
20221024,25.45,28.96,22.73,86.01,1.81,0.96,13.75
20221025,26.39,31.12,22.59,82.33,0.3,1.02,18.28
20221026,25.58,29.98,22.3,81.87,4.17,1.28,17.65
20221027,24.54,30.2,19.82,79.09,0.32,1.63,16.87
20221028,24.94,30.51,20.12,82.33,0.16,1.6,19.23
20221029,25.0,29.91,20.7,86.58,2.24,1.87,11.45
20221030,24.94,27.99,22.45,88.59,3.33,1.77,13.65
20221031,24.8,27.82,22.47,87.21,1.02,1.66,17.78
20221101,23.68,25.28,22.34,92.35,3.61,1.55,10.77
20221102,24.46,28.61,21.02,87.74,12.93,1.27,16.72
20221103,23.82,25.6,22.41,93.65,28.44,2.16,11.69
20221104,24.03,27.2,21.64,90.55,9.09,1.76,9.9
20221105,24.1,27.91,21.14,88.31,3.79,1.81,11.74
20221106,24.51,28.4,21.53,89.35,5.65,1.99,15.22
20221107,24.88,29.03,22.06,87.29,0.84,1.88,20.32
20221108,24.63,28.68,21.61,88.45,1.15,1.98,15.48
20221109,24.63,28.24,21.78,88.48,0.51,1.82,15.33
20221110,24.9,29.39,21.34,86.05,2.16,1.86,19.24
20221111,23.07,24.97,21.87,91.42,33.6,2.78,9.15
20221112,23.68,26.49,21.74,92.42,24.25,3.03,13.58
20221113,24.31,27.13,21.82,92.48,8.92,2.03,9.69
20221114,24.16,27.98,20.23,89.02,10.11,1.49,11.24
20221115,24.0,26.09,21.81,90.8,1.36,1.42,17.19
20221116,24.69,28.99,21.46,87.37,0.98,1.59,17.0
20221117,23.52,28.5,19.72,82.38,0.11,1.87,15.42
20221118,22.02,28.1,17.97,79.59,0.01,1.96,19.83
20221119,21.96,27.51,17.22,80.92,0.0,2.04,14.85
20221120,21.66,24.92,18.43,77.57,0.0,1.63,14.37
20221121,23.38,28.61,18.14,75.92,0.0,1.23,18.72
20221122,24.79,29.87,19.08,73.12,0.0,0.74,19.1
20221123,25.55,30.51,20.32,77.38,0.0,0.76,20.12
20221124,25.11,29.97,21.15,84.28,0.0,1.32,20.76
20221125,24.7,28.8,21.66,86.73,0.0,1.33,17.82
20221126,24.83,29.24,21.33,86.28,0.24,1.13,15.85
20221127,25.18,29.23,22.33,87.2,2.73,1.26,12.43
20221128,25.31,29.87,22.06,85.42,4.22,0.92,14.32
20221129,24.48,28.37,21.84,88.75,9.25,1.85,13.3
20221130,23.24,28.06,19.75,83.16,0.11,1.75,17.97
20221201,23.84,27.95,20.4,89.8,3.1,1.78,17.15
20221202,24.67,28.71,21.74,88.86,1.58,1.61,16.96
20221203,24.35,27.98,21.5,90.85,1.92,1.94,9.66
20221204,24.45,27.72,21.03,90.07,12.76,1.75,16.55
20221205,24.22,27.92,21.29,90.45,0.93,2.09,14.74
20221206,23.91,28.92,19.96,85.34,0.0,1.73,12.23
20221207,22.62,26.37,19.84,83.32,0.0,1.56,7.78
20221208,22.13,26.76,18.94,75.44,3.24,1.86,7.75
20221209,21.28,24.23,18.75,86.64,33.72,2.38,8.87
20221210,23.95,29.48,19.6,82.6,4.56,2.21,14.83
20221211,25.07,29.39,21.14,85.42,1.75,1.27,14.1
20221212,24.84,29.24,21.51,86.73,5.86,1.32,13.78
20221213,24.48,29.17,21.25,84.95,2.77,1.11,17.85
20221214,24.06,28.29,21.01,89.17,6.53,1.6,14.16
20221215,23.58,28.83,19.67,86.21,0.12,1.78,20.69
20221216,23.01,28.63,17.69,85.02,0.0,1.66,19.01
20221217,23.45,28.37,18.97,86.81,0.0,2.21,17.77
20221218,23.45,28.46,19.58,87.1,0.0,2.56,14.19
20221219,22.86,27.7,18.18,85.59,0.15,2.12,12.36
20221220,23.21,26.52,20.77,88.38,0.06,2.02,13.78
20221221,23.71,27.72,20.39,86.67,15.24,2.22,16.47
20221222,23.17,27.3,20.56,84.25,2.01,2.22,17.35
20221223,23.94,29.45,19.46,82.36,0.0,2.06,19.26
20221224,24.66,29.9,20.76,84.38,0.0,2.06,18.56
20221225,24.66,28.59,21.99,87.87,6.58,2.51,11.95
20221226,24.88,28.69,22.19,89.37,9.14,3.08,15.08
20221227,24.57,28.2,22.19,89.38,6.2,2.1,16.09
20221228,24.27,28.95,20.63,87.56,0.71,1.94,16.38
20221229,23.91,28.89,20.08,86.85,0.03,1.89,19.5
20221230,23.24,28.66,19.23,84.58,0.0,1.69,20.34
20221231,23.14,28.81,18.79,82.22,0.0,1.45,20.48
20230101,22.79,28.71,18.21,81.28,0.0,1.61,20.99
20230102,22.33,27.92,17.95,82.18,0.0,1.84,19.03
20230103,22.59,28.18,17.36,83.28,0.0,2.1,17.15
20230104,22.76,28.38,18.4,81.98,0.0,2.1,19.19
20230105,22.97,28.9,17.34,81.64,0.0,2.19,18.26
20230106,23.3,28.5,19.52,79.73,0.03,2.98,12.92
20230107,23.14,28.43,19.39,81.34,0.01,2.66,15.67
20230108,23.4,29.0,18.42,82.24,0.0,2.44,13.55
20230109,22.87,29.16,17.98,79.36,0.0,2.25,17.72
20230110,21.58,28.6,15.7,77.18,0.0,2.41,21.49
20230111,22.06,29.12,16.16,76.27,0.0,1.95,21.75
20230112,21.85,29.4,15.74,76.71,0.0,1.88,19.17
20230113,21.96,29.81,15.85,75.94,0.0,1.7,21.63
20230114,21.73,29.71,15.57,76.33,0.0,1.72,20.4
20230115,21.54,28.77,15.5,77.42,0.0,1.54,21.48
20230116,22.39,30.12,16.03,75.7,0.0,1.84,19.66
20230117,22.51,30.21,16.52,78.02,0.0,1.83,18.76
20230118,22.04,29.71,15.4,76.52,0.0,2.25,19.45
20230119,22.02,29.73,15.6,73.68,0.0,2.25,20.66
20230120,22.48,30.09,15.67,75.06,0.0,2.43,18.57
20230121,23.42,30.79,17.2,74.71,0.0,2.34,18.15
20230122,23.67,29.72,18.59,74.15,0.0,2.27,15.2
20230123,24.43,30.61,20.0,78.53,2.15,2.06,9.1
20230124,23.94,27.95,21.14,84.07,4.07,1.59,13.12
20230125,23.85,31.09,18.44,74.38,0.03,2.0,22.42
20230126,23.35,31.13,17.12,73.09,0.0,1.9,18.86
20230127,23.17,30.96,16.78,71.61,0.0,1.94,18.94
20230128,23.24,31.27,16.71,71.3,0.0,2.16,23.19
20230129,23.85,31.33,16.49,74.92,0.0,2.3,16.23
20230130,25.23,31.25,20.58,77.01,0.95,2.02,10.72
20230131,25.39,32.3,21.04,71.39,0.29,2.64,17.53
20230201,24.44,29.58,20.66,70.96,1.09,2.53,12.91
20230202,24.25,29.15,21.0,79.02,10.47,2.99,4.39
20230203,24.8,30.77,20.69,81.03,4.0,2.45,15.33
20230204,25.21,31.75,20.81,77.7,1.7,2.69,10.42
20230205,24.57,33.08,18.66,68.07,0.01,2.17,23.02
20230206,24.25,31.6,18.24,68.78,0.23,2.1,17.62
20230207,24.92,33.71,17.77,69.46,0.0,1.84,22.59
20230208,25.07,33.57,18.48,70.06,0.0,2.1,22.78
20230209,24.75,33.11,18.36,69.61,0.0,1.84,21.48
20230210,24.48,33.33,17.47,68.43,0.0,2.06,22.58
20230211,24.18,33.09,16.81,66.61,0.0,1.99,18.36
20230212,24.33,34.01,16.8,62.3,0.0,1.81,24.17
20230213,24.39,33.84,17.27,62.78,0.0,2.25,24.31
20230214,24.24,33.38,17.06,66.55,0.0,1.79,24.94
20230215,24.76,34.54,16.63,62.81,0.0,2.02,25.32
20230216,24.32,33.75,16.64,66.81,0.0,2.42,24.51
20230217,24.37,33.39,17.11,68.03,0.0,2.13,25.08
20230218,25.02,33.88,17.61,66.83,0.0,1.8,23.54
20230219,26.06,34.94,18.91,65.5,0.0,2.02,23.72
20230220,26.53,35.47,20.19,64.28,0.0,1.87,24.33
20230221,25.95,34.57,19.03,59.95,0.0,2.15,25.19
20230222,25.47,34.85,18.14,56.94,0.0,2.29,24.92
20230223,24.94,33.75,16.9,63.97,0.0,2.11,24.54
20230224,26.37,35.2,19.11,62.72,0.0,1.8,23.27
20230225,26.04,35.73,18.28,58.39,0.0,2.29,26.09
20230226,25.08,34.51,17.51,59.86,0.0,2.6,25.96
20230227,24.97,34.09,16.85,60.37,0.0,2.27,24.52
20230228,25.68,32.56,19.07,68.72,1.24,2.7,16.96
20230301,26.88,33.77,22.04,68.93,0.99,3.0,19.45
20230302,26.63,35.08,20.49,61.77,0.08,2.55,23.54
20230303,25.42,35.44,17.34,52.83,0.0,2.71,24.97
20230304,26.74,35.7,18.99,63.49,0.0,2.75,23.89
20230305,27.31,35.26,21.72,65.66,2.19,2.36,21.71
20230306,27.08,35.75,19.17,60.25,0.03,2.21,23.63
20230307,26.26,33.2,20.55,66.07,0.0,2.12,22.03
20230308,27.19,35.19,21.26,63.68,0.0,2.88,21.21
20230309,26.87,34.49,20.7,62.35,0.0,2.63,22.84
20230310,27.23,34.22,22.4,62.06,0.0,2.48,19.7
20230311,26.35,33.16,22.06,66.57,0.0,2.32,22.29
20230312,27.72,36.2,20.23,64.3,0.0,2.75,23.29
20230313,28.28,36.43,22.75,60.51,0.0,2.51,22.07
20230314,28.15,36.76,21.11,59.1,0.0,2.12,23.51
20230315,28.76,37.2,22.07,60.05,0.01,1.92,22.03
20230316,28.64,35.68,23.12,64.47,0.71,1.93,22.09
20230317,28.81,36.87,23.4,65.58,6.64,2.04,22.91
20230318,28.3,35.19,23.26,69.04,3.09,2.01,22.72
20230319,28.04,35.21,22.85,69.84,2.36,1.23,23.56
20230320,28.18,35.4,22.7,70.92,3.75,1.14,19.41
20230321,29.34,37.56,23.09,64.24,5.74,1.38,22.76
20230322,29.17,36.36,23.55,66.12,1.85,1.75,22.6
20230323,29.44,37.57,22.84,61.24,1.67,1.85,22.89
20230324,29.49,36.58,24.02,65.3,1.23,1.88,22.36
20230325,29.14,35.7,24.03,64.68,0.7,1.58,23.03
20230326,29.79,37.69,24.02,60.28,2.99,1.58,22.37
20230327,30.39,37.79,24.34,61.46,0.15,1.04,24.99
20230328,29.77,36.2,25.41,64.38,4.57,1.67,23.62
20230329,29.45,36.59,24.23,66.48,1.02,1.76,20.9
20230330,29.79,38.2,23.81,61.95,0.96,1.74,25.33
20230331,30.18,38.58,23.42,60.73,1.78,1.59,26.35
20230401,30.37,38.28,23.72,58.55,0.34,1.99,24.94
20230402,30.29,37.01,24.78,59.85,2.43,1.48,25.34
20230403,30.0,37.1,25.58,61.97,2.11,1.61,24.83
20230404,28.78,35.1,24.62,68.52,2.74,1.93,21.18
20230405,29.25,36.42,23.9,63.95,0.19,2.08,24.33
20230406,29.69,36.7,24.05,60.71,0.09,2.01,25.37
20230407,29.79,37.32,23.9,60.04,0.17,2.19,25.42
20230408,29.74,37.65,23.27,58.72,0.01,2.96,19.3
20230409,29.75,37.39,23.82,59.74,0.17,2.48,19.05
20230410,30.11,37.74,24.52,56.39,0.76,2.47,25.55
20230411,30.28,38.23,23.99,59.03,0.71,2.24,24.7
20230412,30.72,39.34,23.84,55.26,0.0,1.97,24.93
20230413,31.15,40.07,23.84,47.45,0.0,1.71,25.57
20230414,30.44,37.78,23.42,46.61,0.0,1.61,25.68
20230415,31.41,40.02,24.12,47.7,0.0,2.02,23.54
20230416,30.41,36.85,23.45,50.5,0.0,1.73,25.2
20230417,31.01,39.62,23.77,51.99,0.0,2.23,25.62
20230418,31.59,40.66,23.46,49.12,0.0,2.27,25.67
20230419,31.98,40.29,24.38,50.09,0.0,2.27,25.31
20230420,33.12,41.47,25.48,50.23,0.0,2.42,24.62
20230421,33.11,40.68,26.73,51.11,5.07,2.04,22.58
20230422,31.73,38.99,25.98,58.62,2.95,2.19,23.48
20230423,32.11,39.81,26.29,57.38,1.49,2.09,22.97
20230424,29.42,35.31,25.8,72.88,8.19,2.05,22.72
20230425,28.34,33.02,25.43,77.14,7.62,1.67,16.33
20230426,27.16,29.88,24.91,79.57,11.59,1.43,19.22
20230427,28.67,34.77,24.5,71.36,9.02,1.85,16.48
20230428,28.19,32.91,24.4,75.19,11.37,1.53,21.3
20230429,28.39,33.62,24.74,75.9,18.62,1.7,20.19
20230430,27.41,30.94,24.7,79.93,9.41,1.65,19.24
20230501,27.72,32.55,24.62,78.77,10.13,1.62,15.25
20230502,26.62,29.5,24.24,86.58,21.09,1.99,13.84
20230503,27.56,31.57,24.1,78.69,14.07,1.78,19.07
20230504,26.85,29.94,24.53,81.16,11.7,0.95,20.18
20230505,27.57,32.22,23.56,74.6,0.76,0.9,12.47
20230506,27.16,31.21,24.07,77.63,3.19,1.1,16.97
20230507,26.5,30.32,24.11,79.43,1.47,1.33,10.39
20230508,26.38,31.48,23.91,81.5,5.88,1.62,18.65
20230509,27.54,33.46,23.6,76.77,2.18,2.05,22.27
20230510,28.88,35.13,23.33,71.13,0.73,1.3,20.68
20230511,28.81,32.77,25.3,75.04,1.57,1.44,21.44
20230512,28.7,33.28,25.37,72.79,0.56,2.21,19.07
20230513,29.97,36.87,24.29,65.35,0.0,2.62,20.11
20230514,29.87,35.38,25.54,68.37,0.0,2.17,21.96
20230515,31.36,38.11,25.04,64.49,0.0,1.33,22.58
20230516,31.24,37.51,26.06,65.3,0.0,1.51,23.24
20230517,30.81,36.12,26.29,64.64,0.44,1.04,22.47
20230518,29.27,34.03,25.38,70.15,0.2,1.78,22.17
20230519,29.65,34.57,25.49,71.36,0.12,1.27,21.32
20230520,30.02,35.12,25.01,68.47,0.75,1.28,22.73
20230521,29.81,35.02,25.32,68.76,1.0,1.34,22.15
20230522,28.78,32.9,25.68,75.34,1.46,1.33,22.35
20230523,29.07,34.78,24.66,70.93,0.07,1.25,25.36
20230524,30.19,36.73,24.42,67.48,3.74,1.09,25.78
20230525,30.64,37.12,24.68,66.81,1.79,1.15,25.21
20230526,31.1,37.59,25.28,63.34,2.16,1.42,24.15
20230527,30.95,37.32,25.17,64.21,5.87,1.23,24.57
20230528,30.47,34.35,26.23,65.86,0.53,1.11,20.19
20230529,29.94,34.31,26.45,69.45,2.33,1.24,19.73
20230530,30.74,37.63,25.03,65.6,1.05,1.37,23.09
20230531,29.67,35.0,25.65,67.4,2.73,2.04,23.34
20230601,30.82,38.13,24.44,63.29,0.13,1.81,23.66
20230602,28.45,32.58,24.94,69.95,1.27,2.08,18.77
20230603,29.55,35.93,25.37,66.59,0.36,2.06,22.26
20230604,29.8,36.19,25.09,66.45,0.4,2.26,21.8
20230605,28.64,33.0,25.5,73.6,5.76,1.86,22.96
20230606,29.77,36.81,24.16,67.54,12.12,1.54,22.76
20230607,28.81,34.2,24.57,75.0,4.86,1.75,22.51
20230608,29.12,34.69,24.93,70.39,0.1,1.62,20.52
20230609,29.94,36.21,25.0,64.82,0.16,1.98,22.81
20230610,30.29,38.6,24.18,60.47,0.08,2.86,23.98
20230611,30.46,38.12,24.32,60.99,0.01,1.8,23.33
20230612,30.05,36.24,25.52,67.75,5.34,1.95,21.92
20230613,29.91,36.07,24.85,65.68,0.49,2.12,21.78
20230614,29.19,34.16,25.49,66.46,0.65,1.68,23.75
20230615,30.87,38.31,24.24,56.83,0.09,1.71,23.22
20230616,31.25,38.45,25.73,57.47,0.11,2.36,23.63
20230617,29.4,33.89,25.68,66.02,0.74,1.66,17.07
20230618,28.42,34.17,24.84,70.08,1.58,1.68,9.38
20230619,30.45,37.23,23.68,57.91,0.01,1.38,17.6
20230620,29.5,35.03,25.22,64.5,2.27,0.97,15.96
20230621,29.1,33.84,25.28,69.52,6.09,1.18,14.14
20230622,30.1,36.92,23.91,62.89,1.82,1.07,21.27
20230623,28.71,34.38,24.63,63.01,0.4,2.05,21.39
20230624,28.36,34.47,23.88,66.3,0.09,1.9,20.17
20230625,28.16,32.62,24.85,69.52,0.42,1.61,20.53
20230626,28.66,34.86,23.7,61.12,0.2,2.38,21.33
20230627,27.9,33.78,22.79,64.18,1.51,2.37,20.62
20230628,29.07,37.37,22.83,62.1,0.15,2.06,22.23
20230629,29.83,38.16,23.38,60.46,2.59,2.26,20.82
20230630,29.61,37.73,22.85,62.23,0.87,1.69,20.74
20230701,29.86,36.38,23.99,60.38,0.14,1.21,21.76
20230702,28.81,34.46,24.37,63.44,21.31,1.4,16.32
20230703,27.66,33.26,23.34,71.19,7.42,2.76,14.11
20230704,28.19,33.65,24.17,65.94,0.99,4.01,15.54
20230705,27.98,33.5,24.48,64.29,2.74,4.05,17.22
20230706,27.83,33.47,23.65,69.08,1.06,3.12,16.26
20230707,28.18,34.27,23.64,65.81,0.49,2.79,17.21
20230708,28.26,35.42,23.66,65.55,0.98,1.96,20.94
20230709,29.65,36.42,23.21,60.54,0.83,1.47,24.01
20230710,29.45,34.72,24.91,67.14,10.73,1.1,16.07
20230711,28.83,35.14,24.23,68.32,15.45,1.36,16.55
20230712,28.9,36.03,22.72,60.64,1.14,2.34,21.1
20230713,28.21,35.15,23.22,60.73,0.67,2.51,21.87
20230714,28.65,35.59,23.5,59.75,0.65,2.93,24.09
20230715,29.18,36.09,23.1,62.32,0.14,1.84,23.76
20230716,29.48,36.67,24.35,63.36,0.97,1.97,21.55
20230717,29.08,35.69,23.41,65.07,0.05,2.17,21.66
20230718,28.87,35.85,23.46,65.35,0.2,3.12,19.78
20230719,28.82,35.85,24.15,63.26,0.33,3.9,23.3
20230720,28.67,34.86,24.34,60.69,0.14,4.19,23.53
20230721,29.0,35.3,24.45,59.38,0.09,3.81,19.77
20230722,28.17,34.39,23.91,59.39,0.32,4.04,21.3
20230723,27.93,33.68,22.81,62.65,2.6,3.09,17.17
20230724,27.21,32.75,22.83,66.67,1.0,2.8,12.87
20230725,27.22,33.28,22.56,67.01,0.47,2.45,16.01
20230726,28.74,36.12,22.77,63.42,0.38,3.15,16.71
20230727,29.19,36.86,23.31,60.07,0.03,3.31,23.68
20230728,29.16,36.09,23.36,58.03,0.01,3.28,23.8
20230729,29.83,38.39,22.57,57.13,0.0,3.58,23.36
20230730,30.36,38.75,23.89,55.59,0.0,3.8,23.51
20230731,30.59,37.58,25.37,55.45,0.0,3.66,22.56
20230801,30.49,39.14,23.75,55.85,0.0,3.5,21.76
20230802,29.65,37.67,23.48,57.57,0.03,2.66,23.54
20230803,30.62,39.29,23.29,56.54,0.07,2.9,25.47
20230804,31.09,39.39,23.84,54.23,0.03,2.76,22.25
20230805,30.53,37.3,24.2,53.82,0.0,2.41,23.27
20230806,30.84,37.16,25.49,57.12,5.33,1.74,22.71
20230807,30.67,36.94,24.78,59.67,0.91,1.57,21.78
20230808,29.86,36.35,24.53,64.06,16.07,1.48,20.64
20230809,28.73,34.3,24.41,69.25,9.98,1.66,19.89
20230810,28.5,33.39,24.2,73.35,6.62,1.32,17.46
20230811,28.19,32.43,24.5,75.21,7.33,0.85,20.64
20230812,29.03,34.88,24.79,71.71,13.18,1.66,22.06
20230813,29.32,34.38,24.33,67.25,1.64,1.1,20.96
20230814,28.89,33.81,24.99,66.17,0.53,1.56,20.93
20230815,29.39,36.26,23.41,63.68,4.31,1.27,22.6
20230816,29.95,37.4,22.83,59.83,0.2,1.5,24.36
20230817,30.32,38.46,23.46,58.02,0.0,2.21,24.6
20230818,29.28,36.41,23.18,61.62,0.02,2.67,23.21
20230819,29.34,37.32,22.83,61.27,0.02,2.62,22.9
20230820,30.68,38.65,23.19,58.69,0.08,1.75,24.8
20230821,30.86,37.74,24.5,58.07,0.02,1.55,23.84
20230822,30.14,35.15,25.79,66.06,2.86,1.2,22.96
20230823,30.31,36.09,25.11,64.76,4.71,1.02,23.41
20230824,31.03,38.52,24.34,57.64,0.15,1.45,24.63
20230825,30.58,37.02,24.92,58.57,0.0,1.07,24.55
20230826,30.92,37.02,24.87,58.71,0.0,0.98,24.36
20230827,31.32,37.79,25.37,59.38,0.0,0.75,24.12
20230828,31.24,37.38,26.09,60.15,3.1,1.21,21.89
20230829,27.98,33.31,25.07,73.58,13.18,1.08,21.44
20230830,26.63,29.64,24.39,79.66,13.61,1.83,19.07
20230831,28.17,32.34,24.02,71.64,5.42,0.83,21.3
20230901,28.83,34.13,24.03,70.65,9.81,1.32,20.07
20230902,28.49,34.09,25.0,74.98,18.18,1.59,20.42
20230903,27.01,31.43,23.79,76.35,10.24,2.1,19.97
20230904,27.61,34.0,23.01,72.2,0.72,2.11,17.56
20230905,26.78,31.52,23.7,74.52,0.29,2.4,13.29
20230906,27.6,34.57,22.68,66.88,1.21,2.51,18.0
20230907,27.26,33.62,23.1,69.51,1.56,2.46,16.72
20230908,27.73,34.97,21.63,65.85,1.47,2.86,21.66
20230909,28.54,35.98,23.25,64.42,0.71,2.95,21.6
20230910,27.49,33.66,23.32,62.62,0.55,2.79,21.18
20230911,27.48,33.86,22.7,65.76,1.33,2.53,16.92
20230912,27.54,32.9,22.85,68.27,0.11,1.69,22.02
20230913,28.67,35.45,23.35,65.44,0.16,1.89,19.29
20230914,28.64,36.5,22.83,61.94,0.63,2.55,20.87
20230915,27.67,33.82,23.31,68.35,0.36,2.45,20.58
20230916,28.9,35.69,23.49,68.84,1.15,1.92,18.97
20230917,27.75,32.88,24.29,76.3,4.1,1.53,18.52
20230918,27.75,33.74,23.35,77.8,22.21,1.92,17.83
20230919,27.53,34.19,23.56,78.55,13.15,1.23,20.31
20230920,28.26,34.05,23.54,73.96,3.87,0.99,22.18
20230921,27.45,31.76,24.5,77.03,4.03,1.14,20.25
20230922,28.36,34.05,23.34,72.66,3.26,1.23,20.56
20230923,28.63,34.56,23.82,73.95,3.49,1.49,22.42
20230924,27.4,31.5,24.31,77.39,2.62,1.3,22.43
20230925,28.4,34.28,23.37,72.1,1.05,1.12,17.76
20230926,28.09,32.91,24.04,71.87,2.04,1.19,17.15
20230927,27.65,33.84,23.31,71.19,6.71,1.57,21.35
20230928,27.46,34.71,21.34,68.54,4.17,2.16,20.36
20230929,26.72,32.57,22.97,75.35,1.75,2.8,18.62
20230930,27.37,33.91,22.11,74.03,2.38,2.41,19.27
20231001,27.68,34.82,22.37,72.7,0.8,2.87,15.22
20231002,28.06,34.79,22.77,74.11,0.94,2.66,17.46
20231003,29.17,36.66,23.34,68.8,0.71,2.19,21.13
20231004,28.86,35.93,23.12,69.08,1.02,1.76,22.15
20231005,29.0,35.94,23.44,70.13,6.48,1.45,20.29
20231006,29.42,36.61,23.51,65.73,1.62,1.31,20.93
20231007,29.56,36.27,23.62,65.83,0.0,1.31,19.75
20231008,28.83,34.58,24.63,72.93,7.71,1.49,20.16
20231009,28.32,34.13,23.65,74.12,0.87,1.62,19.38
20231010,28.42,33.91,24.1,74.03,2.33,1.66,18.93
20231011,28.39,34.14,24.08,75.05,17.99,1.13,18.38
20231012,26.6,30.01,24.44,84.65,26.78,1.53,16.84
20231013,26.94,31.32,23.58,79.53,0.41,0.94,16.17
20231014,27.14,31.88,23.85,79.4,9.22,1.38,13.18
20231015,27.45,31.9,23.61,79.37,17.15,1.54,16.43
20231016,26.73,30.87,23.82,83.75,10.48,0.74,11.0
20231017,26.29,29.91,23.63,84.55,11.09,1.8,16.13
20231018,26.67,31.33,22.7,81.05,0.64,1.56,16.84
20231019,26.91,31.93,23.46,77.32,0.25,1.3,18.45
20231020,26.89,31.99,23.36,77.69,0.3,1.13,17.79
20231021,27.24,32.98,23.15,75.77,2.74,1.24,19.95
20231022,27.04,31.64,22.9,77.01,3.72,1.55,16.73
20231023,26.65,31.53,23.63,79.29,0.78,1.34,14.12
20231024,26.62,31.79,23.61,78.72,1.68,1.22,17.7
20231025,26.7,31.57,22.9,78.48,1.81,1.14,15.39
20231026,27.36,32.81,23.24,76.58,0.94,1.13,18.65
20231027,27.21,32.29,23.25,77.16,0.17,1.63,17.23
20231028,26.95,32.1,23.01,78.14,0.56,1.45,15.62
20231029,25.92,29.62,23.32,85.57,10.88,1.51,11.63
20231030,25.2,28.83,22.69,86.4,15.42,1.41,11.01
20231031,25.64,29.92,21.97,83.63,3.76,1.81,18.22
20231101,25.69,30.31,22.76,87.02,7.67,1.08,18.44
20231102,25.51,28.41,23.44,83.76,7.44,0.81,12.99
20231103,25.7,29.22,22.85,87.23,23.43,1.39,15.11
20231104,24.8,27.15,23.4,90.79,33.84,0.93,14.97
20231105,24.65,27.19,22.29,87.93,12.4,1.35,16.25
20231106,26.0,30.51,21.95,84.1,19.94,0.91,19.31
20231107,25.33,28.37,23.24,89.7,32.53,0.86,13.51
20231108,25.36,27.69,23.15,86.2,18.92,0.59,15.29
20231109,25.28,28.1,22.65,84.79,19.6,0.95,13.33
20231110,25.18,29.09,21.84,87.32,2.81,1.54,13.11
20231111,24.83,27.47,22.89,90.96,2.44,1.89,12.77
20231112,24.94,29.6,21.16,83.78,0.23,2.26,19.75
20231113,24.47,28.18,20.79,87.92,0.87,1.83,16.77
20231114,24.5,28.18,21.99,87.02,4.81,2.36,9.99
20231115,24.87,29.09,21.43,85.56,1.07,2.05,17.34
20231116,25.7,29.27,22.95,87.37,0.2,1.19,16.86
20231117,25.97,29.79,23.16,87.17,0.33,1.42,18.25
20231118,25.63,28.88,23.18,89.92,1.52,1.59,14.32
20231119,24.95,27.62,22.92,91.1,3.74,1.88,6.79
20231120,25.62,29.87,21.85,89.57,0.13,1.66,17.71
20231121,25.87,29.54,22.83,87.93,2.05,1.48,19.17
20231122,25.77,29.21,23.64,89.03,20.87,1.3,12.99
20231123,25.23,29.4,22.45,89.26,4.76,1.94,14.68
20231124,25.46,29.68,22.08,87.63,1.82,1.28,19.12
20231125,25.4,28.92,22.82,90.59,4.57,1.98,15.76
20231126,25.09,27.8,23.47,92.19,3.95,2.72,18.03
20231127,25.37,29.34,22.82,89.61,5.25,2.06,11.43
20231128,25.33,29.63,22.19,89.32,5.59,1.92,16.43
20231129,25.08,28.64,22.76,89.76,3.63,1.85,15.39
20231130,24.57,28.25,21.84,90.06,2.33,1.47,13.87
20231201,24.68,28.24,21.72,89.71,1.54,1.64,15.09
20231202,25.35,28.81,22.37,86.59,0.84,1.64,15.94
20231203,26.63,30.62,23.26,82.96,1.12,1.51,13.79
20231204,26.64,31.09,23.66,85.51,0.77,1.2,16.96
20231205,26.65,31.26,23.22,85.08,0.93,1.06,18.29
20231206,25.84,29.77,22.87,87.63,0.2,1.13,18.44
20231207,26.16,30.64,22.41,87.12,2.96,1.19,18.17
20231208,26.14,29.83,23.56,88.15,10.31,1.11,14.77
20231209,25.62,28.92,23.28,89.39,4.41,1.93,15.14
20231210,25.14,29.28,22.25,89.0,1.8,2.05,14.19
20231211,24.8,29.32,21.56,87.52,0.71,2.08,12.03
20231212,24.47,28.71,21.81,88.32,0.68,2.05,13.66
20231213,23.56,27.84,20.32,86.31,0.02,2.31,15.68
20231214,23.22,27.89,18.96,84.02,0.03,2.38,17.08
20231215,24.15,27.99,21.0,88.38,0.07,2.6,10.34
20231216,24.99,29.01,22.46,89.34,4.81,2.86,6.94
20231217,24.18,26.17,22.93,94.1,48.31,3.52,6.05
20231218,23.61,26.35,21.78,91.8,24.9,3.41,4.97
20231219,23.01,26.51,21.06,89.85,2.11,2.63,7.8
20231220,23.74,28.18,20.28,88.67,2.85,3.01,11.77
20231221,23.39,26.7,21.16,92.9,4.36,2.41,7.52
20231222,24.01,28.75,20.68,88.67,0.22,2.2,18.95
20231223,22.79,27.64,18.98,86.23,0.0,2.02,19.8
20231224,23.08,27.28,19.38,87.24,0.11,2.25,13.62
20231225,24.64,29.51,21.8,89.3,1.52,2.96,18.11
20231226,23.73,28.7,20.47,87.1,0.07,2.81,19.32
20231227,23.6,28.56,19.39,87.06,0.16,3.14,18.4
20231228,24.39,29.38,20.54,87.56,0.09,3.47,15.08
20231229,24.79,29.31,22.02,87.87,0.43,3.26,13.9
20231230,24.29,28.4,21.25,87.59,0.11,2.79,14.59
20231231,23.2,28.06,18.96,85.9,0.01,2.19,18.33
20240101,23.52,28.89,18.43,84.62,0.0,1.77,16.89
20240102,23.69,28.44,20.16,85.64,0.04,1.95,13.91
20240103,23.54,28.21,19.69,86.35,1.06,1.71,15.97
20240104,24.32,28.69,20.9,87.95,3.86,1.77,15.2
20240105,24.59,28.54,21.96,88.53,2.76,1.94,11.66
20240106,24.56,29.06,21.23,87.2,1.69,1.94,13.72
20240107,24.49,29.38,21.28,85.86,0.79,2.45,14.04
20240108,24.41,28.27,22.45,90.27,0.99,2.38,13.64
20240109,23.83,26.93,21.74,91.03,11.26,3.06,4.39
20240110,23.41,27.09,20.94,87.8,0.7,2.45,10.84
20240111,23.62,28.76,20.16,83.86,0.01,2.62,15.79
20240112,23.65,29.04,19.82,83.92,0.0,2.53,16.25
20240113,23.76,29.42,19.18,84.63,0.0,2.28,18.37
20240114,23.69,29.64,19.74,82.67,0.0,2.25,17.57
20240115,23.07,29.36,18.24,81.73,0.0,1.81,19.57
20240116,22.47,28.85,17.36,79.66,0.0,1.6,21.69
20240117,22.52,29.49,17.43,77.71,0.0,1.32,22.28
20240118,23.73,30.04,17.55,82.57,0.23,1.36,16.1
20240119,24.93,30.82,20.26,83.78,1.94,1.81,14.31
20240120,25.19,30.4,21.7,83.82,1.12,2.18,10.1
20240121,25.04,31.12,20.85,80.15,0.04,1.96,17.11
20240122,24.96,31.66,20.23,79.67,0.0,1.95,20.34
20240123,24.24,30.74,19.27,78.68,0.01,1.8,22.01
20240124,24.46,31.39,19.36,77.19,0.02,1.53,21.22
20240125,24.52,31.12,19.47,76.82,0.0,1.58,21.38
20240126,24.19,31.14,18.25,75.96,0.0,2.39,19.9
20240127,23.95,31.0,18.79,76.52,0.0,2.47,21.95
20240128,24.7,31.34,19.88,76.79,0.0,2.61,18.23
20240129,24.14,31.86,18.21,73.58,0.0,2.31,18.57
20240130,24.74,32.42,19.1,74.44,0.0,2.11,21.42
20240131,25.58,32.52,20.12,76.67,0.78,1.62,19.79
20240201,26.38,33.11,21.25,77.06,2.57,1.42,13.68
20240202,26.82,32.94,22.27,77.14,0.34,1.61,17.88
20240203,26.88,33.82,21.98,74.69,0.0,1.99,21.3
20240204,25.79,33.34,20.39,72.07,0.0,2.36,22.65
20240205,24.71,32.64,19.03,73.19,0.0,2.27,22.36
20240206,24.37,32.48,18.13,75.0,0.0,2.3,22.95
20240207,24.62,33.27,17.81,72.77,0.0,2.05,24.18
20240208,25.22,34.32,18.15,72.45,0.0,2.1,23.26
20240209,25.51,33.64,19.55,73.15,0.0,2.28,21.85
20240210,25.76,33.15,20.15,74.32,0.01,2.63,20.2
20240211,26.01,33.72,20.59,70.06,0.02,2.91,21.42
20240212,25.07,33.66,18.62,70.41,0.0,2.75,22.04
20240213,26.0,33.83,19.33,72.36,0.0,2.82,21.14
20240214,26.59,33.85,21.36,70.39,0.0,3.07,20.76
20240215,25.87,33.43,19.79,69.95,0.0,2.77,19.98
20240216,26.58,34.16,20.75,69.23,0.0,2.9,21.63
20240217,26.83,35.33,20.32,65.85,0.0,2.59,22.94
20240218,26.47,34.9,20.23,66.56,0.0,2.26,21.51
20240219,27.14,35.08,21.41,68.75,0.0,2.32,22.16
20240220,27.6,35.51,22.05,66.2,0.0,1.92,22.27
20240221,28.25,36.38,22.29,60.15,0.01,1.49,23.44
20240222,28.76,36.52,22.42,62.56,0.0,1.47,21.53
20240223,29.54,36.91,24.36,62.62,0.0,1.74,22.3
20240224,29.11,36.04,23.64,64.52,0.0,1.92,18.87
20240225,28.46,36.08,23.24,63.06,0.01,2.36,20.43
20240226,28.17,35.86,22.16,64.96,0.17,3.32,19.3
20240227,28.31,35.82,23.43,64.78,0.02,3.39,19.81
20240228,28.23,36.32,22.07,61.68,0.0,2.96,20.96
20240229,27.99,36.14,22.12,61.7,0.0,2.54,22.4
20240301,27.26,35.33,21.04,62.99,0.0,2.77,18.72
20240302,26.56,33.97,20.12,61.06,0.0,1.59,23.25
20240303,27.88,36.35,20.86,59.37,0.0,1.72,23.36
20240304,27.99,37.08,19.93,57.86,0.0,1.88,25.5
20240305,28.15,37.38,20.38,56.35,0.0,1.85,24.57
20240306,28.49,36.92,21.94,52.27,0.0,1.84,20.37
20240307,28.52,37.01,22.03,50.44,0.0,1.67,23.32
20240308,29.07,37.57,22.09,48.72,0.0,1.93,24.69
20240309,29.66,38.3,22.26,49.53,0.0,2.1,24.31
20240310,29.77,38.05,23.82,52.26,0.0,1.89,23.72
20240311,29.41,37.73,22.43,54.58,0.0,2.14,23.51
20240312,29.35,38.04,22.48,53.7,0.0,2.04,24.74
20240313,29.63,38.37,22.82,46.11,0.0,1.61,25.18
20240314,30.54,39.76,23.25,41.88,0.03,1.74,25.22
20240315,30.5,39.99,23.57,50.39,0.03,2.06,24.53
20240316,29.62,38.8,22.74,54.83,0.12,2.06,25.9
20240317,29.2,38.26,22.38,53.5,0.0,2.3,26.65
20240318,29.23,38.36,21.37,50.0,0.0,1.83,26.28
20240319,29.61,38.79,22.21,45.86,0.0,2.06,25.46
20240320,29.37,38.65,21.68,52.56,0.0,2.08,26.19
20240321,30.41,38.65,24.09,60.18,0.39,3.07,14.7
20240322,30.67,38.58,24.54,59.78,0.52,3.04,22.22
20240323,30.96,39.45,25.07,53.57,0.07,2.53,24.19
20240324,29.93,38.98,22.96,56.41,0.09,2.36,24.83
20240325,29.6,39.22,21.67,53.57,0.0,2.47,25.96
20240326,29.55,39.06,22.33,49.94,0.01,2.17,25.26
20240327,29.76,39.68,20.91,47.75,0.0,2.05,22.98
20240328,31.43,40.61,24.56,46.68,0.34,1.94,23.25
20240329,31.3,39.73,24.48,47.85,0.05,2.01,24.9
20240330,31.3,39.71,24.72,46.46,0.0,2.16,26.58
20240331,31.63,40.27,24.66,49.71,0.0,2.34,25.1
20240401,32.35,40.64,25.89,52.74,0.0,2.38,22.92
20240402,32.5,40.72,25.81,51.27,0.44,2.27,24.34
20240403,31.7,39.78,25.32,56.54,1.08,2.38,21.53
20240404,31.8,39.65,25.73,57.85,0.03,2.46,22.86
20240405,32.69,41.87,25.3,51.77,0.03,2.31,24.01
20240406,32.79,41.28,25.96,52.54,0.0,2.24,26.08
20240407,32.61,40.78,26.13,52.72,0.0,2.33,25.01
20240408,32.34,40.94,25.7,56.15,0.12,2.64,25.23
20240409,32.0,40.03,25.77,54.2,0.03,2.69,24.37
20240410,31.57,39.92,24.51,54.36,0.13,2.79,24.51
20240411,31.83,39.92,25.23,55.61,0.78,2.84,21.44
20240412,30.59,37.57,25.85,63.5,7.07,2.86,17.83
20240413,30.03,36.77,25.66,66.26,3.07,2.07,19.83
20240414,30.35,38.02,24.63,63.23,2.43,2.38,23.52
20240415,30.4,38.32,24.04,63.62,1.38,2.6,17.18
20240416,31.35,39.07,25.28,59.67,0.09,2.32,21.44
20240417,32.39,40.35,25.7,55.14,0.0,2.34,24.54
20240418,32.94,40.39,26.39,54.16,0.0,1.91,23.68
20240419,32.88,39.03,27.37,52.44,0.0,1.62,20.22
20240420,33.24,40.24,27.3,50.56,0.01,2.11,24.55
20240421,32.89,40.69,26.96,57.91,0.06,2.44,24.4
20240422,32.77,39.02,27.56,54.78,0.1,1.7,22.85
20240423,32.79,40.48,27.47,53.49,0.05,2.46,24.21
20240424,31.86,38.63,26.11,53.83,0.11,1.95,23.84
20240425,32.09,39.64,26.24,48.17,0.01,2.43,24.19
20240426,32.76,41.04,25.65,47.64,0.0,2.26,24.21
20240427,32.69,40.72,26.47,47.51,0.0,2.26,25.84
20240428,32.88,41.28,25.7,48.74,0.01,2.23,22.49
20240429,32.98,41.2,26.44,51.72,0.18,2.25,21.57
20240430,33.6,42.27,27.11,51.58,0.1,2.69,22.92
20240501,33.87,40.6,27.4,51.4,0.07,2.2,25.21
20240502,34.41,40.91,29.63,50.69,0.0,2.6,23.71
20240503,34.55,42.49,27.92,50.42,0.0,2.37,21.01
20240504,34.2,39.83,29.99,49.77,0.05,2.24,23.28
20240505,34.59,42.33,28.1,49.69,0.86,1.87,23.32
20240506,35.04,42.31,29.18,47.16,0.13,2.23,24.46
20240507,33.76,39.45,29.42,49.87,0.09,2.5,24.35
20240508,31.87,36.41,28.66,59.59,1.99,2.17,22.47
20240509,31.45,36.42,27.53,61.47,5.0,1.57,18.09
20240510,29.41,33.38,26.6,71.73,8.36,1.48,18.5
20240511,30.59,37.45,25.51,65.95,3.21,1.9,16.78
20240512,30.86,37.78,25.36,62.9,2.76,1.72,20.25
20240513,28.35,31.47,26.02,78.32,6.94,1.44,18.53
20240514,28.85,34.08,25.27,72.49,4.31,1.02,18.34
20240515,29.69,35.92,24.95,70.17,9.53,1.79,16.41
20240516,28.46,32.88,25.65,75.56,20.03,1.33,13.01
20240517,27.65,32.02,24.79,77.7,14.09,1.44,8.42
20240518,28.86,34.54,24.23,74.68,7.92,1.23,18.13
20240519,28.29,32.31,25.62,78.34,11.82,1.12,12.87
20240520,27.05,30.47,25.07,86.35,27.5,1.42,12.96
20240521,27.49,31.4,24.66,79.12,12.14,2.42,20.57
20240522,27.73,31.26,24.95,85.99,6.34,2.18,15.51
20240523,27.61,31.14,25.31,84.55,3.95,1.93,16.98
20240524,28.83,34.08,25.24,77.29,3.87,1.76,19.0
20240525,28.32,32.47,25.14,76.3,1.68,2.08,13.54
20240526,29.4,35.89,24.37,68.67,0.3,2.41,15.08
20240527,29.93,36.77,25.19,69.28,0.15,2.56,19.11
20240528,28.58,33.58,25.42,74.3,1.43,2.76,18.86
20240529,29.84,36.68,24.37,69.54,2.27,1.77,21.13
20240530,30.27,36.61,24.7,69.32,1.79,1.84,22.2
20240531,30.24,35.27,26.36,69.95,2.84,1.49,21.49
20240601,30.42,34.68,26.72,74.47,3.33,1.56,19.9
20240602,28.55,32.06,25.64,74.55,4.61,1.58,17.65
20240603,28.83,33.46,25.26,74.76,5.54,1.11,15.56
20240604,29.11,33.25,25.43,73.87,0.75,1.3,17.68
20240605,28.66,33.58,25.33,77.26,5.6,1.79,21.0
20240606,27.82,31.26,25.11,82.1,32.15,1.8,18.7
20240607,27.79,32.95,23.85,77.44,6.29,1.92,16.6
20240608,27.41,32.23,23.75,80.93,2.09,2.56,18.95
20240609,27.7,32.73,23.85,78.46,0.27,1.96,21.83
20240610,28.33,34.91,23.59,72.45,0.1,2.3,23.91
20240611,28.0,34.36,23.63,68.69,0.23,2.21,23.03
20240612,27.24,32.83,23.67,71.87,0.35,2.19,17.9
20240613,28.4,36.34,21.8,64.05,0.08,1.73,22.17
20240614,29.3,36.65,22.55,63.16,0.0,1.29,21.67
20240615,29.92,37.15,23.65,64.05,0.48,1.28,23.64
20240616,29.75,37.02,23.86,66.93,0.54,1.24,22.44
20240617,29.04,35.82,23.68,67.14,4.1,1.56,23.2
20240618,28.23,34.66,23.4,72.46,9.56,2.1,21.15
20240619,28.31,35.01,23.45,71.74,4.37,2.35,17.65
20240620,27.66,34.03,23.15,69.94,0.46,2.44,21.63
20240621,27.71,34.38,22.78,68.34,0.28,2.51,19.21
20240622,27.88,34.31,23.04,71.67,2.7,1.59,20.11
20240623,27.67,34.05,23.77,71.27,1.85,3.13,20.95
20240624,27.02,32.44,23.81,71.34,1.34,3.08,17.89
20240625,26.49,31.75,23.52,70.15,1.92,3.47,17.91
20240626,27.48,33.67,22.59,70.22,1.62,3.18,16.49
20240627,27.9,34.18,23.96,67.37,0.55,2.6,13.08
20240628,28.57,36.0,23.43,64.18,0.13,1.76,22.69
20240629,28.34,35.97,22.06,67.31,0.3,1.47,22.05
20240630,28.66,33.89,24.24,68.68,1.45,0.99,20.64
20240701,27.69,32.34,24.73,70.79,3.77,1.62,19.04
20240702,28.89,35.47,23.5,63.06,0.25,1.31,21.03
20240703,28.23,34.65,23.75,64.93,0.2,1.85,21.16
20240704,29.64,36.56,23.25,59.4,0.07,1.68,20.18
20240705,29.11,34.8,25.01,65.12,3.73,1.45,20.3
20240706,27.1,32.38,23.35,71.08,1.92,2.1,16.69
20240707,28.86,35.58,24.22,64.76,0.21,2.45,20.99
20240708,27.36,32.26,24.01,71.53,0.49,2.42,20.27
20240709,27.44,33.47,22.92,70.81,0.21,2.09,19.75
20240710,27.86,32.89,23.49,71.76,3.84,1.61,21.84
20240711,28.57,34.61,23.39,67.67,1.31,1.29,21.75
20240712,28.93,35.68,23.66,67.45,9.89,1.92,21.29
20240713,27.81,33.51,23.34,67.22,0.39,3.04,15.62
20240714,28.7,36.68,23.18,61.31,1.16,3.6,15.15
20240715,27.55,32.47,24.8,67.97,8.09,4.54,14.7
20240716,28.02,33.91,24.44,65.34,1.25,4.42,13.93
20240717,27.61,32.7,23.78,67.97,2.08,3.51,15.84
20240718,27.51,32.32,24.4,65.87,1.08,4.38,17.11
20240719,28.38,34.14,23.57,64.66,0.44,4.37,18.55
20240720,28.5,35.04,24.0,63.91,0.45,3.53,20.47
20240721,28.32,34.63,23.14,66.1,0.17,3.45,19.72
20240722,28.24,35.23,23.47,64.54,0.22,3.12,19.56
20240723,28.83,36.49,23.22,62.82,0.13,2.87,20.29
20240724,28.59,35.41,23.51,63.54,0.84,3.38,22.06
20240725,28.82,35.09,23.81,63.01,1.47,3.67,16.96
20240726,27.99,32.93,24.24,64.33,1.63,4.23,21.18
20240727,28.49,34.0,24.87,60.04,0.2,5.12,19.07
20240728,28.55,34.78,23.57,59.03,0.75,4.01,17.06
20240729,28.77,35.63,24.55,64.34,4.96,3.74,16.34
20240730,27.6,32.41,24.51,71.3,0.58,2.33,18.62
20240731,28.56,34.42,24.16,68.39,0.35,1.88,18.27
20240801,29.01,34.88,24.42,68.66,1.33,2.15,22.54
20240802,28.32,33.93,24.01,63.6,0.11,3.04,22.42
20240803,29.03,35.68,23.9,63.46,0.9,1.29,21.15
20240804,28.9,34.52,24.29,67.04,5.75,2.25,20.92
20240805,28.1,32.84,24.52,70.09,2.88,1.07,19.78
20240806,28.74,34.34,24.35,69.22,7.77,1.15,21.06
20240807,27.15,30.69,24.52,77.76,11.78,1.33,19.4
20240808,27.12,31.53,23.97,77.26,8.11,1.56,19.96
20240809,28.26,33.57,23.57,74.46,11.91,1.35,23.3
20240810,27.95,32.19,24.7,77.24,9.66,1.49,21.86
20240811,27.64,30.76,24.98,79.1,6.68,1.88,20.74
20240812,29.08,34.14,24.84,75.44,4.6,1.43,23.64
20240813,28.13,30.97,25.2,79.29,18.77,0.78,18.68
20240814,27.68,31.79,24.91,77.31,20.16,1.06,19.73
20240815,28.71,34.35,24.01,75.97,9.32,1.08,21.36
20240816,28.27,32.8,25.04,81.32,4.45,1.2,21.58
20240817,27.94,32.63,24.67,80.38,2.42,1.9,16.5
20240818,27.69,31.25,24.88,80.69,7.57,1.06,21.51
20240819,28.25,33.18,24.29,78.36,3.72,1.88,17.02
20240820,27.42,31.54,24.39,81.52,6.92,2.0,20.53
20240821,26.09,30.61,23.01,80.95,6.1,3.82,16.47
20240822,26.86,31.49,22.41,77.98,0.02,2.4,16.53
20240823,27.81,34.63,22.04,70.95,0.0,2.15,23.56
20240824,27.7,33.68,22.95,74.59,0.08,2.27,22.9
20240825,27.56,33.84,22.7,74.05,0.07,2.28,23.53
20240826,27.77,34.92,22.54,71.69,0.1,2.66,22.94
20240827,27.85,34.26,22.94,73.02,0.13,2.19,21.92
20240828,27.7,33.64,22.96,72.42,0.12,1.96,15.58
20240829,27.89,33.98,22.72,71.83,1.54,2.39,19.34
20240830,27.15,32.18,23.78,78.21,1.42,2.23,15.91
20240831,27.27,32.82,23.35,72.79,0.49,2.85,20.02
20240901,27.18,32.69,23.69,70.49,0.49,2.61,19.38
20240902,27.56,34.26,22.9,69.47,0.24,2.46,20.51
20240903,27.59,32.93,23.5,74.74,0.78,2.28,20.63
20240904,28.47,35.04,23.53,71.26,0.4,2.16,21.54
20240905,29.04,35.94,23.18,68.01,0.11,2.09,22.98
20240906,28.36,33.52,24.12,71.67,0.59,1.94,19.57
20240907,28.84,35.4,23.6,68.8,0.28,2.16,20.57
20240908,28.07,33.23,24.42,71.54,0.42,2.35,19.13
20240909,27.86,33.59,23.89,70.31,0.47,2.43,20.71
20240910,28.68,35.97,23.64,70.79,0.29,2.84,21.19
20240911,28.94,36.3,24.06,69.0,1.07,2.65,21.51
20240912,28.57,35.58,23.79,65.16,0.18,2.6,22.82
20240913,28.98,36.8,23.03,65.1,0.48,2.0,21.48
20240914,28.98,36.6,23.31,65.41,0.57,2.27,20.13
20240915,29.65,37.65,22.83,59.93,0.07,2.91,22.74
20240916,29.8,37.65,23.59,58.76,0.0,2.9,24.04
20240917,30.02,38.17,23.27,59.2,0.0,2.86,24.83
20240918,29.03,36.28,23.89,60.27,0.0,2.53,24.46
20240919,28.44,35.28,22.82,62.58,0.51,2.11,23.37
20240920,29.08,36.9,22.08,61.19,0.13,1.61,22.19
20240921,28.92,34.82,24.45,64.15,0.52,2.14,23.54
20240922,29.6,37.79,22.93,61.76,0.6,2.27,22.63
20240923,29.38,35.79,23.44,61.32,0.35,2.74,18.74
20240924,29.47,37.16,24.63,61.46,0.29,2.36,20.91
20240925,30.0,38.58,23.11,58.76,0.05,2.82,22.66
20240926,30.26,38.08,24.14,59.25,0.36,1.51,20.0
20240927,30.06,37.51,23.38,57.76,0.3,1.24,19.77
20240928,29.61,35.52,24.59,64.58,2.05,1.77,20.09
20240929,27.9,32.51,24.67,77.2,4.38,1.57,22.09
20240930,27.79,32.75,24.85,77.12,5.2,1.5,16.76
20241001,27.45,31.79,24.44,78.47,5.89,1.31,18.16
20241002,27.0,31.07,23.4,79.98,9.73,2.33,17.89
20241003,28.5,33.81,24.02,73.13,0.11,1.85,20.61
20241004,28.04,32.48,25.02,76.76,9.91,0.93,19.36
20241005,27.66,32.2,24.58,76.48,14.34,0.64,14.28
20241006,26.47,30.31,23.92,81.38,6.48,1.04,9.58
20241007,26.31,31.55,22.9,82.22,4.67,2.59,13.27
20241008,26.12,29.8,23.06,83.45,7.35,1.47,17.33
20241009,27.96,34.02,24.18,76.24,3.85,1.81,14.02
20241010,27.42,32.64,23.61,76.87,1.99,1.06,17.66
20241011,26.41,30.31,23.88,80.58,18.19,1.11,14.59
20241012,26.63,30.57,23.52,82.88,38.48,0.95,16.5
20241013,26.28,29.28,23.64,86.26,21.26,0.86,12.45
20241014,25.48,28.49,23.45,88.32,14.4,1.07,7.41
20241015,25.1,27.88,22.43,85.22,8.28,1.42,13.89
20241016,26.1,32.26,21.69,77.12,2.15,1.27,17.17
20241017,26.76,33.07,21.57,79.68,1.36,1.47,21.17
20241018,27.3,32.78,22.69,78.87,1.78,0.96,21.64
20241019,26.25,28.79,24.28,82.89,5.26,0.91,15.71
20241020,26.58,30.23,23.27,83.71,15.15,0.96,15.25
20241021,26.53,29.33,24.48,85.58,5.41,0.59,13.19
20241022,27.04,30.8,23.86,79.69,16.82,0.75,13.59
20241023,26.76,31.05,23.39,81.94,4.56,0.99,18.7
20241024,25.97,29.25,23.58,82.92,8.39,1.28,16.47
20241025,26.5,30.9,22.73,83.13,26.61,0.96,15.21
20241026,27.17,31.23,23.31,80.08,4.19,1.08,21.41
20241027,26.76,30.61,22.84,81.58,0.54,1.23,18.76
20241028,27.16,31.54,22.85,78.84,1.36,1.1,20.18
20241029,27.39,32.17,23.14,75.81,0.77,0.92,19.49
20241030,26.99,31.49,23.27,81.21,0.46,0.88,20.05
20241031,26.57,30.58,23.09,85.59,4.21,1.12,20.05
20241101,26.6,29.95,24.25,88.22,6.55,0.9,14.81
20241102,25.4,27.82,23.74,91.41,10.8,1.29,16.39
20241103,25.19,27.61,23.23,92.02,4.3,1.2,17.28
20241104,25.63,29.82,22.29,85.85,2.42,1.5,15.74
20241105,25.21,29.78,21.47,83.64,0.75,1.4,22.38
20241106,25.81,30.67,21.53,78.79,0.05,1.52,20.48
20241107,25.44,28.64,22.28,85.53,2.57,1.56,15.81
20241108,25.84,29.5,23.05,88.25,4.0,1.88,8.46
20241109,25.63,30.04,22.63,84.9,1.42,2.09,14.29
20241110,25.02,30.05,20.8,82.2,0.0,2.26,22.13
20241111,25.18,30.24,20.61,80.65,0.0,1.93,21.49
20241112,25.71,30.34,22.06,80.11,0.13,1.71,18.9
20241113,25.35,28.43,23.03,90.56,0.53,1.6,12.65
20241114,25.68,28.65,23.9,90.66,7.49,1.85,14.26
20241115,25.06,28.13,22.9,90.3,6.54,1.77,10.48
20241116,25.05,28.82,21.98,90.24,7.83,1.81,15.65
20241117,25.71,29.74,22.92,88.56,7.22,2.29,15.44
20241118,25.13,29.46,22.18,88.42,6.12,2.53,13.46
20241119,25.07,29.44,22.35,87.48,7.8,2.77,7.09
20241120,24.07,28.03,21.59,88.68,6.15,2.86,3.13
20241121,24.29,29.04,20.86,86.03,5.08,2.24,6.81
20241122,24.1,28.16,20.87,86.37,0.23,1.69,17.24
20241123,24.72,29.2,20.93,86.31,0.03,2.34,13.76
20241124,24.8,29.32,21.75,87.36,0.01,2.11,10.5
20241125,23.87,27.05,21.24,84.83,0.01,2.02,10.03
20241126,23.44,26.22,21.57,89.98,11.46,2.61,3.98
20241127,23.71,26.33,21.98,90.3,5.2,2.9,3.38
20241128,24.15,27.82,21.26,81.44,1.3,2.3,8.94
20241129,24.38,28.13,21.83,84.45,3.63,2.65,9.16
20241130,25.1,28.65,22.84,89.13,1.84,1.84,10.97
20241201,26.1,29.61,23.66,86.39,3.81,2.37,7.04
20241202,25.88,30.1,23.37,89.06,11.83,2.33,16.91
20241203,26.17,30.97,22.86,86.41,1.04,1.69,17.87
20241204,25.48,29.88,22.04,85.78,1.35,1.4,17.66
20241205,25.19,29.27,22.06,87.05,1.41,1.15,17.14
20241206,25.26,29.62,21.72,86.36,0.14,1.52,19.58
20241207,25.42,30.11,22.07,85.83,0.04,1.56,19.57
20241208,24.62,28.28,21.28,86.75,0.07,1.31,18.77
20241209,25.17,30.28,20.89,83.38,0.01,1.53,17.5
20241210,25.04,29.9,21.44,83.01,0.0,1.85,17.27
20241211,24.38,28.07,21.91,87.92,3.41,2.42,9.48
20241212,23.9,26.48,22.26,92.39,43.68,2.98,8.12
20241213,24.19,26.09,22.78,95.53,48.14,3.23,10.01
20241214,23.98,27.91,21.24,90.2,17.15,2.85,8.09
20241215,22.59,27.14,19.08,86.01,0.95,2.39,20.68
20241216,22.53,26.34,19.99,86.52,0.0,1.93,15.66
20241217,24.19,29.06,19.97,82.32,0.0,1.64,14.35
20241218,25.16,30.19,20.48,83.22,0.0,1.23,17.73
20241219,25.94,30.01,22.02,82.81,0.0,0.92,15.19
20241220,26.56,30.95,22.79,80.38,0.05,0.75,18.04
20241221,26.15,30.54,22.06,82.28,1.76,1.03,17.81
20241222,25.13,28.71,22.63,87.96,4.87,1.37,17.4
20241223,24.78,29.03,21.75,84.69,1.63,1.05,14.01
20241224,25.13,29.96,20.51,77.93,0.03,0.61,19.6
20241225,24.96,29.55,20.61,80.77,0.0,0.97,19.36
20241226,25.31,30.08,21.89,85.88,0.06,1.59,15.57
20241227,24.85,29.63,21.54,89.21,4.06,2.22,15.51
20241228,23.93,28.34,21.06,85.81,0.43,2.26,17.33
20241229,24.16,28.94,20.05,85.52,0.13,2.37,19.14
20241230,24.25,28.01,21.48,89.8,2.63,2.77,11.09
20241231,24.4,28.76,21.62,88.12,1.85,3.56,12.3
20250101,23.2,28.2,19.55,83.57,0.05,2.99,18.87
20250102,22.44,27.95,17.55,84.41,0.0,2.46,17.75
20250103,22.04,27.69,17.54,84.23,0.0,2.9,18.99
20250104,21.93,27.77,16.84,83.22,0.0,2.08,20.28
20250105,22.07,28.39,16.42,80.13,0.0,1.87,20.36
20250106,21.9,28.08,16.45,79.54,0.0,1.85,19.5
20250107,22.8,28.84,16.93,83.05,0.02,1.7,16.42
20250108,22.78,28.57,18.54,82.06,0.0,1.94,16.42
20250109,22.77,28.83,16.85,82.89,0.0,2.19,18.98
20250110,23.91,29.52,18.87,83.28,0.0,2.55,14.24
20250111,24.02,29.86,20.25,80.48,0.08,2.56,12.13
20250112,24.37,29.55,20.16,82.22,0.17,2.7,12.09
20250113,25.4,30.22,22.14,83.57,0.64,2.41,15.3
20250114,24.29,28.63,21.09,83.57,1.6,2.78,10.73
20250115,23.86,28.74,20.84,83.92,1.24,3.38,9.31
20250116,23.34,28.46,20.03,82.01,0.02,2.93,14.91
20250117,23.14,28.98,19.02,80.35,0.0,2.93,20.71
20250118,22.35,26.36,18.76,88.08,8.27,2.63,11.18
20250119,23.52,26.96,21.07,89.63,7.22,2.52,7.79
20250120,24.25,29.84,19.84,82.18,0.69,2.44,13.44
20250121,22.97,29.24,17.83,79.22,0.0,2.26,18.98
20250122,23.92,30.52,18.42,80.25,0.17,2.31,10.71
20250123,24.08,30.31,19.56,79.71,0.17,2.23,15.39
20250124,23.24,29.58,17.79,79.03,0.0,2.3,18.99
20250125,24.04,30.28,19.33,77.46,0.0,2.47,15.28
20250126,23.09,29.86,18.56,77.69,0.0,2.64,20.35
20250127,23.19,30.31,16.79,74.88,0.0,2.23,20.81
20250128,23.72,30.65,17.71,71.42,0.0,1.88,19.88
20250129,23.87,30.99,17.64,71.09,0.0,2.26,14.6
20250130,24.17,28.3,20.25,81.53,0.1,2.06,11.57
20250131,25.57,30.98,21.63,82.98,0.46,1.76,16.26
20250201,26.35,32.52,21.88,78.94,0.05,1.97,20.41
20250202,26.11,33.16,21.45,74.28,0.0,1.77,21.89
20250203,25.14,32.68,20.3,72.71,0.0,1.56,23.32
20250204,24.23,32.47,17.85,71.55,0.0,1.91,22.36
20250205,24.4,31.94,18.8,75.83,0.0,2.02,19.65
20250206,24.46,32.34,18.37,74.35,0.0,1.99,21.58
20250207,23.99,32.24,17.77,71.31,0.0,2.01,22.55
20250208,24.4,32.15,18.33,75.2,0.0,2.26,19.36
20250209,25.04,32.73,19.76,73.28,0.0,2.32,20.72
20250210,24.98,32.8,19.42,71.55,0.0,2.17,20.63
20250211,24.87,33.12,18.52,70.02,0.0,1.79,23.98
20250212,25.27,33.76,19.44,71.31,0.0,1.96,21.61
20250213,24.77,34.07,18.15,67.47,0.0,1.83,24.78
20250214,24.67,34.41,17.03,65.33,0.0,1.65,25.38
20250215,25.39,34.54,17.86,63.98,0.0,1.79,25.1
20250216,25.43,34.24,18.06,66.17,0.0,1.96,25.31
20250217,25.22,34.08,18.4,67.01,0.0,1.93,24.87
20250218,25.32,34.36,17.64,67.01,0.0,1.95,24.69
20250219,25.98,34.93,19.25,66.58,0.0,1.62,24.01
20250220,26.23,34.98,19.05,66.49,0.0,1.75,23.97
20250221,26.46,35.33,19.57,65.45,0.0,2.12,24.38
20250222,26.96,35.57,20.37,64.17,0.0,2.03,24.47
20250223,27.04,36.17,19.14,61.73,0.0,2.28,25.08
20250224,26.87,35.47,19.98,63.46,0.0,2.48,24.04
20250225,26.79,34.76,20.63,68.34,1.04,2.78,12.91
20250226,26.84,33.64,21.8,68.77,2.04,3.29,15.77
20250227,27.36,35.45,21.77,66.28,0.41,3.31,20.39
20250228,26.44,33.36,21.13,74.68,5.0,3.13,17.53
20250301,26.98,32.26,23.22,78.44,5.79,2.94,17.79
20250302,27.41,33.41,22.78,74.21,0.55,2.18,18.86
20250303,28.27,35.67,23.3,68.39,0.05,1.84,17.99
20250304,27.89,36.72,21.19,62.11,0.0,1.78,23.15
20250305,28.15,37.4,21.4,54.45,0.0,1.64,25.9
20250306,28.38,36.83,21.63,53.24,0.0,1.54,25.38
20250307,28.56,37.01,21.76,57.52,0.04,1.6,24.21
20250308,28.99,37.62,22.66,61.46,0.42,1.68,23.1
20250309,27.95,36.41,21.56,57.04,0.05,2.04,25.3
20250310,27.4,36.38,19.02,61.24,0.03,2.9,24.44
20250311,26.85,32.31,23.6,78.24,10.42,3.75,6.6
20250312,25.92,29.3,23.48,83.07,15.23,1.49,11.33
20250313,27.92,35.99,22.0,69.18,1.45,1.55,25.57
20250314,28.18,36.68,21.19,64.89,0.0,1.63,25.4
20250315,28.52,37.05,21.77,62.27,0.0,1.48,25.26
20250316,28.39,35.37,22.78,68.47,1.35,1.65,20.82
20250317,29.06,35.76,24.14,67.3,1.28,1.31,22.9
20250318,29.07,35.89,24.47,66.38,0.15,1.73,25.46
20250319,28.87,35.87,23.6,66.76,0.09,2.07,23.18
20250320,28.6,35.31,23.93,65.93,0.27,2.04,25.27
20250321,28.89,35.18,23.97,68.95,0.37,1.98,20.13
20250322,28.73,35.02,23.84,71.83,1.75,1.96,18.41
20250323,28.27,33.73,24.15,72.85,1.92,1.7,22.5
20250324,29.05,36.3,23.94,66.32,0.39,1.96,23.9
20250325,29.05,37.44,23.29,60.79,0.23,1.74,25.18
20250326,29.08,37.45,22.46,56.1,0.04,1.71,24.66
20250327,30.3,38.13,22.99,54.09,0.15,1.48,22.39
20250328,30.53,38.35,25.04,54.44,0.0,1.91,20.3
20250329,29.75,38.63,23.03,48.93,0.0,1.99,24.73
20250330,29.3,38.44,22.28,41.64,0.0,1.8,24.71
20250331,29.64,37.67,23.04,49.69,0.02,1.87,23.51
20250401,29.55,36.66,24.1,57.62,0.95,1.82,21.39
20250402,28.52,34.46,24.6,68.81,16.44,1.95,20.93
20250403,27.26,32.28,23.86,77.25,18.63,1.47,20.61
20250404,28.35,35.23,23.14,63.85,4.2,1.68,20.46
20250405,28.78,36.01,22.94,66.46,4.49,1.49,23.28
20250406,28.24,33.24,24.3,75.07,16.59,0.99,23.41
20250407,27.34,31.08,24.83,81.02,15.35,1.01,23.71
20250408,28.41,34.32,23.97,71.33,0.1,1.28,24.79
20250409,28.13,33.4,24.05,69.85,0.2,1.35,22.66
20250410,29.41,35.58,24.14,65.34,0.09,1.33,18.67
20250411,29.67,36.46,23.92,65.85,3.04,1.31,23.34
20250412,29.67,36.02,24.67,67.03,3.21,1.12,23.63
20250413,30.43,37.67,24.33,62.11,0.35,1.6,24.41
20250414,30.15,37.18,24.33,63.23,1.6,1.75,24.47
20250415,28.6,34.07,24.93,70.25,1.15,1.46,24.83
20250416,30.16,37.65,24.22,63.52,0.03,1.14,23.7
20250417,30.19,36.31,25.15,66.16,0.17,1.33,23.19
20250418,30.85,37.33,25.52,64.57,0.58,1.18,23.67
20250419,30.96,37.34,25.42,62.72,0.11,1.31,22.82
20250420,29.68,34.11,25.81,67.71,0.9,1.08,23.25
20250421,29.86,35.11,25.1,66.31,0.44,1.52,22.78
20250422,29.98,36.13,25.65,64.01,0.33,1.31,21.85
20250423,30.09,37.09,24.36,60.65,0.19,1.18,22.76
20250424,30.77,37.58,25.19,62.57,0.25,1.63,23.32
20250425,29.85,34.14,26.5,71.73,0.13,1.13,21.17
20250426,29.1,32.73,26.21,76.0,0.58,1.38,17.01
20250427,28.39,32.36,25.61,78.28,4.23,1.29,19.29
20250428,27.9,31.98,24.57,76.04,3.14,1.6,20.03
20250429,29.05,34.56,24.94,71.88,0.94,1.87,21.09
20250430,28.31,32.12,24.97,78.06,0.73,1.99,23.35
20250501,29.07,34.15,24.81,71.4,0.03,1.93,20.68
20250502,29.67,34.58,25.31,70.94,0.5,1.02,21.81
20250503,30.18,35.4,26.48,69.4,0.5,1.24,24.32
20250504,30.64,35.76,26.25,62.6,1.1,1.58,24.25
20250505,28.94,32.75,26.01,72.34,3.77,1.0,23.92
20250506,30.17,36.13,24.98,65.34,1.99,1.06,22.68
20250507,29.25,33.59,25.54,70.02,4.97,1.5,22.6
20250508,29.83,35.85,25.41,67.09,3.7,0.79,23.94
20250509,30.36,36.54,25.27,63.52,0.13,1.53,23.15
20250510,30.62,36.44,26.27,64.44,0.93,0.71,21.4
20250511,31.1,36.47,26.46,61.29,0.29,0.96,23.14
20250512,31.23,37.08,26.3,61.81,1.02,1.29,25.03
20250513,30.79,36.34,27.0,67.77,3.81,1.32,25.23
20250514,29.2,33.13,26.4,73.55,5.57,1.77,22.24
20250515,29.99,36.44,25.29,68.11,19.08,1.58,20.9
20250516,30.48,36.85,25.84,65.69,6.14,1.34,22.24
20250517,28.34,32.86,25.51,71.72,7.77,2.01,9.44
20250518,27.93,31.57,24.95,76.27,19.28,1.22,17.12
20250519,29.09,34.97,25.22,71.16,6.28,1.72,17.62
20250520,28.7,34.12,25.25,70.07,0.94,2.11,20.81
20250521,29.21,36.51,24.33,61.86,0.4,2.69,23.24
20250522,30.4,38.3,24.48,61.41,0.1,1.81,21.49
20250523,29.6,34.65,25.33,69.62,3.01,2.49,23.34
20250524,29.27,34.43,26.07,66.84,3.69,3.79,16.83
20250525,28.29,31.9,25.32,72.22,3.98,3.53,12.9
20250526,29.12,34.42,24.93,67.67,6.53,3.85,13.26
20250527,29.34,34.14,25.95,71.61,3.13,3.68,16.5
20250528,30.03,35.2,26.48,66.32,1.35,4.22,20.28
20250529,28.93,33.17,26.06,65.88,3.17,4.0,17.28
20250530,28.09,32.1,25.43,64.17,1.16,3.95,14.77
20250531,28.98,35.77,24.73,61.2,0.17,3.17,14.02
20250601,29.77,37.78,23.81,64.46,1.84,1.95,22.03
20250602,29.48,35.1,24.46,69.27,1.23,1.67,21.57
20250603,29.41,35.23,25.02,66.26,1.0,1.99,21.16
20250604,29.39,36.88,24.3,62.61,0.59,2.36,21.3
20250605,30.74,38.11,22.99,55.49,0.22,1.28,23.86
20250606,30.54,35.75,26.28,65.13,2.33,1.07,20.53
20250607,30.95,37.28,25.82,64.17,0.78,1.35,22.77
20250608,30.88,37.01,25.69,61.18,0.25,1.21,22.62
20250609,28.58,32.13,26.13,73.26,0.39,1.89,21.13
20250610,29.87,37.06,25.09,64.04,0.83,2.5,20.81
20250611,28.81,33.92,25.0,67.41,2.0,2.6,18.61
20250612,29.64,36.03,24.6,65.54,1.8,2.92,20.25
20250613,29.34,36.03,24.87,61.61,1.44,3.8,20.08
20250614,28.73,34.22,24.94,65.11,1.44,3.64,19.09
20250615,27.33,31.35,24.67,68.53,2.85,3.93,20.07
20250616,29.14,35.15,24.68,61.14,0.78,3.91,15.96
20250617,28.93,34.36,25.06,65.45,1.9,2.79,19.64
20250618,29.57,36.26,24.31,64.61,0.4,2.19,21.07
20250619,29.48,35.76,25.34,63.7,0.35,3.08,21.19
20250620,28.8,35.08,24.62,66.32,0.59,2.0,22.61
20250621,28.86,33.95,24.52,68.63,0.15,1.84,21.7
20250622,29.17,35.1,24.26,67.04,3.95,2.22,20.09
20250623,28.77,34.95,24.57,57.49,0.28,3.72,16.06
20250624,29.18,35.03,24.2,62.05,0.51,3.65,22.44
20250625,29.25,34.69,25.45,62.81,2.17,2.8,18.77
20250626,29.14,34.77,25.32,63.03,0.19,2.93,17.75
20250627,29.11,35.65,24.87,59.49,1.25,2.75,22.66
20250628,29.08,34.44,25.55,61.6,0.36,2.64,20.25
20250629,29.14,34.89,25.35,59.76,0.04,2.88,20.67
20250630,28.88,34.59,24.45,65.27,0.08,2.1,21.62
20250701,28.8,34.02,24.69,65.49,0.21,2.18,19.78
20250702,29.26,36.65,24.01,58.75,0.46,3.46,18.8
20250703,28.99,35.99,23.72,57.79,0.14,3.2,16.94
20250704,28.33,33.66,24.32,60.9,0.18,2.48,23.55
20250705,29.16,36.11,23.83,61.43,0.17,2.87,23.0
20250706,29.72,36.33,24.82,59.65,0.2,3.36,23.98
20250707,29.92,36.61,24.76,60.4,0.17,3.01,23.32
20250708,30.36,37.13,24.99,58.11,0.11,2.85,22.37
20250709,30.83,38.32,24.58,56.73,0.11,3.15,22.32
20250710,30.69,36.72,25.38,57.0,0.63,2.59,21.71
20250711,29.89,34.49,26.43,60.95,1.75,2.61,20.87
20250712,29.61,35.2,26.01,63.23,3.15,3.01,22.13
20250713,28.99,33.66,25.41,62.7,0.29,2.31,21.48
20250714,29.31,35.54,24.65,55.01,0.08,3.64,22.83
20250715,29.66,35.71,24.55,55.67,0.23,3.0,22.05
20250716,29.41,35.87,25.06,61.21,5.77,2.93,18.28
20250717,28.87,34.74,24.69,61.91,0.42,2.97,19.03
20250718,28.89,34.76,24.86,65.87,1.27,2.28,16.81
20250719,28.14,33.04,24.0,64.77,2.16,4.3,14.18
20250720,28.08,33.23,23.98,60.15,0.82,3.79,14.17
20250721,28.64,35.09,23.34,61.81,0.74,2.91,16.79
20250722,29.41,36.31,24.43,62.12,0.78,3.17,16.89
20250723,29.58,36.35,24.79,58.33,0.72,4.02,18.0
20250724,29.46,35.55,24.56,53.97,1.37,4.41,13.72
20250725,28.41,33.35,24.69,56.58,0.69,4.1,15.91
20250726,28.35,34.24,23.99,62.7,1.68,3.33,15.47
20250727,29.02,35.37,24.57,59.72,0.55,3.45,22.76
20250728,29.74,37.48,23.07,53.78,0.01,3.71,22.36
20250729,30.24,37.83,24.38,53.19,0.0,4.34,24.1
20250730,31.04,38.61,24.19,51.99,0.09,4.04,21.67
20250731,30.7,35.65,26.88,55.42,1.38,2.95,20.24
20250801,29.76,35.29,25.75,60.16,2.39,1.81,20.04
20250802,26.87,29.0,25.34,79.43,5.81,1.96,17.41
20250803,27.26,30.38,24.76,77.06,2.9,1.41,11.5
20250804,28.8,34.25,24.51,69.77,4.59,1.41,19.27
20250805,28.29,33.86,25.06,73.82,7.23,1.91,21.24
20250806,28.65,34.69,24.73,68.32,2.9,1.76,21.82
20250807,29.39,35.0,24.24,65.09,0.53,1.56,21.49
20250808,28.48,32.95,25.34,69.34,1.15,1.54,19.45
20250809,27.27,30.77,25.03,78.23,1.52,1.28,15.37
20250810,26.93,29.96,24.55,79.27,21.45,1.55,18.5
20250811,28.28,34.34,24.28,66.57,0.29,2.19,10.68
20250812,28.02,34.02,23.45,64.4,0.43,2.39,19.34
20250813,27.68,33.54,23.11,61.21,0.65,2.7,15.96
20250814,27.89,35.23,22.97,61.73,0.59,2.84,21.05
20250815,28.11,35.2,23.29,61.38,1.29,3.65,18.38
20250816,27.75,31.69,24.9,66.46,1.08,3.41,21.61
20250817,28.03,33.96,24.28,66.68,1.44,3.35,15.51
20250818,28.24,33.72,24.08,64.58,0.2,3.2,18.42
20250819,29.1,36.64,23.13,59.61,0.06,3.38,26.03
20250820,28.01,34.28,23.82,62.95,0.03,1.66,25.75
20250821,29.77,37.31,22.39,60.48,1.45,1.33,24.99
20250822,29.7,35.16,25.38,64.56,1.37,0.79,18.18
20250823,28.66,34.0,24.91,67.79,4.02,1.42,18.2
20250824,29.08,35.37,23.62,66.76,8.05,1.09,24.2
20250825,29.69,35.34,24.44,63.99,1.26,1.36,25.27
20250826,30.17,37.44,24.93,59.24,0.08,2.35,23.53
20250827,28.84,34.87,24.35,64.68,0.67,2.55,20.75
20250828,27.8,32.19,24.55,69.74,1.38,2.64,22.49
20250829,29.03,36.44,23.84,58.99,0.66,2.96,23.14
20250830,29.12,36.27,23.92,64.29,2.73,2.36,20.37
20250831,28.77,34.02,24.84,68.86,3.26,1.74,21.15
20250901,29.51,35.91,25.0,60.24,0.19,2.9,18.95
20250902,29.79,37.2,24.28,57.93,0.05,3.0,20.05
20250903,28.69,34.71,24.29,64.45,0.45,2.06,21.25
20250904,29.65,36.32,24.76,61.37,0.23,2.04,21.41
20250905,29.8,36.61,24.04,63.48,2.16,1.39,19.12
20250906,30.55,37.43,24.78,63.48,1.72,1.21,19.32
20250907,28.38,31.78,25.44,71.28,4.17,1.81,20.48
20250908,29.51,36.42,24.7,65.84,2.6,1.5,18.48
20250909,28.83,32.63,25.61,72.0,10.84,1.28,19.78
20250910,28.09,31.94,25.11,77.94,29.56,1.04,20.22
20250911,28.22,33.61,24.07,73.77,7.47,0.95,19.84
20250912,27.84,31.32,24.81,75.66,3.41,0.86,20.98
20250913,28.79,33.73,24.46,65.01,0.03,0.76,21.87
20250914,29.34,36.22,23.25,62.48,0.79,1.07,22.55
20250915,29.39,35.92,24.28,65.25,4.96,1.25,21.43
20250916,28.62,33.83,24.9,74.16,8.27,0.58,21.53
20250917,27.56,31.14,24.95,78.63,11.96,1.09,12.45
20250918,27.71,31.63,24.23,76.75,3.39,1.32,18.36
20250919,27.72,33.11,23.94,69.77,1.01,1.3,14.76
20250920,27.9,34.19,22.69,64.33,0.23,1.17,19.7
20250921,28.86,35.59,23.66,67.38,1.46,1.34,18.11
20250922,28.8,34.47,24.25,71.25,0.31,1.45,19.78
20250923,28.85,34.26,24.62,69.79,0.32,1.93,20.12
20250924,28.89,35.56,24.03,68.08,0.34,2.09,16.62
20250925,27.91,33.82,23.71,71.02,12.21,2.18,18.01
20250926,27.52,34.17,23.2,68.47,1.47,2.79,19.76
20250927,27.5,34.6,22.44,65.0,0.73,3.05,21.34
20250928,26.78,32.19,22.76,69.25,0.27,2.84,19.21
20250929,28.14,35.08,23.0,68.95,0.35,2.32,21.28
20250930,27.97,34.1,22.81,69.28,0.01,1.6,20.07
20251001,29.28,36.91,22.86,64.41,0.0,1.74,22.83
20251002,29.0,33.97,24.53,67.16,0.84,0.94,23.2
20251003,27.55,30.9,24.33,74.88,6.06,1.11,22.6
20251004,28.47,33.19,24.5,68.13,1.08,0.98,12.47
20251005,28.49,33.9,23.96,69.36,5.69,1.23,19.95
20251006,28.21,32.97,24.47,71.12,1.12,1.03,21.93
20251007,27.99,32.17,24.07,71.23,0.84,0.6,15.98
20251008,28.33,33.92,24.4,70.35,0.66,1.29,17.5
20251009,27.59,32.05,24.02,78.62,8.31,1.27,20.0
20251010,27.6,33.08,23.21,76.07,5.42,1.41,19.72
20251011,28.84,35.38,24.01,71.89,3.58,1.77,21.3
20251012,27.72,32.37,24.26,77.93,3.7,1.78,20.84
20251013,28.13,34.28,23.68,74.1,2.05,1.69,19.61
20251014,27.17,32.28,23.73,79.29,7.57,2.24,13.84
20251015,26.29,29.9,23.77,85.8,9.83,1.71,16.67
20251016,25.73,28.47,24.0,89.07,8.1,2.06,7.93
20251017,26.15,29.18,24.0,90.92,13.44,2.3,15.1
20251018,25.84,28.44,24.18,90.63,17.08,1.99,18.87
20251019,25.49,28.21,23.63,90.44,10.56,2.26,17.59
20251020,25.13,27.72,23.45,90.56,16.31,1.53,7.16
20251021,25.13,28.09,22.92,88.95,26.73,1.05,4.01
20251022,25.29,28.74,22.92,88.8,22.86,2.22,21.16
20251023,25.9,29.93,22.48,85.85,1.46,1.69,16.85
20251024,26.18,29.38,23.65,86.11,15.08,1.57,11.92
20251025,26.78,31.34,23.11,80.57,2.99,0.7,19.4
20251026,26.59,30.09,23.42,83.8,0.07,0.63,17.12
20251027,25.87,29.39,23.38,85.08,2.28,1.43,8.49
20251028,26.6,31.57,23.47,80.44,0.59,1.71,16.35
20251029,26.94,32.11,23.07,80.87,0.3,1.76,22.66
20251030,27.66,33.04,22.71,74.72,0.02,0.67,23.08
20251031,27.6,32.9,22.6,75.26,0.0,0.91,23.48
20251101,27.57,32.67,23.7,75.81,0.0,0.98,21.02
20251102,28.07,33.81,23.06,73.77,0.0,0.61,21.97
20251103,27.93,33.57,22.65,73.29,0.0,1.1,19.45
20251104,27.63,31.64,23.59,75.24,0.0,1.12,18.89
20251105,27.15,31.02,24.08,78.32,1.47,0.81,19.23
20251106,26.86,31.42,23.53,80.31,6.45,1.39,17.59
20251107,26.37,30.43,23.75,81.88,0.16,0.66,13.62
20251108,26.04,30.05,22.97,82.31,8.53,1.17,15.85
20251109,25.37,28.9,22.32,76.47,3.02,1.13,7.2
20251110,25.35,29.44,22.5,79.28,0.42,0.98,11.29
20251111,25.86,30.31,22.76,82.77,3.14,1.23,13.88
20251112,25.83,30.63,22.4,83.47,1.36,1.92,14.35
20251113,25.44,30.6,21.93,84.23,1.94,2.16,12.24
20251114,24.89,30.12,21.33,82.81,1.19,2.44,14.39
20251115,24.41,30.5,19.25,75.66,0.08,2.12,18.77
20251116,24.76,28.95,21.77,83.91,0.27,2.56,13.18
20251117,23.87,26.83,21.73,85.75,1.73,2.83,9.03
20251118,23.83,27.88,20.9,89.04,10.96,2.35,9.84
20251119,25.01,30.04,21.8,84.97,1.8,2.34,19.06
20251120,25.39,31.22,20.56,78.7,0.04,2.4,20.44
20251121,25.76,30.07,22.93,85.22,6.07,2.19,16.67
20251122,24.98,28.15,23.16,91.05,9.48,2.19,12.1
20251123,24.91,28.0,22.91,92.01,47.31,2.19,11.54
20251124,24.23,26.46,22.74,94.0,14.08,2.27,9.19
20251125,24.03,27.33,21.76,89.29,1.49,2.91,15.5
20251126,23.05,26.03,20.5,89.21,0.13,2.96,10.65
20251127,23.16,26.77,20.43,84.59,0.23,3.14,10.04
20251128,21.87,24.33,20.07,87.32,10.24,3.07,3.4
20251129,21.99,24.89,19.81,88.46,35.36,3.24,5.14
20251130,23.87,27.11,20.8,85.38,2.51,2.17,14.5
20251201,25.27,29.83,21.25,84.13,3.58,1.23,15.43
20251202,24.77,28.48,22.37,89.22,20.87,1.16,16.96
20251203,24.61,28.68,22.03,83.84,5.11,1.27,10.99
20251204,24.72,28.88,21.29,85.29,4.08,1.04,15.47
20251205,24.4,27.83,22.61,91.23,3.31,2.6,14.55
20251206,24.35,28.25,21.78,89.01,2.15,2.51,17.3
20251207,23.8,28.08,20.82,88.96,1.17,2.38,12.86
20251208,23.14,27.72,19.82,86.33,0.04,2.23,19.99
20251209,22.92,27.17,18.18,88.86,0.05,2.58,14.08
20251210,23.05,27.32,19.77,85.63,0.23,2.72,11.64
20251211,22.57,27.46,18.5,85.79,0.0,2.41,17.89
20251212,22.9,27.69,19.29,85.72,0.06,2.48,16.06
20251213,21.59,27.14,17.36,82.62,0.01,2.29,19.74
20251214,20.4,26.63,15.15,80.15,0.0,2.02,21.51
20251215,20.69,26.95,14.86,82.2,0.01,1.93,21.94
20251216,23.34,28.28,18.92,88.87,2.79,2.63,9.32
20251217,24.55,28.94,20.0,87.53,3.85,3.09,10.22
20251218,21.34,26.56,17.52,86.74,0.02,2.61,18.85
20251219,21.07,27.09,15.91,83.77,0.0,2.05,17.8
20251220,20.75,26.62,15.35,80.92,0.0,1.74,19.8
20251221,21.25,27.86,15.45,82.02,0.0,1.93,20.36
20251222,21.26,27.5,15.75,81.23,0.0,2.03,17.74
20251223,21.97,28.32,15.91,81.89,0.0,1.8,21.04
20251224,22.17,28.48,17.12,80.24,0.0,1.7,20.44
20251225,21.65,27.94,16.58,79.95,0.0,1.62,20.56
20251226,22.96,28.84,17.81,82.43,0.0,2.22,18.73
20251227,22.7,28.77,17.73,80.09,0.0,1.97,20.79
20251228,22.97,29.18,17.37,81.6,0.0,1.8,18.89
20251229,23.39,29.47,18.56,83.36,0.0,2.0,16.04
20251230,23.85,30.38,18.65,79.01,0.0,1.57,19.12
20251231,25.17,31.14,20.17,81.23,0.7,1.3,14.38
20260101,24.15,25.96,22.53,93.45,8.49,1.56,13.65
